semana,sku_interno,precio,precio_normal,fecha_act
2026-W36,Prueba1,1190.0,1790.0,03/09/2026 15:21 hrs
2026-W35,TC-001,1950.0,1950.0,30/08/2026 23:45 hrs
2026-W36,TC-001,1950.0,1950.0,06/09/2026 19:16 hrs
2026-W37,TC-001,1950.0,1950.0,13/09/2026 19:33 hrs
2026-W38,TC-001,1950.0,1950.0,20/09/2026 19:35 hrs
2026-W39,TC-001,1960.0,1960.0,27/09/2026 20:12 hrs
2026-W40,TC-001,980.0,1960.0,04/10/2026 20:19 hrs
2026-W41,TC-001,1960.0,1960.0,08/10/2026 07:44 hrs
2026-W35,TC-002,10773.0,15390.0,30/08/2026 23:45 hrs
2026-W36,TC-002,10773.0,15390.0,06/09/2026 19:16 hrs
2026-W37,TC-002,10773.0,15390.0,13/09/2026 19:33 hrs
2026-W38,TC-002,10773.0,15390.0,20/09/2026 19:35 hrs
2026-W39,TC-002,9990.0,15390.0,27/09/2026 20:12 hrs
2026-W40,TC-002,10003.0,15390.0,04/10/2026 20:19 hrs
2026-W41,TC-002,10590.0,15390.0,08/10/2026 07:44 hrs
2026-W35,TC-003,21150.0,21150.0,30/08/2026 23:45 hrs
2026-W36,TC-003,21150.0,21150.0,06/09/2026 19:16 hrs
2026-W37,TC-003,21150.0,21150.0,13/09/2026 19:33 hrs
2026-W38,TC-003,13690.0,13690.0,20/09/2026 19:35 hrs
2026-W39,TC-003,11990.0,13690.0,27/09/2026 20:12 hrs
2026-W40,TC-003,12990.0,12990.0,04/10/2026 20:19 hrs
2026-W41,TC-003,12990.0,12990.0,08/10/2026 07:44 hrs
2026-W35,TC-004,13690.0,13690.0,30/08/2026 23:45 hrs
2026-W36,TC-004,13690.0,13690.0,06/09/2026 19:16 hrs
2026-W37,TC-004,13690.0,13690.0,13/09/2026 19:33 hrs
2026-W38,TC-004,13690.0,13690.0,20/09/2026 19:35 hrs
2026-W39,TC-004,13690.0,13690.0,27/09/2026 20:12 hrs
2026-W40,TC-004,12990.0,12990.0,04/10/2026 20:19 hrs
2026-W41,TC-004,12990.0,12990.0,08/10/2026 07:44 hrs
2026-W35,TC-006,1450.0,3070.0,30/08/2026 23:45 hrs
2026-W36,TC-006,1450.0,3070.0,06/09/2026 19:16 hrs
2026-W37,TC-006,1450.0,3070.0,13/09/2026 19:33 hrs
2026-W38,TC-006,1450.0,3070.0,20/09/2026 19:35 hrs
2026-W39,TC-006,1450.0,3070.0,27/09/2026 20:12 hrs
2026-W40,TC-006,1450.0,3070.0,04/10/2026 20:19 hrs
2026-W41,TC-006,1450.0,3070.0,08/10/2026 07:44 hrs
2026-W35,TC-007,2990.0,4690.0,30/08/2026 23:45 hrs
2026-W36,TC-007,2990.0,4690.0,06/09/2026 19:16 hrs
2026-W37,TC-007,2990.0,4690.0,13/09/2026 19:33 hrs
2026-W38,TC-007,2990.0,4690.0,20/09/2026 19:35 hrs
2026-W39,TC-007,2990.0,4690.0,27/09/2026 20:12 hrs
2026-W40,TC-007,2990.0,4690.0,04/10/2026 20:19 hrs
2026-W41,TC-007,2990.0,4690.0,08/10/2026 07:44 hrs
2026-W35,TC-008,3000.0,4590.0,30/08/2026 23:45 hrs
2026-W36,TC-008,3000.0,4590.0,06/09/2026 19:16 hrs
2026-W37,TC-008,3000.0,4590.0,13/09/2026 19:33 hrs
2026-W38,TC-008,3000.0,4590.0,20/09/2026 19:35 hrs
2026-W39,TC-008,3000.0,4590.0,27/09/2026 20:12 hrs
2026-W40,TC-008,2990.0,4590.0,04/10/2026 20:19 hrs
2026-W41,TC-008,2990.0,4590.0,08/10/2026 07:44 hrs
2026-W35,TC-009,7490.0,11990.0,30/08/2026 23:15 hrs
2026-W36,TC-009,7490.0,11990.0,06/09/2026 19:16 hrs
2026-W37,TC-009,7490.0,11990.0,13/09/2026 19:33 hrs
2026-W38,TC-009,7490.0,11990.0,20/09/2026 19:35 hrs
2026-W39,TC-009,11990.0,11990.0,27/09/2026 20:12 hrs
2026-W40,TC-009,11990.0,11990.0,04/10/2026 20:19 hrs
2026-W41,TC-009,11990.0,11990.0,08/10/2026 07:44 hrs
2026-W35,TC-010,4674.0,7790.0,30/08/2026 16:45 hrs
2026-W36,TC-010,6790.0,7790.0,06/09/2026 19:16 hrs
2026-W37,TC-010,6790.0,7790.0,13/09/2026 19:33 hrs
2026-W38,TC-010,6790.0,7790.0,20/09/2026 19:35 hrs
2026-W39,TC-010,5090.0,8190.0,27/09/2026 20:12 hrs
2026-W40,TC-010,4914.0,8190.0,04/10/2026 20:19 hrs
2026-W41,TC-010,6790.0,8190.0,08/10/2026 07:44 hrs
2026-W35,TC-011,3000.0,4590.0,30/08/2026 23:45 hrs
2026-W36,TC-011,3000.0,4590.0,06/09/2026 19:16 hrs
2026-W37,TC-011,3000.0,4590.0,13/09/2026 19:33 hrs
2026-W38,TC-011,3000.0,4590.0,20/09/2026 19:35 hrs
2026-W39,TC-011,3290.0,4590.0,27/09/2026 20:12 hrs
2026-W40,TC-011,3290.0,4590.0,04/10/2026 20:19 hrs
2026-W41,TC-011,3290.0,4590.0,08/10/2026 07:44 hrs
2026-W35,TC-012,4150.0,5090.0,30/08/2026 23:45 hrs
2026-W36,TC-012,4150.0,5090.0,06/09/2026 19:16 hrs
2026-W37,TC-012,4150.0,5090.0,13/09/2026 19:33 hrs
2026-W38,TC-012,4150.0,5090.0,20/09/2026 19:35 hrs
2026-W39,TC-012,4150.0,5090.0,27/09/2026 20:12 hrs
2026-W40,TC-012,3054.0,5090.0,04/10/2026 20:19 hrs
2026-W41,TC-012,2690.0,5090.0,08/10/2026 07:44 hrs
2026-W35,TC-013,2990.0,2990.0,30/08/2026 23:45 hrs
2026-W36,TC-013,2990.0,2990.0,06/09/2026 19:16 hrs
2026-W37,TC-013,2990.0,2990.0,13/09/2026 19:33 hrs
2026-W38,TC-013,2990.0,2990.0,20/09/2026 19:35 hrs
2026-W39,TC-013,3170.0,3170.0,27/09/2026 20:12 hrs
2026-W40,TC-013,3090.0,3090.0,04/10/2026 13:05 hrs
2026-W41,TC-013,3090.0,3090.0,07/10/2026 21:23 hrs
2026-W35,TC-014,2990.0,3590.0,30/08/2026 23:45 hrs
2026-W36,TC-014,2990.0,3590.0,06/09/2026 19:16 hrs
2026-W37,TC-014,2990.0,3890.0,13/09/2026 19:33 hrs
2026-W38,TC-014,2990.0,3890.0,20/09/2026 19:35 hrs
2026-W39,TC-014,2990.0,3890.0,27/09/2026 20:12 hrs
2026-W40,TC-014,2950.0,3890.0,04/10/2026 20:19 hrs
2026-W41,TC-014,2950.0,3890.0,08/10/2026 07:44 hrs
2026-W35,TC-015,3937.0,5790.0,30/08/2026 23:45 hrs
2026-W36,TC-015,3937.0,5790.0,06/09/2026 19:16 hrs
2026-W37,TC-015,3937.0,5790.0,13/09/2026 19:33 hrs
2026-W38,TC-015,3937.0,5790.0,20/09/2026 19:35 hrs
2026-W39,TC-015,3937.0,5790.0,27/09/2026 20:12 hrs
2026-W40,TC-015,3190.0,5790.0,04/10/2026 20:19 hrs
2026-W41,TC-015,3190.0,5790.0,08/10/2026 07:44 hrs
2026-W35,TC-016,990.0,1740.0,30/08/2026 23:45 hrs
2026-W36,TC-016,990.0,1740.0,06/09/2026 19:16 hrs
2026-W37,TC-016,990.0,1740.0,13/09/2026 12:04 hrs
2026-W38,TC-016,990.0,1740.0,17/09/2026 05:47 hrs
2026-W39,TC-016,990.0,1740.0,27/09/2026 20:12 hrs
2026-W40,TC-016,1131.0,1740.0,04/10/2026 20:19 hrs
2026-W41,TC-016,1740.0,1740.0,08/10/2026 07:44 hrs
2026-W35,TC-017,1190.0,1790.0,30/08/2026 23:45 hrs
2026-W36,TC-017,1190.0,1790.0,06/09/2026 19:16 hrs
2026-W37,TC-017,1190.0,1790.0,13/09/2026 19:33 hrs
2026-W38,TC-017,1190.0,1790.0,20/09/2026 19:35 hrs
2026-W39,TC-017,1190.0,1790.0,27/09/2026 20:12 hrs
2026-W40,TC-017,1790.0,1790.0,04/10/2026 20:19 hrs
2026-W41,TC-017,1790.0,1790.0,08/10/2026 07:44 hrs
2026-W35,TC-018,1690.0,1690.0,30/08/2026 23:45 hrs
2026-W36,TC-018,1690.0,1690.0,06/09/2026 19:16 hrs
2026-W37,TC-018,1850.0,1850.0,13/09/2026 19:33 hrs
2026-W38,TC-018,1850.0,1850.0,20/09/2026 19:35 hrs
2026-W39,TC-018,1860.0,1860.0,27/09/2026 20:12 hrs
2026-W40,TC-018,1860.0,1860.0,04/10/2026 20:19 hrs
2026-W41,TC-018,1860.0,1860.0,08/10/2026 07:44 hrs
2026-W35,TC-019,1990.0,3250.0,30/08/2026 23:45 hrs
2026-W36,TC-019,1990.0,3250.0,06/09/2026 19:16 hrs
2026-W37,TC-019,1990.0,3250.0,13/09/2026 19:33 hrs
2026-W38,TC-019,1990.0,3250.0,20/09/2026 19:35 hrs
2026-W39,TC-019,1990.0,3250.0,27/09/2026 20:12 hrs
2026-W40,TC-019,2047.0,3250.0,04/10/2026 20:19 hrs
2026-W41,TC-019,2750.0,3250.0,08/10/2026 07:44 hrs
2026-W35,TC-020,3150.0,3850.0,30/08/2026 23:45 hrs
2026-W36,TC-020,3150.0,3850.0,06/09/2026 19:16 hrs
2026-W37,TC-020,3150.0,3850.0,13/09/2026 19:33 hrs
2026-W38,TC-020,3150.0,3850.0,20/09/2026 19:35 hrs
2026-W39,TC-020,3150.0,3850.0,27/09/2026 20:12 hrs
2026-W40,TC-020,3150.0,3850.0,28/09/2026 21:31 hrs
2026-W35,TC-021,1790.0,2150.0,30/08/2026 23:45 hrs
2026-W36,TC-021,1790.0,2150.0,06/09/2026 19:16 hrs
2026-W37,TC-021,1790.0,2150.0,13/09/2026 19:33 hrs
2026-W38,TC-021,1790.0,2150.0,20/09/2026 19:35 hrs
2026-W39,TC-021,1790.0,2150.0,27/09/2026 20:12 hrs
2026-W40,TC-021,1397.0,2150.0,04/10/2026 20:19 hrs
2026-W41,TC-021,1850.0,2150.0,08/10/2026 07:44 hrs
2026-W35,TC-022,2090.0,2090.0,30/08/2026 16:15 hrs
2026-W36,TC-022,2090.0,2090.0,06/09/2026 19:16 hrs
2026-W37,TC-022,2090.0,2090.0,13/09/2026 19:33 hrs
2026-W38,TC-022,2090.0,2090.0,20/09/2026 19:35 hrs
2026-W39,TC-022,2130.0,2130.0,27/09/2026 20:12 hrs
2026-W40,TC-022,2130.0,2130.0,04/10/2026 13:05 hrs
2026-W41,TC-022,2130.0,2130.0,08/10/2026 07:44 hrs
2026-W35,TC-023,4490.0,5790.0,30/08/2026 23:45 hrs
2026-W36,TC-023,4490.0,5790.0,06/09/2026 19:16 hrs
2026-W37,TC-023,3900.0,5790.0,13/09/2026 19:33 hrs
2026-W38,TC-023,3900.0,5790.0,20/09/2026 19:35 hrs
2026-W39,TC-023,4053.0,5790.0,27/09/2026 20:12 hrs
2026-W40,TC-023,4490.0,5790.0,04/10/2026 20:19 hrs
2026-W41,TC-023,4490.0,5790.0,08/10/2026 07:44 hrs
2026-W35,TC-024,11600.0,11600.0,30/08/2026 16:45 hrs
2026-W36,TC-024,11600.0,11600.0,06/09/2026 19:16 hrs
2026-W37,TC-024,11600.0,11600.0,13/09/2026 19:33 hrs
2026-W38,TC-024,11600.0,11600.0,20/09/2026 19:35 hrs
2026-W39,TC-024,11600.0,11600.0,27/09/2026 20:12 hrs
2026-W40,TC-024,12190.0,12190.0,04/10/2026 20:19 hrs
2026-W41,TC-024,12190.0,12190.0,08/10/2026 07:44 hrs
2026-W35,TC-025,1974.0,3290.0,30/08/2026 23:45 hrs
2026-W36,TC-025,2700.0,3290.0,06/09/2026 19:16 hrs
2026-W37,TC-025,2700.0,3290.0,13/09/2026 19:33 hrs
2026-W38,TC-025,2700.0,3290.0,20/09/2026 19:35 hrs
2026-W39,TC-025,2303.0,3290.0,27/09/2026 20:12 hrs
2026-W40,TC-025,2303.0,3290.0,04/10/2026 20:19 hrs
2026-W41,TC-025,2790.0,3290.0,08/10/2026 07:44 hrs
2026-W35,TC-026,1590.0,1950.0,30/08/2026 23:15 hrs
2026-W36,TC-026,1170.0,1950.0,06/09/2026 19:16 hrs
2026-W37,TC-026,1590.0,1950.0,13/09/2026 19:33 hrs
2026-W38,TC-026,1590.0,1950.0,20/09/2026 19:35 hrs
2026-W39,TC-026,1365.0,1950.0,27/09/2026 20:12 hrs
2026-W40,TC-026,1365.0,1950.0,04/10/2026 20:19 hrs
2026-W41,TC-026,1590.0,1950.0,08/10/2026 07:44 hrs
2026-W35,TC-027,990.0,1650.0,30/08/2026 23:15 hrs
2026-W36,TC-027,1650.0,1650.0,06/09/2026 19:16 hrs
2026-W37,TC-027,1650.0,1650.0,13/09/2026 19:33 hrs
2026-W38,TC-027,1650.0,1650.0,20/09/2026 19:35 hrs
2026-W39,TC-027,1155.0,1650.0,27/09/2026 20:12 hrs
2026-W40,TC-027,1155.0,1740.0,04/10/2026 20:19 hrs
2026-W41,TC-027,1740.0,1740.0,08/10/2026 07:44 hrs
2026-W35,TC-028,1690.0,1750.0,30/08/2026 23:15 hrs
2026-W36,TC-028,1690.0,1750.0,06/09/2026 19:16 hrs
2026-W37,TC-028,1690.0,1750.0,13/09/2026 19:33 hrs
2026-W38,TC-028,1690.0,1750.0,20/09/2026 19:35 hrs
2026-W39,TC-028,1690.0,1750.0,27/09/2026 20:12 hrs
2026-W40,TC-028,1690.0,1750.0,04/10/2026 20:19 hrs
2026-W41,TC-028,1690.0,1750.0,08/10/2026 07:44 hrs
2026-W35,TC-029,2790.0,3250.0,30/08/2026 23:15 hrs
2026-W36,TC-029,2790.0,3250.0,06/09/2026 19:16 hrs
2026-W37,TC-029,2790.0,3250.0,13/09/2026 19:33 hrs
2026-W38,TC-029,2790.0,3250.0,20/09/2026 19:35 hrs
2026-W39,TC-029,2275.0,3250.0,27/09/2026 20:12 hrs
2026-W40,TC-029,2790.0,3250.0,04/10/2026 20:19 hrs
2026-W41,TC-029,2790.0,3250.0,08/10/2026 07:44 hrs
2026-W35,TC-030,1000.0,1290.0,30/08/2026 16:45 hrs
2026-W36,TC-030,903.0,1290.0,06/09/2026 19:16 hrs
2026-W37,TC-030,1000.0,1290.0,13/09/2026 19:33 hrs
2026-W38,TC-030,1000.0,1290.0,20/09/2026 19:35 hrs
2026-W39,TC-030,1000.0,1290.0,27/09/2026 20:12 hrs
2026-W40,TC-030,1000.0,1290.0,04/10/2026 20:19 hrs
2026-W41,TC-030,1290.0,1290.0,08/10/2026 07:44 hrs
2026-W35,TC-031,1290.0,1590.0,30/08/2026 16:15 hrs
2026-W36,TC-031,1290.0,1590.0,06/09/2026 19:16 hrs
2026-W37,TC-031,1290.0,1590.0,13/09/2026 19:33 hrs
2026-W38,TC-031,1290.0,1590.0,20/09/2026 19:35 hrs
2026-W39,TC-031,1220.0,1830.0,27/09/2026 20:12 hrs
2026-W40,TC-031,1220.0,1830.0,04/10/2026 20:19 hrs
2026-W41,TC-031,1220.0,1830.0,08/10/2026 07:44 hrs
2026-W35,TC-032,2790.0,2790.0,30/08/2026 23:45 hrs
2026-W36,TC-032,1674.0,2790.0,06/09/2026 19:16 hrs
2026-W37,TC-032,2790.0,2790.0,13/09/2026 19:33 hrs
2026-W38,TC-032,2790.0,2790.0,20/09/2026 19:35 hrs
2026-W39,TC-032,1953.0,2790.0,27/09/2026 20:12 hrs
2026-W40,TC-032,1953.0,2790.0,04/10/2026 20:19 hrs
2026-W41,TC-032,2790.0,2790.0,08/10/2026 07:44 hrs
2026-W35,TC-033,1770.0,2950.0,30/08/2026 16:45 hrs
2026-W36,TC-033,2490.0,2950.0,06/09/2026 19:16 hrs
2026-W37,TC-033,2490.0,2950.0,13/09/2026 19:33 hrs
2026-W38,TC-033,2490.0,2950.0,20/09/2026 19:35 hrs
2026-W39,TC-033,2065.0,2950.0,27/09/2026 20:12 hrs
2026-W40,TC-033,1770.0,2950.0,04/10/2026 20:19 hrs
2026-W41,TC-033,2490.0,2950.0,08/10/2026 07:44 hrs
2026-W35,TC-034,1000.0,1000.0,27/08/2026 21:21 hrs
2026-W35,TC-035,2000.0,2000.0,30/08/2026 23:45 hrs
2026-W36,TC-035,2000.0,2000.0,06/09/2026 19:16 hrs
2026-W37,TC-035,2000.0,2000.0,13/09/2026 19:33 hrs
2026-W38,TC-035,2000.0,2000.0,20/09/2026 19:35 hrs
2026-W39,TC-035,2000.0,2000.0,27/09/2026 20:12 hrs
2026-W40,TC-035,2000.0,2000.0,04/10/2026 20:19 hrs
2026-W41,TC-035,1700.0,2000.0,08/10/2026 07:44 hrs
2026-W35,TC-036,1000.0,1000.0,30/08/2026 23:45 hrs
2026-W36,TC-036,1000.0,1000.0,06/09/2026 19:16 hrs
2026-W37,TC-036,1000.0,1000.0,13/09/2026 19:33 hrs
2026-W38,TC-036,1000.0,1000.0,20/09/2026 19:35 hrs
2026-W39,TC-036,1000.0,1000.0,27/09/2026 20:12 hrs
2026-W40,TC-036,1000.0,1000.0,04/10/2026 20:19 hrs
2026-W41,TC-036,1000.0,1000.0,08/10/2026 07:44 hrs
2026-W35,TC-037,1290.0,1290.0,30/08/2026 23:45 hrs
2026-W36,TC-037,1290.0,1290.0,06/09/2026 19:16 hrs
2026-W37,TC-037,1290.0,1290.0,13/09/2026 19:33 hrs
2026-W38,TC-037,1290.0,1290.0,20/09/2026 19:35 hrs
2026-W39,TC-037,1290.0,1290.0,27/09/2026 20:12 hrs
2026-W40,TC-037,1290.0,1290.0,04/10/2026 20:19 hrs
2026-W41,TC-037,1290.0,1290.0,08/10/2026 07:44 hrs
2026-W35,TC-038,1890.0,1890.0,30/08/2026 23:45 hrs
2026-W36,TC-038,1890.0,1890.0,06/09/2026 19:16 hrs
2026-W37,TC-038,1890.0,1890.0,13/09/2026 19:33 hrs
2026-W38,TC-038,1890.0,1890.0,20/09/2026 19:35 hrs
2026-W39,TC-038,2000.0,2000.0,27/09/2026 20:12 hrs
2026-W40,TC-038,2000.0,2000.0,04/10/2026 20:19 hrs
2026-W41,TC-038,2000.0,2000.0,08/10/2026 07:44 hrs
2026-W35,TC-039,7390.0,11690.0,30/08/2026 23:45 hrs
2026-W36,TC-039,7390.0,11690.0,06/09/2026 19:16 hrs
2026-W37,TC-039,7390.0,11690.0,13/09/2026 19:33 hrs
2026-W38,TC-039,7390.0,11690.0,20/09/2026 19:35 hrs
2026-W39,TC-039,7390.0,11690.0,27/09/2026 20:12 hrs
2026-W40,TC-039,7599.0,11690.0,04/10/2026 20:19 hrs
2026-W41,TC-039,7599.0,11690.0,08/10/2026 07:44 hrs
2026-W35,TC-040,10990.0,14390.0,30/08/2026 23:45 hrs
2026-W36,TC-040,10990.0,14390.0,06/09/2026 19:16 hrs
2026-W37,TC-040,10990.0,14390.0,13/09/2026 19:33 hrs
2026-W38,TC-040,10990.0,14390.0,20/09/2026 19:35 hrs
2026-W39,TC-040,10990.0,14390.0,27/09/2026 20:12 hrs
2026-W40,TC-040,10073.0,14390.0,04/10/2026 20:19 hrs
2026-W41,TC-040,14390.0,14390.0,08/10/2026 07:44 hrs
2026-W35,TC-041,9490.0,9490.0,30/08/2026 23:45 hrs
2026-W36,TC-041,9490.0,9490.0,06/09/2026 19:16 hrs
2026-W37,TC-041,10290.0,10290.0,13/09/2026 19:33 hrs
2026-W38,TC-041,10290.0,10290.0,20/09/2026 19:35 hrs
2026-W39,TC-041,10890.0,10890.0,27/09/2026 20:12 hrs
2026-W40,TC-041,7623.0,10890.0,04/10/2026 20:19 hrs
2026-W41,TC-041,7850.0,10890.0,08/10/2026 07:44 hrs
2026-W35,TC-042,15919.0,24490.0,30/08/2026 23:45 hrs
2026-W36,TC-042,15290.0,24490.0,06/09/2026 19:16 hrs
2026-W37,TC-042,15980.0,24490.0,13/09/2026 19:33 hrs
2026-W38,TC-042,15980.0,24490.0,20/09/2026 19:35 hrs
2026-W39,TC-042,15919.0,24490.0,27/09/2026 20:12 hrs
2026-W40,TC-042,14694.0,24490.0,04/10/2026 20:19 hrs
2026-W41,TC-042,15919.0,24490.0,08/10/2026 07:44 hrs
2026-W35,TC-043,5190.0,7490.0,30/08/2026 23:45 hrs
2026-W36,TC-043,4790.0,7490.0,06/09/2026 19:16 hrs
2026-W37,TC-043,4869.0,7490.0,13/09/2026 19:33 hrs
2026-W38,TC-043,5190.0,7490.0,20/09/2026 19:35 hrs
2026-W39,TC-043,5190.0,7490.0,27/09/2026 20:12 hrs
2026-W40,TC-043,4719.0,7490.0,04/10/2026 20:19 hrs
2026-W41,TC-043,5890.0,7490.0,08/10/2026 07:44 hrs
2026-W35,TC-044,9890.0,9890.0,30/08/2026 23:45 hrs
2026-W36,TC-044,9890.0,9890.0,06/09/2026 19:16 hrs
2026-W37,TC-044,9890.0,9890.0,13/09/2026 19:33 hrs
2026-W38,TC-044,9890.0,9890.0,20/09/2026 19:35 hrs
2026-W39,TC-044,9890.0,9890.0,27/09/2026 20:12 hrs
2026-W40,TC-044,9890.0,9890.0,04/10/2026 20:19 hrs
2026-W41,TC-044,9890.0,9890.0,08/10/2026 07:44 hrs
2026-W35,TC-045,9950.0,10950.0,30/08/2026 23:45 hrs
2026-W36,TC-045,9950.0,10950.0,06/09/2026 19:16 hrs
2026-W37,TC-045,9950.0,10950.0,13/09/2026 19:33 hrs
2026-W38,TC-045,9950.0,10950.0,20/09/2026 19:35 hrs
2026-W39,TC-045,9950.0,10950.0,27/09/2026 20:12 hrs
2026-W40,TC-045,9290.0,9290.0,04/10/2026 20:19 hrs
2026-W41,TC-045,9290.0,9290.0,08/10/2026 07:44 hrs
2026-W35,TC-046,6810.0,6810.0,30/08/2026 23:45 hrs
2026-W36,TC-046,6810.0,6810.0,06/09/2026 19:16 hrs
2026-W37,TC-046,6690.0,6690.0,13/09/2026 19:33 hrs
2026-W38,TC-046,5450.0,6690.0,20/09/2026 19:35 hrs
2026-W39,TC-046,5450.0,6690.0,27/09/2026 20:12 hrs
2026-W40,TC-046,5190.0,6690.0,04/10/2026 20:19 hrs
2026-W41,TC-046,5190.0,6690.0,08/10/2026 07:44 hrs
2026-W35,TC-047,11570.0,17800.0,30/08/2026 23:45 hrs
2026-W36,TC-047,10990.0,17800.0,06/09/2026 19:16 hrs
2026-W37,TC-047,13690.0,17800.0,13/09/2026 19:33 hrs
2026-W38,TC-047,13690.0,17800.0,20/09/2026 19:35 hrs
2026-W39,TC-047,11570.0,17800.0,27/09/2026 20:12 hrs
2026-W40,TC-047,9990.0,17800.0,04/10/2026 20:19 hrs
2026-W41,TC-047,11570.0,17800.0,08/10/2026 07:44 hrs
2026-W35,TC-048,6390.0,8020.0,30/08/2026 23:45 hrs
2026-W36,TC-048,6390.0,8020.0,06/09/2026 19:16 hrs
2026-W37,TC-048,6390.0,7940.0,13/09/2026 19:33 hrs
2026-W38,TC-048,6390.0,7940.0,20/09/2026 19:35 hrs
2026-W39,TC-048,6390.0,7940.0,27/09/2026 20:12 hrs
2026-W40,TC-048,7950.0,7950.0,04/10/2026 20:19 hrs
2026-W41,TC-048,7950.0,7950.0,08/10/2026 07:44 hrs
2026-W35,TC-049,3829.0,5890.0,30/08/2026 23:45 hrs
2026-W36,TC-049,4490.0,5890.0,06/09/2026 19:16 hrs
2026-W37,TC-049,4490.0,5890.0,13/09/2026 19:33 hrs
2026-W38,TC-049,4490.0,5890.0,20/09/2026 19:35 hrs
2026-W39,TC-049,3829.0,5890.0,27/09/2026 20:12 hrs
2026-W40,TC-049,3711.0,5890.0,04/10/2026 20:19 hrs
2026-W41,TC-049,3829.0,5890.0,08/10/2026 07:44 hrs
2026-W35,TC-050,12539.0,19290.0,30/08/2026 23:45 hrs
2026-W36,TC-050,12990.0,19290.0,06/09/2026 19:16 hrs
2026-W37,TC-050,12990.0,19290.0,13/09/2026 19:33 hrs
2026-W38,TC-050,12990.0,19290.0,20/09/2026 19:35 hrs
2026-W39,TC-050,12539.0,19290.0,27/09/2026 20:12 hrs
2026-W40,TC-050,11990.0,11990.0,04/10/2026 20:19 hrs
2026-W41,TC-050,15290.0,15290.0,08/10/2026 07:44 hrs
2026-W35,TC-051,10990.0,13290.0,30/08/2026 23:45 hrs
2026-W36,TC-051,8490.0,13290.0,06/09/2026 19:16 hrs
2026-W37,TC-051,8639.0,13290.0,13/09/2026 19:33 hrs
2026-W38,TC-051,10990.0,13290.0,20/09/2026 19:35 hrs
2026-W39,TC-051,10990.0,13290.0,27/09/2026 20:12 hrs
2026-W40,TC-051,9303.0,13290.0,04/10/2026 20:19 hrs
2026-W41,TC-051,10990.0,13290.0,08/10/2026 07:44 hrs
2026-W35,TC-052,11190.0,15990.0,30/08/2026 23:45 hrs
2026-W36,TC-052,11990.0,15990.0,06/09/2026 19:16 hrs
2026-W37,TC-052,11990.0,15990.0,13/09/2026 19:33 hrs
2026-W38,TC-052,11990.0,15990.0,20/09/2026 19:35 hrs
2026-W39,TC-052,11990.0,15990.0,27/09/2026 20:12 hrs
2026-W40,TC-052,11690.0,15990.0,04/10/2026 20:19 hrs
2026-W41,TC-052,11690.0,15990.0,08/10/2026 07:44 hrs
2026-W35,TC-053,8590.0,9990.0,30/08/2026 23:45 hrs
2026-W36,TC-053,8590.0,9990.0,06/09/2026 19:16 hrs
2026-W37,TC-053,8590.0,9990.0,13/09/2026 19:33 hrs
2026-W38,TC-053,8590.0,9990.0,20/09/2026 19:35 hrs
2026-W39,TC-053,8590.0,9990.0,27/09/2026 20:12 hrs
2026-W40,TC-053,9490.0,9990.0,04/10/2026 20:19 hrs
2026-W41,TC-053,9490.0,9990.0,08/10/2026 07:44 hrs
2026-W35,TC-054,4323.0,6650.0,30/08/2026 23:45 hrs
2026-W36,TC-054,5190.0,6650.0,06/09/2026 19:16 hrs
2026-W37,TC-054,5190.0,6650.0,13/09/2026 19:33 hrs
2026-W38,TC-054,5190.0,6650.0,20/09/2026 19:35 hrs
2026-W39,TC-054,4323.0,6650.0,27/09/2026 20:12 hrs
2026-W40,TC-054,4190.0,6650.0,04/10/2026 20:19 hrs
2026-W41,TC-054,4323.0,6650.0,08/10/2026 07:44 hrs
2026-W35,TC-055,12990.0,16490.0,30/08/2026 23:45 hrs
2026-W36,TC-055,13190.0,16490.0,06/09/2026 19:16 hrs
2026-W37,TC-055,13190.0,16490.0,13/09/2026 19:33 hrs
2026-W38,TC-055,13190.0,16490.0,20/09/2026 19:35 hrs
2026-W39,TC-055,13190.0,16490.0,27/09/2026 20:12 hrs
2026-W40,TC-055,16490.0,16490.0,04/10/2026 20:19 hrs
2026-W41,TC-055,16490.0,16490.0,08/10/2026 07:44 hrs
2026-W35,TC-056,3890.0,4290.0,30/08/2026 23:45 hrs
2026-W36,TC-056,3890.0,4290.0,06/09/2026 19:16 hrs
2026-W37,TC-056,3890.0,4290.0,13/09/2026 19:33 hrs
2026-W38,TC-056,3890.0,4290.0,20/09/2026 19:35 hrs
2026-W39,TC-056,3890.0,4290.0,27/09/2026 20:12 hrs
2026-W40,TC-056,3990.0,4290.0,04/10/2026 20:19 hrs
2026-W41,TC-056,3990.0,4290.0,08/10/2026 07:44 hrs
2026-W35,TC-057,3090.0,3090.0,30/08/2026 23:45 hrs
2026-W36,TC-057,3090.0,3090.0,06/09/2026 19:16 hrs
2026-W37,TC-057,3090.0,3090.0,13/09/2026 19:33 hrs
2026-W38,TC-057,3090.0,3090.0,20/09/2026 19:35 hrs
2026-W39,TC-057,3150.0,3150.0,27/09/2026 20:12 hrs
2026-W40,TC-057,3150.0,3150.0,04/10/2026 20:19 hrs
2026-W41,TC-057,3150.0,3150.0,08/10/2026 07:44 hrs
2026-W35,TC-058,5990.0,7550.0,30/08/2026 23:45 hrs
2026-W36,TC-058,5990.0,7550.0,06/09/2026 19:16 hrs
2026-W37,TC-058,4908.0,7550.0,13/09/2026 19:33 hrs
2026-W38,TC-058,5990.0,7550.0,20/09/2026 19:35 hrs
2026-W39,TC-058,5990.0,7550.0,27/09/2026 20:12 hrs
2026-W40,TC-058,4530.0,7550.0,04/10/2026 20:19 hrs
2026-W41,TC-058,6190.0,7550.0,08/10/2026 07:44 hrs
2026-W35,TC-059,5690.0,6090.0,30/08/2026 23:45 hrs
2026-W36,TC-059,5690.0,6090.0,06/09/2026 19:16 hrs
2026-W37,TC-059,5690.0,6090.0,13/09/2026 19:33 hrs
2026-W38,TC-059,5690.0,6090.0,20/09/2026 19:35 hrs
2026-W39,TC-059,5690.0,6090.0,27/09/2026 20:12 hrs
2026-W40,TC-059,6090.0,6090.0,04/10/2026 20:19 hrs
2026-W41,TC-059,6090.0,6090.0,08/10/2026 07:44 hrs
2026-W35,TC-060,11990.0,18590.0,30/08/2026 23:45 hrs
2026-W36,TC-060,11990.0,18590.0,06/09/2026 19:16 hrs
2026-W37,TC-060,11990.0,18590.0,13/09/2026 19:33 hrs
2026-W38,TC-060,11990.0,18590.0,20/09/2026 19:35 hrs
2026-W39,TC-060,11990.0,18590.0,27/09/2026 20:12 hrs
2026-W40,TC-060,11990.0,18590.0,04/10/2026 20:19 hrs
2026-W41,TC-060,11990.0,18590.0,08/10/2026 07:44 hrs
2026-W35,TC-061,6790.0,8190.0,30/08/2026 23:45 hrs
2026-W36,TC-061,6790.0,8190.0,06/09/2026 19:16 hrs
2026-W37,TC-061,5324.0,8190.0,13/09/2026 19:33 hrs
2026-W38,TC-061,6790.0,8190.0,20/09/2026 19:35 hrs
2026-W39,TC-061,6790.0,8190.0,27/09/2026 20:12 hrs
2026-W40,TC-061,4996.0,8190.0,04/10/2026 20:19 hrs
2026-W41,TC-061,6790.0,8190.0,08/10/2026 07:44 hrs
2026-W35,TC-062,4290.0,5250.0,30/08/2026 23:45 hrs
2026-W36,TC-062,4290.0,5250.0,06/09/2026 19:16 hrs
2026-W37,TC-062,3413.0,5250.0,13/09/2026 19:33 hrs
2026-W38,TC-062,4290.0,5250.0,20/09/2026 19:35 hrs
2026-W39,TC-062,4290.0,5250.0,27/09/2026 20:12 hrs
2026-W40,TC-062,3150.0,5250.0,04/10/2026 20:19 hrs
2026-W41,TC-062,4190.0,5250.0,08/10/2026 07:44 hrs
2026-W35,TC-063,2000.0,2950.0,30/08/2026 23:45 hrs
2026-W36,TC-063,2000.0,2950.0,06/09/2026 19:16 hrs
2026-W37,TC-063,1918.0,2950.0,13/09/2026 19:33 hrs
2026-W38,TC-063,2000.0,2950.0,20/09/2026 19:35 hrs
2026-W39,TC-063,2000.0,2950.0,27/09/2026 20:12 hrs
2026-W40,TC-063,1859.0,2950.0,04/10/2026 20:19 hrs
2026-W41,TC-063,2350.0,2950.0,08/10/2026 07:44 hrs
2026-W35,TC-064,10979.0,16890.0,30/08/2026 23:45 hrs
2026-W36,TC-064,13790.0,16890.0,06/09/2026 19:16 hrs
2026-W37,TC-064,13790.0,16890.0,13/09/2026 19:33 hrs
2026-W38,TC-064,13790.0,16890.0,20/09/2026 19:35 hrs
2026-W39,TC-064,10979.0,16890.0,27/09/2026 20:12 hrs
2026-W40,TC-064,10979.0,16890.0,04/10/2026 20:19 hrs
2026-W41,TC-064,10979.0,16890.0,08/10/2026 07:44 hrs
2026-W35,TC-065,1750.0,1750.0,30/08/2026 23:45 hrs
2026-W36,TC-065,1750.0,1750.0,06/09/2026 19:16 hrs
2026-W37,TC-065,1750.0,1750.0,13/09/2026 19:33 hrs
2026-W38,TC-065,1750.0,1750.0,20/09/2026 19:35 hrs
2026-W39,TC-065,1750.0,1750.0,27/09/2026 20:12 hrs
2026-W40,TC-065,1750.0,1750.0,04/10/2026 20:19 hrs
2026-W41,TC-065,1750.0,1750.0,08/10/2026 07:44 hrs
2026-W35,TC-066,2790.0,3290.0,30/08/2026 23:45 hrs
2026-W36,TC-066,2790.0,3290.0,06/09/2026 19:16 hrs
2026-W37,TC-066,2139.0,3290.0,13/09/2026 19:33 hrs
2026-W38,TC-066,2790.0,3290.0,20/09/2026 19:35 hrs
2026-W39,TC-066,2790.0,3290.0,27/09/2026 20:12 hrs
2026-W40,TC-066,2073.0,3290.0,04/10/2026 20:19 hrs
2026-W41,TC-066,2790.0,3290.0,08/10/2026 07:44 hrs
2026-W35,TC-067,6990.0,6990.0,30/08/2026 23:45 hrs
2026-W36,TC-067,6990.0,6990.0,06/09/2026 19:16 hrs
2026-W37,TC-067,7200.0,7200.0,13/09/2026 19:33 hrs
2026-W38,TC-067,7200.0,7200.0,20/09/2026 19:35 hrs
2026-W39,TC-067,6990.0,6990.0,27/09/2026 20:12 hrs
2026-W40,TC-067,6990.0,6990.0,04/10/2026 20:19 hrs
2026-W41,TC-067,6990.0,6990.0,08/10/2026 07:44 hrs
2026-W35,TC-068,8990.0,11990.0,30/08/2026 23:45 hrs
2026-W36,TC-068,8990.0,11990.0,06/09/2026 19:16 hrs
2026-W37,TC-068,8990.0,11990.0,13/09/2026 19:33 hrs
2026-W38,TC-068,8990.0,11990.0,20/09/2026 19:35 hrs
2026-W39,TC-068,8990.0,11990.0,27/09/2026 20:12 hrs
2026-W40,TC-068,9990.0,11990.0,04/10/2026 20:19 hrs
2026-W41,TC-068,11990.0,11990.0,08/10/2026 07:44 hrs
2026-W35,TC-069,9990.0,13990.0,30/08/2026 23:45 hrs
2026-W36,TC-069,9990.0,13990.0,06/09/2026 19:16 hrs
2026-W37,TC-069,9990.0,13990.0,13/09/2026 19:33 hrs
2026-W38,TC-069,9990.0,13990.0,20/09/2026 19:35 hrs
2026-W39,TC-069,9990.0,13990.0,27/09/2026 20:12 hrs
2026-W40,TC-069,9990.0,13990.0,04/10/2026 20:19 hrs
2026-W41,TC-069,9990.0,13990.0,08/10/2026 07:44 hrs
2026-W35,TC-070,9217.0,14180.0,30/08/2026 23:45 hrs
2026-W36,TC-070,9950.0,14180.0,06/09/2026 19:16 hrs
2026-W37,TC-070,9950.0,14180.0,13/09/2026 19:33 hrs
2026-W38,TC-070,9950.0,14180.0,20/09/2026 19:35 hrs
2026-W39,TC-070,9217.0,14180.0,27/09/2026 20:12 hrs
2026-W40,TC-070,8366.0,14180.0,04/10/2026 20:19 hrs
2026-W41,TC-070,9217.0,14180.0,08/10/2026 07:44 hrs
2026-W35,TC-071,6190.0,7890.0,30/08/2026 23:45 hrs
2026-W36,TC-071,6290.0,7890.0,06/09/2026 19:16 hrs
2026-W37,TC-071,6290.0,7890.0,13/09/2026 19:33 hrs
2026-W38,TC-071,6290.0,7890.0,20/09/2026 19:35 hrs
2026-W39,TC-071,6290.0,7890.0,27/09/2026 20:12 hrs
2026-W40,TC-071,6590.0,7890.0,04/10/2026 20:19 hrs
2026-W41,TC-071,6590.0,7890.0,08/10/2026 07:44 hrs
2026-W35,TC-072,6990.0,8990.0,30/08/2026 23:45 hrs
2026-W36,TC-072,7190.0,8990.0,06/09/2026 19:16 hrs
2026-W37,TC-072,7190.0,8990.0,13/09/2026 19:33 hrs
2026-W38,TC-072,7190.0,8990.0,20/09/2026 19:35 hrs
2026-W39,TC-072,7190.0,8990.0,27/09/2026 20:12 hrs
2026-W40,TC-072,7990.0,8990.0,04/10/2026 20:19 hrs
2026-W41,TC-072,7990.0,8990.0,08/10/2026 07:44 hrs
2026-W35,TC-073,5590.0,6990.0,30/08/2026 23:45 hrs
2026-W36,TC-073,5590.0,6990.0,06/09/2026 19:16 hrs
2026-W37,TC-073,5590.0,6990.0,13/09/2026 19:33 hrs
2026-W38,TC-073,5590.0,6990.0,20/09/2026 19:35 hrs
2026-W39,TC-073,5590.0,6990.0,27/09/2026 20:12 hrs
2026-W40,TC-073,5590.0,6990.0,04/10/2026 20:19 hrs
2026-W41,TC-073,5590.0,6990.0,08/10/2026 07:44 hrs
2026-W35,TC-074,13650.0,13650.0,30/08/2026 23:45 hrs
2026-W36,TC-074,13650.0,13650.0,06/09/2026 19:16 hrs
2026-W37,TC-074,13650.0,13650.0,13/09/2026 19:33 hrs
2026-W38,TC-074,13650.0,13650.0,20/09/2026 19:35 hrs
2026-W39,TC-074,13650.0,13650.0,22/09/2026 12:41 hrs
2026-W35,TC-075,1000.0,1590.0,30/08/2026 23:45 hrs
2026-W36,TC-075,1000.0,1590.0,06/09/2026 19:16 hrs
2026-W37,TC-075,1000.0,1590.0,13/09/2026 19:33 hrs
2026-W38,TC-075,1000.0,1590.0,20/09/2026 19:35 hrs
2026-W39,TC-075,1000.0,1750.0,27/09/2026 20:12 hrs
2026-W40,TC-075,1000.0,1890.0,04/10/2026 20:19 hrs
2026-W41,TC-075,1000.0,1750.0,08/10/2026 07:44 hrs
2026-W35,TC-076,11490.0,15690.0,30/08/2026 23:45 hrs
2026-W36,TC-076,11490.0,15690.0,06/09/2026 19:16 hrs
2026-W37,TC-076,11490.0,15690.0,13/09/2026 19:33 hrs
2026-W38,TC-076,11490.0,15690.0,20/09/2026 19:35 hrs
2026-W39,TC-076,10600.0,15690.0,27/09/2026 20:12 hrs
2026-W40,TC-076,10190.0,15690.0,04/10/2026 20:19 hrs
2026-W41,TC-076,10600.0,15690.0,08/10/2026 07:44 hrs
2026-W35,TC-077,9000.0,12590.0,30/08/2026 23:45 hrs
2026-W36,TC-077,9000.0,12590.0,06/09/2026 19:16 hrs
2026-W37,TC-077,9000.0,12590.0,13/09/2026 19:33 hrs
2026-W38,TC-077,9000.0,12590.0,20/09/2026 19:35 hrs
2026-W39,TC-077,9000.0,12590.0,27/09/2026 20:12 hrs
2026-W40,TC-077,9000.0,12590.0,04/10/2026 20:19 hrs
2026-W41,TC-077,9000.0,12590.0,08/10/2026 07:44 hrs
2026-W35,TC-078,1000.0,1250.0,30/08/2026 23:45 hrs
2026-W36,TC-078,1000.0,1250.0,06/09/2026 19:16 hrs
2026-W37,TC-078,1000.0,1250.0,13/09/2026 19:33 hrs
2026-W38,TC-078,1000.0,1250.0,20/09/2026 19:35 hrs
2026-W39,TC-078,1000.0,1390.0,27/09/2026 20:12 hrs
2026-W40,TC-078,1000.0,1290.0,04/10/2026 20:19 hrs
2026-W41,TC-078,1000.0,1290.0,08/10/2026 07:44 hrs
2026-W35,TC-079,8750.0,11690.0,30/08/2026 23:45 hrs
2026-W36,TC-079,8750.0,11690.0,06/09/2026 19:16 hrs
2026-W37,TC-079,8750.0,11690.0,13/09/2026 19:33 hrs
2026-W38,TC-079,8750.0,11690.0,20/09/2026 19:35 hrs
2026-W39,TC-079,8160.0,11750.0,27/09/2026 20:12 hrs
2026-W40,TC-079,7350.0,11750.0,04/10/2026 20:19 hrs
2026-W41,TC-079,8160.0,11750.0,08/10/2026 07:44 hrs
2026-W35,TC-080,11490.0,12790.0,30/08/2026 23:45 hrs
2026-W36,TC-080,11490.0,12790.0,06/09/2026 19:16 hrs
2026-W37,TC-080,11490.0,12790.0,13/09/2026 19:33 hrs
2026-W38,TC-080,11490.0,12790.0,20/09/2026 19:35 hrs
2026-W39,TC-080,11490.0,12790.0,27/09/2026 20:12 hrs
2026-W40,TC-080,11490.0,12790.0,04/10/2026 20:19 hrs
2026-W41,TC-080,11490.0,12790.0,08/10/2026 07:44 hrs
2026-W35,TC-081,6290.0,7490.0,30/08/2026 23:45 hrs
2026-W36,TC-081,6290.0,7490.0,06/09/2026 19:16 hrs
2026-W37,TC-081,6290.0,7490.0,13/09/2026 19:33 hrs
2026-W38,TC-081,6290.0,7490.0,20/09/2026 19:35 hrs
2026-W39,TC-081,6290.0,7490.0,27/09/2026 20:12 hrs
2026-W40,TC-081,4890.0,7490.0,04/10/2026 20:19 hrs
2026-W41,TC-081,6290.0,7490.0,08/10/2026 07:44 hrs
2026-W35,TC-082,13990.0,21390.0,30/08/2026 23:45 hrs
2026-W36,TC-082,13990.0,21390.0,06/09/2026 19:16 hrs
2026-W37,TC-082,13990.0,21390.0,13/09/2026 19:33 hrs
2026-W38,TC-082,13990.0,21390.0,20/09/2026 19:35 hrs
2026-W39,TC-082,13990.0,21390.0,27/09/2026 20:12 hrs
2026-W40,TC-082,13990.0,21390.0,04/10/2026 20:19 hrs
2026-W41,TC-082,13990.0,21390.0,08/10/2026 07:44 hrs
2026-W35,TC-083,8860.0,13290.0,30/08/2026 23:45 hrs
2026-W36,TC-083,8860.0,13290.0,06/09/2026 19:16 hrs
2026-W37,TC-083,8860.0,13290.0,13/09/2026 19:33 hrs
2026-W38,TC-083,8860.0,13290.0,20/09/2026 19:35 hrs
2026-W39,TC-083,10090.0,13290.0,27/09/2026 20:12 hrs
2026-W40,TC-083,8750.0,13290.0,04/10/2026 20:19 hrs
2026-W41,TC-083,10090.0,13290.0,08/10/2026 07:44 hrs
2026-W35,TC-084,15690.0,19290.0,30/08/2026 23:45 hrs
2026-W36,TC-084,15690.0,19290.0,06/09/2026 19:16 hrs
2026-W37,TC-084,15690.0,19290.0,13/09/2026 19:33 hrs
2026-W38,TC-084,15690.0,19290.0,20/09/2026 19:35 hrs
2026-W39,TC-084,16950.0,19290.0,27/09/2026 20:12 hrs
2026-W40,TC-084,13390.0,19290.0,04/10/2026 20:19 hrs
2026-W41,TC-084,16950.0,19290.0,08/10/2026 07:44 hrs
2026-W35,TC-085,11690.0,15390.0,30/08/2026 23:45 hrs
2026-W36,TC-085,11690.0,15390.0,06/09/2026 19:16 hrs
2026-W37,TC-085,11690.0,15390.0,13/09/2026 19:33 hrs
2026-W38,TC-085,11690.0,15390.0,20/09/2026 19:35 hrs
2026-W39,TC-085,10990.0,14250.0,27/09/2026 20:12 hrs
2026-W40,TC-085,10290.0,14190.0,04/10/2026 20:19 hrs
2026-W41,TC-085,10990.0,14190.0,08/10/2026 07:44 hrs
2026-W35,TC-086,7990.0,10450.0,30/08/2026 23:45 hrs
2026-W36,TC-086,7990.0,10450.0,06/09/2026 19:16 hrs
2026-W37,TC-086,7990.0,10450.0,13/09/2026 19:33 hrs
2026-W38,TC-086,7990.0,10450.0,20/09/2026 19:35 hrs
2026-W39,TC-086,7990.0,10450.0,27/09/2026 20:12 hrs
2026-W40,TC-086,7990.0,10450.0,04/10/2026 20:19 hrs
2026-W41,TC-086,7990.0,10450.0,08/10/2026 07:44 hrs
2026-W35,TC-087,7490.0,8690.0,30/08/2026 23:45 hrs
2026-W36,TC-087,7490.0,8690.0,06/09/2026 19:16 hrs
2026-W37,TC-087,7490.0,8690.0,13/09/2026 19:33 hrs
2026-W38,TC-087,7490.0,8690.0,20/09/2026 19:35 hrs
2026-W39,TC-087,7550.0,8590.0,27/09/2026 20:12 hrs
2026-W40,TC-087,5950.0,8590.0,04/10/2026 20:19 hrs
2026-W41,TC-087,7550.0,8590.0,08/10/2026 07:44 hrs
2026-W35,TC-088,4890.0,6590.0,30/08/2026 23:45 hrs
2026-W36,TC-088,4890.0,6590.0,06/09/2026 19:16 hrs
2026-W37,TC-088,4890.0,6590.0,13/09/2026 19:33 hrs
2026-W38,TC-088,4890.0,6590.0,20/09/2026 19:35 hrs
2026-W39,TC-088,4890.0,5990.0,27/09/2026 20:12 hrs
2026-W40,TC-088,3950.0,5990.0,04/10/2026 20:19 hrs
2026-W41,TC-088,4890.0,5990.0,08/10/2026 07:44 hrs
2026-W35,TC-089,8990.0,11290.0,30/08/2026 23:45 hrs
2026-W36,TC-089,8990.0,11290.0,06/09/2026 19:16 hrs
2026-W37,TC-089,8990.0,11290.0,13/09/2026 19:33 hrs
2026-W38,TC-089,8990.0,11290.0,20/09/2026 19:35 hrs
2026-W39,TC-089,8990.0,11290.0,27/09/2026 20:12 hrs
2026-W40,TC-089,8990.0,11290.0,04/10/2026 20:19 hrs
2026-W41,TC-089,8990.0,11290.0,08/10/2026 07:44 hrs
2026-W35,TC-090,7990.0,10790.0,30/08/2026 23:45 hrs
2026-W36,TC-090,7990.0,10790.0,06/09/2026 19:16 hrs
2026-W37,TC-090,7990.0,10790.0,13/09/2026 19:33 hrs
2026-W38,TC-090,7990.0,10790.0,20/09/2026 19:35 hrs
2026-W39,TC-090,8390.0,10790.0,27/09/2026 20:12 hrs
2026-W40,TC-090,8390.0,10790.0,04/10/2026 20:19 hrs
2026-W41,TC-090,8390.0,10790.0,08/10/2026 07:44 hrs
2026-W35,TC-091,2000.0,3450.0,30/08/2026 23:45 hrs
2026-W36,TC-091,2000.0,3450.0,06/09/2026 19:16 hrs
2026-W37,TC-091,2000.0,3450.0,13/09/2026 19:33 hrs
2026-W38,TC-091,2000.0,3450.0,20/09/2026 19:35 hrs
2026-W39,TC-091,2200.0,3290.0,23/09/2026 12:36 hrs
2026-W40,TC-091,2200.0,3290.0,04/10/2026 20:19 hrs
2026-W41,TC-091,2200.0,3290.0,08/10/2026 07:44 hrs
2026-W35,TC-092,3000.0,3690.0,30/08/2026 23:45 hrs
2026-W36,TC-092,3000.0,3690.0,06/09/2026 19:16 hrs
2026-W37,TC-092,3000.0,3690.0,13/09/2026 19:33 hrs
2026-W38,TC-092,3000.0,3690.0,20/09/2026 19:35 hrs
2026-W39,TC-092,3000.0,3690.0,27/09/2026 20:12 hrs
2026-W40,TC-092,3000.0,3690.0,04/10/2026 20:19 hrs
2026-W41,TC-092,3000.0,3690.0,08/10/2026 07:44 hrs
2026-W35,TC-093,5490.0,6890.0,30/08/2026 23:45 hrs
2026-W36,TC-093,5490.0,6890.0,06/09/2026 19:16 hrs
2026-W37,TC-093,5490.0,6890.0,13/09/2026 19:33 hrs
2026-W38,TC-093,5490.0,6890.0,20/09/2026 19:35 hrs
2026-W39,TC-093,5490.0,6890.0,27/09/2026 20:12 hrs
2026-W40,TC-093,4450.0,6890.0,04/10/2026 20:19 hrs
2026-W41,TC-093,5490.0,6890.0,08/10/2026 07:44 hrs
2026-W35,TC-094,7990.0,9990.0,30/08/2026 23:45 hrs
2026-W36,TC-094,7990.0,9990.0,06/09/2026 19:16 hrs
2026-W37,TC-094,7990.0,9990.0,13/09/2026 19:33 hrs
2026-W38,TC-094,7990.0,9990.0,20/09/2026 19:35 hrs
2026-W39,TC-094,7990.0,9990.0,27/09/2026 20:12 hrs
2026-W40,TC-094,7990.0,9990.0,04/10/2026 20:19 hrs
2026-W41,TC-094,7990.0,9990.0,08/10/2026 07:44 hrs
2026-W35,TC-095,14050.0,17250.0,30/08/2026 23:45 hrs
2026-W36,TC-095,14050.0,17250.0,06/09/2026 19:16 hrs
2026-W37,TC-095,14050.0,17250.0,13/09/2026 19:33 hrs
2026-W38,TC-095,14050.0,17250.0,20/09/2026 19:35 hrs
2026-W39,TC-095,13060.0,17250.0,27/09/2026 20:12 hrs
2026-W40,TC-095,10890.0,17250.0,04/10/2026 20:19 hrs
2026-W41,TC-095,13060.0,17250.0,08/10/2026 07:44 hrs
2026-W35,TC-096,6950.0,6950.0,30/08/2026 23:45 hrs
2026-W36,TC-096,6950.0,6950.0,06/09/2026 19:16 hrs
2026-W37,TC-096,6990.0,6990.0,13/09/2026 19:33 hrs
2026-W38,TC-096,6990.0,6990.0,20/09/2026 19:35 hrs
2026-W39,TC-096,5490.0,6990.0,27/09/2026 20:12 hrs
2026-W40,TC-096,5490.0,6990.0,30/09/2026 06:52 hrs
2026-W35,TC-097,3850.0,3850.0,30/08/2026 23:45 hrs
2026-W36,TC-097,3850.0,3850.0,06/09/2026 19:16 hrs
2026-W37,TC-097,3850.0,3850.0,13/09/2026 19:33 hrs
2026-W38,TC-097,3850.0,3850.0,20/09/2026 19:35 hrs
2026-W39,TC-097,2990.0,3850.0,27/09/2026 20:12 hrs
2026-W40,TC-097,2990.0,3850.0,04/10/2026 20:19 hrs
2026-W41,TC-097,2990.0,3850.0,08/10/2026 07:44 hrs
2026-W35,TC-098,3000.0,3000.0,30/08/2026 23:45 hrs
2026-W36,TC-098,3000.0,3000.0,06/09/2026 19:16 hrs
2026-W37,TC-098,3000.0,3000.0,13/09/2026 19:33 hrs
2026-W38,TC-098,3000.0,3000.0,20/09/2026 19:35 hrs
2026-W39,TC-098,3000.0,3290.0,27/09/2026 20:12 hrs
2026-W40,TC-098,3000.0,3290.0,04/10/2026 20:19 hrs
2026-W41,TC-098,3000.0,3290.0,08/10/2026 07:44 hrs
2026-W35,TC-099,13990.0,13990.0,30/08/2026 23:45 hrs
2026-W36,TC-099,13990.0,13990.0,06/09/2026 19:16 hrs
2026-W37,TC-099,13990.0,13990.0,13/09/2026 19:33 hrs
2026-W38,TC-099,11490.0,13990.0,20/09/2026 19:35 hrs
2026-W39,TC-099,11490.0,13990.0,27/09/2026 20:12 hrs
2026-W40,TC-099,9990.0,13990.0,04/10/2026 20:19 hrs
2026-W41,TC-099,11490.0,13990.0,08/10/2026 07:44 hrs
2026-W35,TC-100,4990.0,4990.0,30/08/2026 23:45 hrs
2026-W36,TC-100,4990.0,4990.0,06/09/2026 19:16 hrs
2026-W37,TC-100,4990.0,4990.0,13/09/2026 19:33 hrs
2026-W38,TC-100,4290.0,4990.0,20/09/2026 19:35 hrs
2026-W39,TC-100,4290.0,4990.0,27/09/2026 20:12 hrs
2026-W40,TC-100,4290.0,4990.0,04/10/2026 20:19 hrs
2026-W41,TC-100,4290.0,4990.0,08/10/2026 07:44 hrs
2026-W35,TC-101,7890.0,13150.0,30/08/2026 16:45 hrs
2026-W36,TC-101,10990.0,13150.0,06/09/2026 19:16 hrs
2026-W37,TC-101,10990.0,13150.0,13/09/2026 19:33 hrs
2026-W38,TC-101,10990.0,13150.0,20/09/2026 19:35 hrs
2026-W39,TC-101,8490.0,13150.0,27/09/2026 20:12 hrs
2026-W40,TC-101,7890.0,13150.0,04/10/2026 20:19 hrs
2026-W41,TC-101,10990.0,13150.0,08/10/2026 07:44 hrs
2026-W35,TC-102,8890.0,11690.0,30/08/2026 16:45 hrs
2026-W36,TC-102,8890.0,11690.0,06/09/2026 19:16 hrs
2026-W37,TC-102,8890.0,11690.0,13/09/2026 19:33 hrs
2026-W38,TC-102,8890.0,11690.0,20/09/2026 19:35 hrs
2026-W39,TC-102,8190.0,11690.0,27/09/2026 20:12 hrs
2026-W40,TC-102,8750.0,11690.0,04/10/2026 20:19 hrs
2026-W41,TC-102,8750.0,11690.0,08/10/2026 07:44 hrs
2026-W35,TC-103,8010.0,13350.0,30/08/2026 23:15 hrs
2026-W36,TC-103,9990.0,13350.0,06/09/2026 19:16 hrs
2026-W37,TC-103,9990.0,13350.0,13/09/2026 19:33 hrs
2026-W38,TC-103,9990.0,13350.0,20/09/2026 19:35 hrs
2026-W39,TC-103,8690.0,13350.0,27/09/2026 20:12 hrs
2026-W40,TC-103,8010.0,13350.0,04/10/2026 20:19 hrs
2026-W41,TC-103,10990.0,13350.0,08/10/2026 07:44 hrs
2026-W35,TC-104,10490.0,12290.0,30/08/2026 23:45 hrs
2026-W36,TC-104,8603.0,12290.0,06/09/2026 19:16 hrs
2026-W37,TC-104,12290.0,12290.0,13/09/2026 19:33 hrs
2026-W38,TC-104,12290.0,12290.0,20/09/2026 19:35 hrs
2026-W39,TC-104,12290.0,12290.0,23/09/2026 05:42 hrs
2026-W35,TC-105,4990.0,5250.0,30/08/2026 16:15 hrs
2026-W36,TC-105,3675.0,5250.0,06/09/2026 19:16 hrs
2026-W37,TC-105,5250.0,5250.0,13/09/2026 19:33 hrs
2026-W38,TC-105,5250.0,5250.0,20/09/2026 19:35 hrs
2026-W39,TC-105,5250.0,5250.0,27/09/2026 20:12 hrs
2026-W40,TC-105,5250.0,5250.0,04/10/2026 20:19 hrs
2026-W41,TC-105,5250.0,5250.0,08/10/2026 07:44 hrs
2026-W35,TC-106,6354.0,10590.0,30/08/2026 16:45 hrs
2026-W36,TC-106,8990.0,10590.0,06/09/2026 19:16 hrs
2026-W37,TC-106,8990.0,10590.0,13/09/2026 19:33 hrs
2026-W38,TC-106,8990.0,10590.0,20/09/2026 19:35 hrs
2026-W39,TC-106,6890.0,10590.0,27/09/2026 20:12 hrs
2026-W40,TC-106,6354.0,10590.0,04/10/2026 20:19 hrs
2026-W41,TC-106,8990.0,10590.0,08/10/2026 07:44 hrs
2026-W35,TC-107,12690.0,19290.0,30/08/2026 23:45 hrs
2026-W36,TC-107,15690.0,19290.0,06/09/2026 19:16 hrs
2026-W37,TC-107,15690.0,19290.0,13/09/2026 19:33 hrs
2026-W38,TC-107,15690.0,19290.0,20/09/2026 19:35 hrs
2026-W39,TC-107,12490.0,19290.0,27/09/2026 20:12 hrs
2026-W40,TC-107,15690.0,19290.0,04/10/2026 20:19 hrs
2026-W41,TC-107,15690.0,19290.0,08/10/2026 07:44 hrs
2026-W35,TC-108,6650.0,6650.0,30/08/2026 23:45 hrs
2026-W36,TC-108,6650.0,6650.0,06/09/2026 19:16 hrs
2026-W37,TC-108,6650.0,6650.0,13/09/2026 19:33 hrs
2026-W38,TC-108,6650.0,6650.0,20/09/2026 19:35 hrs
2026-W39,TC-108,6650.0,6650.0,27/09/2026 20:12 hrs
2026-W40,TC-108,6990.0,6990.0,04/10/2026 20:19 hrs
2026-W41,TC-108,6990.0,6990.0,08/10/2026 07:44 hrs
2026-W35,TC-109,3114.0,5190.0,30/08/2026 23:45 hrs
2026-W36,TC-109,4190.0,5190.0,06/09/2026 19:16 hrs
2026-W37,TC-109,4190.0,5190.0,13/09/2026 19:33 hrs
2026-W38,TC-109,4190.0,5190.0,20/09/2026 19:35 hrs
2026-W39,TC-109,3633.0,5190.0,27/09/2026 20:12 hrs
2026-W40,TC-109,3114.0,5190.0,04/10/2026 20:19 hrs
2026-W41,TC-109,4190.0,5190.0,08/10/2026 07:44 hrs
2026-W35,TC-110,2550.0,2550.0,30/08/2026 23:45 hrs
2026-W36,TC-110,2550.0,2550.0,06/09/2026 19:16 hrs
2026-W37,TC-110,2550.0,2550.0,13/09/2026 19:33 hrs
2026-W38,TC-110,2550.0,2550.0,20/09/2026 19:35 hrs
2026-W39,TC-110,2550.0,2550.0,27/09/2026 20:12 hrs
2026-W40,TC-110,2550.0,2550.0,04/10/2026 20:19 hrs
2026-W41,TC-110,2550.0,2550.0,08/10/2026 07:44 hrs
2026-W35,TC-111,11990.0,16990.0,30/08/2026 23:45 hrs
2026-W36,TC-111,13990.0,16990.0,06/09/2026 19:16 hrs
2026-W37,TC-111,13990.0,16990.0,13/09/2026 19:33 hrs
2026-W38,TC-111,13990.0,16990.0,20/09/2026 19:35 hrs
2026-W39,TC-111,10990.0,16990.0,27/09/2026 20:12 hrs
2026-W40,TC-111,13990.0,16990.0,04/10/2026 20:19 hrs
2026-W41,TC-111,13990.0,16990.0,08/10/2026 07:44 hrs
2026-W35,TC-112,12990.0,16590.0,30/08/2026 23:45 hrs
2026-W36,TC-112,12990.0,16590.0,06/09/2026 19:16 hrs
2026-W37,TC-112,12990.0,16590.0,13/09/2026 19:33 hrs
2026-W38,TC-112,12990.0,16590.0,20/09/2026 19:35 hrs
2026-W39,TC-112,13590.0,16590.0,27/09/2026 20:12 hrs
2026-W40,TC-112,13590.0,16590.0,04/10/2026 20:19 hrs
2026-W41,TC-112,13590.0,16590.0,08/10/2026 07:44 hrs
2026-W35,TC-113,8490.0,8490.0,30/08/2026 23:45 hrs
2026-W36,TC-113,8490.0,8490.0,06/09/2026 19:16 hrs
2026-W37,TC-113,8490.0,8490.0,13/09/2026 19:33 hrs
2026-W38,TC-113,8490.0,8490.0,20/09/2026 19:35 hrs
2026-W39,TC-113,8490.0,8490.0,27/09/2026 20:12 hrs
2026-W40,TC-113,9750.0,9750.0,04/10/2026 20:19 hrs
2026-W41,TC-113,9750.0,9750.0,08/10/2026 07:44 hrs
2026-W35,TC-114,10990.0,15390.0,30/08/2026 16:45 hrs
2026-W36,TC-114,9234.0,15390.0,06/09/2026 19:16 hrs
2026-W37,TC-114,11690.0,15390.0,13/09/2026 19:33 hrs
2026-W38,TC-114,11690.0,15390.0,20/09/2026 19:35 hrs
2026-W39,TC-114,10490.0,15390.0,27/09/2026 20:12 hrs
2026-W40,TC-114,9234.0,15390.0,04/10/2026 20:19 hrs
2026-W41,TC-114,11690.0,15390.0,08/10/2026 07:44 hrs
2026-W35,TC-115,1750.0,1750.0,30/08/2026 23:45 hrs
2026-W36,TC-115,1750.0,1750.0,06/09/2026 19:16 hrs
2026-W37,TC-115,1750.0,1750.0,13/09/2026 19:33 hrs
2026-W38,TC-115,1750.0,1750.0,20/09/2026 19:35 hrs
2026-W39,TC-115,1750.0,1750.0,27/09/2026 20:12 hrs
2026-W40,TC-115,1750.0,1750.0,04/10/2026 20:19 hrs
2026-W41,TC-115,1750.0,1750.0,08/10/2026 07:44 hrs
2026-W35,TC-116,3990.0,3990.0,30/08/2026 23:45 hrs
2026-W36,TC-116,3990.0,3990.0,06/09/2026 19:16 hrs
2026-W37,TC-116,3990.0,3990.0,13/09/2026 19:33 hrs
2026-W38,TC-116,3990.0,3990.0,20/09/2026 19:35 hrs
2026-W39,TC-116,3990.0,3990.0,27/09/2026 20:12 hrs
2026-W40,TC-116,3990.0,3990.0,04/10/2026 20:19 hrs
2026-W41,TC-116,3990.0,3990.0,08/10/2026 07:44 hrs
2026-W35,TC-117,5390.0,6490.0,30/08/2026 23:45 hrs
2026-W36,TC-117,3894.0,6490.0,06/09/2026 19:16 hrs
2026-W37,TC-117,5790.0,6490.0,13/09/2026 19:33 hrs
2026-W38,TC-117,5790.0,6490.0,20/09/2026 19:35 hrs
2026-W39,TC-117,4543.0,6490.0,27/09/2026 20:12 hrs
2026-W40,TC-117,3894.0,6490.0,04/10/2026 20:19 hrs
2026-W41,TC-117,6390.0,6490.0,08/10/2026 07:44 hrs
2026-W35,TC-118,5990.0,7490.0,30/08/2026 23:15 hrs
2026-W36,TC-118,5990.0,7490.0,06/09/2026 19:16 hrs
2026-W37,TC-118,5990.0,7490.0,13/09/2026 19:33 hrs
2026-W38,TC-118,5990.0,7490.0,20/09/2026 19:35 hrs
2026-W39,TC-118,6290.0,7490.0,27/09/2026 20:12 hrs
2026-W40,TC-118,6290.0,7490.0,04/10/2026 20:19 hrs
2026-W41,TC-118,6290.0,7490.0,08/10/2026 07:44 hrs
2026-W35,TC-119,12594.0,20990.0,30/08/2026 23:45 hrs
2026-W36,TC-119,12594.0,20990.0,06/09/2026 19:16 hrs
2026-W37,TC-119,12594.0,20990.0,13/09/2026 12:04 hrs
2026-W38,TC-119,12594.0,20990.0,20/09/2026 19:35 hrs
2026-W39,TC-119,13890.0,20990.0,27/09/2026 20:12 hrs
2026-W40,TC-119,13890.0,20990.0,04/10/2026 20:19 hrs
2026-W41,TC-119,13890.0,20990.0,08/10/2026 07:44 hrs
2026-W35,TC-120,9590.0,12790.0,30/08/2026 16:45 hrs
2026-W36,TC-120,9590.0,12790.0,06/09/2026 19:16 hrs
2026-W37,TC-120,9590.0,12790.0,13/09/2026 19:33 hrs
2026-W38,TC-120,9590.0,12790.0,20/09/2026 19:35 hrs
2026-W39,TC-120,12790.0,12790.0,27/09/2026 20:12 hrs
2026-W40,TC-120,12790.0,12790.0,04/10/2026 20:19 hrs
2026-W41,TC-120,12790.0,12790.0,08/10/2026 07:44 hrs
2026-W35,TC-121,11990.0,16690.0,30/08/2026 23:15 hrs
2026-W36,TC-121,13790.0,16690.0,06/09/2026 19:16 hrs
2026-W37,TC-121,13790.0,16690.0,13/09/2026 19:33 hrs
2026-W38,TC-121,13790.0,16690.0,20/09/2026 19:35 hrs
2026-W39,TC-121,11683.0,16690.0,27/09/2026 20:12 hrs
2026-W40,TC-121,13790.0,16690.0,04/10/2026 20:19 hrs
2026-W41,TC-121,13790.0,16690.0,08/10/2026 07:44 hrs
2026-W35,TC-122,10290.0,13250.0,30/08/2026 23:45 hrs
2026-W36,TC-122,10290.0,13250.0,06/09/2026 19:16 hrs
2026-W37,TC-122,10290.0,13250.0,13/09/2026 19:33 hrs
2026-W38,TC-122,10290.0,13250.0,20/09/2026 19:35 hrs
2026-W39,TC-122,9275.0,13250.0,27/09/2026 20:12 hrs
2026-W40,TC-122,10490.0,13250.0,04/10/2026 20:19 hrs
2026-W41,TC-122,10490.0,13250.0,08/10/2026 07:44 hrs
2026-W35,TC-123,6690.0,9790.0,30/08/2026 23:45 hrs
2026-W36,TC-123,7490.0,9790.0,06/09/2026 19:16 hrs
2026-W37,TC-123,5990.0,9790.0,13/09/2026 19:33 hrs
2026-W38,TC-123,5990.0,9790.0,20/09/2026 19:35 hrs
2026-W39,TC-123,6390.0,9790.0,27/09/2026 20:12 hrs
2026-W40,TC-123,7490.0,9790.0,04/10/2026 20:19 hrs
2026-W41,TC-123,7490.0,9790.0,08/10/2026 07:44 hrs
2026-W35,TC-124,17990.0,17990.0,30/08/2026 23:45 hrs
2026-W36,TC-124,17990.0,17990.0,06/09/2026 19:16 hrs
2026-W37,TC-124,17990.0,17990.0,13/09/2026 19:33 hrs
2026-W38,TC-124,17990.0,17990.0,20/09/2026 19:35 hrs
2026-W39,TC-124,17990.0,17990.0,27/09/2026 20:12 hrs
2026-W40,TC-124,17990.0,17990.0,04/10/2026 20:19 hrs
2026-W41,TC-124,17990.0,17990.0,08/10/2026 07:44 hrs
2026-W35,TC-125,4990.0,4990.0,30/08/2026 16:45 hrs
2026-W36,TC-125,4990.0,4990.0,06/09/2026 19:16 hrs
2026-W37,TC-125,4990.0,4990.0,13/09/2026 19:33 hrs
2026-W38,TC-125,4990.0,4990.0,20/09/2026 19:35 hrs
2026-W39,TC-125,4990.0,4990.0,27/09/2026 20:12 hrs
2026-W40,TC-125,4990.0,4990.0,04/10/2026 20:19 hrs
2026-W41,TC-125,4990.0,4990.0,08/10/2026 07:44 hrs
2026-W35,TC-126,10750.0,10750.0,30/08/2026 23:45 hrs
2026-W36,TC-126,10750.0,10750.0,06/09/2026 19:16 hrs
2026-W37,TC-126,10750.0,10750.0,13/09/2026 19:33 hrs
2026-W38,TC-126,10750.0,10750.0,20/09/2026 19:35 hrs
2026-W39,TC-126,10750.0,10750.0,27/09/2026 20:12 hrs
2026-W40,TC-126,10750.0,10750.0,04/10/2026 20:19 hrs
2026-W41,TC-126,10750.0,10750.0,08/10/2026 07:44 hrs
2026-W35,TC-127,10390.0,13150.0,30/08/2026 23:45 hrs
2026-W36,TC-127,10390.0,13150.0,06/09/2026 19:16 hrs
2026-W37,TC-127,10390.0,13150.0,13/09/2026 19:33 hrs
2026-W38,TC-127,10390.0,13150.0,20/09/2026 19:35 hrs
2026-W39,TC-127,10990.0,13150.0,27/09/2026 20:12 hrs
2026-W40,TC-127,10990.0,13150.0,04/10/2026 20:19 hrs
2026-W41,TC-127,10990.0,13150.0,08/10/2026 07:44 hrs
2026-W35,TC-128,5190.0,6550.0,30/08/2026 23:45 hrs
2026-W36,TC-128,5190.0,6550.0,06/09/2026 19:16 hrs
2026-W37,TC-128,5190.0,6550.0,13/09/2026 19:33 hrs
2026-W38,TC-128,5190.0,6550.0,20/09/2026 19:35 hrs
2026-W39,TC-128,4585.0,6550.0,27/09/2026 20:12 hrs
2026-W40,TC-128,5190.0,6550.0,04/10/2026 20:19 hrs
2026-W41,TC-128,5190.0,6550.0,08/10/2026 07:44 hrs
2026-W35,TC-129,4494.0,7490.0,30/08/2026 16:45 hrs
2026-W36,TC-129,5990.0,7490.0,06/09/2026 19:16 hrs
2026-W37,TC-129,5990.0,7490.0,13/09/2026 19:33 hrs
2026-W38,TC-129,5990.0,7490.0,20/09/2026 19:35 hrs
2026-W39,TC-129,5243.0,7490.0,27/09/2026 20:12 hrs
2026-W40,TC-129,5243.0,7490.0,04/10/2026 20:19 hrs
2026-W41,TC-129,5990.0,7490.0,08/10/2026 07:44 hrs
2026-W35,TC-130,1000.0,1000.0,30/08/2026 23:45 hrs
2026-W36,TC-130,1000.0,1000.0,06/09/2026 19:16 hrs
2026-W37,TC-130,1000.0,1000.0,13/09/2026 19:33 hrs
2026-W38,TC-130,1000.0,1000.0,20/09/2026 19:35 hrs
2026-W39,TC-130,1000.0,1000.0,27/09/2026 20:12 hrs
2026-W40,TC-130,1000.0,1000.0,04/10/2026 20:19 hrs
2026-W41,TC-130,1000.0,1000.0,08/10/2026 07:44 hrs
2026-W35,TC-131,13690.0,13690.0,30/08/2026 23:45 hrs
2026-W36,TC-131,13690.0,13690.0,06/09/2026 19:16 hrs
2026-W37,TC-131,13690.0,13690.0,13/09/2026 19:33 hrs
2026-W38,TC-131,13690.0,13690.0,20/09/2026 19:35 hrs
2026-W39,TC-131,13690.0,13690.0,27/09/2026 12:48 hrs
2026-W40,TC-131,13690.0,13690.0,03/10/2026 12:19 hrs
2026-W41,TC-131,13690.0,13690.0,08/10/2026 07:44 hrs
2026-W35,TC-132,9390.0,9390.0,30/08/2026 23:45 hrs
2026-W36,TC-132,9390.0,9390.0,06/09/2026 19:16 hrs
2026-W37,TC-132,9390.0,9390.0,13/09/2026 19:33 hrs
2026-W38,TC-132,9390.0,9390.0,20/09/2026 19:35 hrs
2026-W39,TC-132,9590.0,9590.0,27/09/2026 20:12 hrs
2026-W40,TC-132,9590.0,9590.0,04/10/2026 20:19 hrs
2026-W41,TC-132,9590.0,9590.0,08/10/2026 07:44 hrs
2026-W35,TC-133,9990.0,9990.0,30/08/2026 23:45 hrs
2026-W36,TC-133,9990.0,9990.0,06/09/2026 19:16 hrs
2026-W37,TC-133,9990.0,9990.0,13/09/2026 19:33 hrs
2026-W38,TC-133,9990.0,9990.0,20/09/2026 19:35 hrs
2026-W39,TC-133,9990.0,9990.0,27/09/2026 20:12 hrs
2026-W40,TC-133,9990.0,9990.0,04/10/2026 20:19 hrs
2026-W41,TC-133,8490.0,9990.0,08/10/2026 07:44 hrs
2026-W35,TC-134,10890.0,10890.0,30/08/2026 23:45 hrs
2026-W36,TC-134,10890.0,10890.0,06/09/2026 19:16 hrs
2026-W37,TC-134,10890.0,10890.0,13/09/2026 19:33 hrs
2026-W38,TC-134,10890.0,10890.0,20/09/2026 19:35 hrs
2026-W39,TC-134,10890.0,10890.0,27/09/2026 20:12 hrs
2026-W40,TC-134,10890.0,10890.0,04/10/2026 20:19 hrs
2026-W41,TC-134,10890.0,10890.0,08/10/2026 07:44 hrs
2026-W35,TC-135,11690.0,11690.0,30/08/2026 23:45 hrs
2026-W36,TC-135,11690.0,11690.0,06/09/2026 19:16 hrs
2026-W37,TC-135,11690.0,11690.0,13/09/2026 19:33 hrs
2026-W38,TC-135,11690.0,11690.0,20/09/2026 19:35 hrs
2026-W39,TC-135,11690.0,11690.0,27/09/2026 20:12 hrs
2026-W40,TC-135,11690.0,11690.0,04/10/2026 20:19 hrs
2026-W41,TC-135,11690.0,11690.0,08/10/2026 07:44 hrs
2026-W35,TC-136,10990.0,10990.0,30/08/2026 23:45 hrs
2026-W36,TC-136,10990.0,10990.0,06/09/2026 19:16 hrs
2026-W37,TC-136,10990.0,10990.0,13/09/2026 19:33 hrs
2026-W38,TC-136,10990.0,10990.0,20/09/2026 19:35 hrs
2026-W39,TC-136,10990.0,10990.0,27/09/2026 20:12 hrs
2026-W40,TC-136,10990.0,10990.0,04/10/2026 20:19 hrs
2026-W41,TC-136,7500.0,10990.0,08/10/2026 07:44 hrs
2026-W35,TC-137,4890.0,4890.0,30/08/2026 23:45 hrs
2026-W36,TC-137,4890.0,4890.0,06/09/2026 19:16 hrs
2026-W37,TC-137,4890.0,4890.0,13/09/2026 19:33 hrs
2026-W38,TC-137,4890.0,4890.0,20/09/2026 19:35 hrs
2026-W39,TC-137,4890.0,4890.0,27/09/2026 20:12 hrs
2026-W40,TC-137,4890.0,4890.0,04/10/2026 20:19 hrs
2026-W41,TC-137,4890.0,4890.0,08/10/2026 07:44 hrs
2026-W35,TC-138,8990.0,8990.0,30/08/2026 23:45 hrs
2026-W36,TC-138,8990.0,8990.0,06/09/2026 19:16 hrs
2026-W37,TC-138,8990.0,8990.0,13/09/2026 19:33 hrs
2026-W38,TC-138,8990.0,8990.0,20/09/2026 19:35 hrs
2026-W39,TC-138,8990.0,8990.0,27/09/2026 20:12 hrs
2026-W40,TC-138,8990.0,8990.0,04/10/2026 20:19 hrs
2026-W41,TC-138,6290.0,8990.0,08/10/2026 07:44 hrs
2026-W35,TC-139,8990.0,8990.0,30/08/2026 23:45 hrs
2026-W36,TC-139,8990.0,8990.0,06/09/2026 19:16 hrs
2026-W37,TC-139,8990.0,8990.0,13/09/2026 19:33 hrs
2026-W38,TC-139,8990.0,8990.0,20/09/2026 19:35 hrs
2026-W39,TC-139,8990.0,8990.0,27/09/2026 20:12 hrs
2026-W40,TC-139,8990.0,8990.0,04/10/2026 20:19 hrs
2026-W41,TC-139,8990.0,8990.0,08/10/2026 07:44 hrs
2026-W35,TC-140,9990.0,9990.0,30/08/2026 23:45 hrs
2026-W36,TC-140,9990.0,9990.0,06/09/2026 19:16 hrs
2026-W37,TC-140,9990.0,9990.0,13/09/2026 19:33 hrs
2026-W38,TC-140,9990.0,9990.0,20/09/2026 19:35 hrs
2026-W39,TC-140,9990.0,9990.0,27/09/2026 20:12 hrs
2026-W40,TC-140,9990.0,9990.0,04/10/2026 20:19 hrs
2026-W41,TC-140,8490.0,9990.0,08/10/2026 07:44 hrs
2026-W35,TC-141,2000.0,2000.0,30/08/2026 23:45 hrs
2026-W36,TC-141,2000.0,2000.0,06/09/2026 19:16 hrs
2026-W37,TC-141,2000.0,2000.0,13/09/2026 19:33 hrs
2026-W38,TC-141,2000.0,2000.0,20/09/2026 19:35 hrs
2026-W39,TC-141,2000.0,2000.0,27/09/2026 20:12 hrs
2026-W40,TC-141,2000.0,2000.0,04/10/2026 20:19 hrs
2026-W41,TC-141,2000.0,2000.0,08/10/2026 07:44 hrs
2026-W35,TC-142,2000.0,2000.0,30/08/2026 23:45 hrs
2026-W36,TC-142,2000.0,2000.0,06/09/2026 19:16 hrs
2026-W37,TC-142,2000.0,2000.0,13/09/2026 19:33 hrs
2026-W38,TC-142,2000.0,2000.0,20/09/2026 19:35 hrs
2026-W39,TC-142,2000.0,2000.0,27/09/2026 20:12 hrs
2026-W40,TC-142,2000.0,2000.0,04/10/2026 20:19 hrs
2026-W41,TC-142,2000.0,2000.0,08/10/2026 07:44 hrs
2026-W35,TC-143,8990.0,8990.0,30/08/2026 23:45 hrs
2026-W36,TC-143,8990.0,8990.0,06/09/2026 19:16 hrs
2026-W37,TC-143,8990.0,8990.0,13/09/2026 19:33 hrs
2026-W38,TC-143,8990.0,8990.0,20/09/2026 19:35 hrs
2026-W39,TC-143,8990.0,8990.0,27/09/2026 20:12 hrs
2026-W40,TC-143,8990.0,8990.0,04/10/2026 20:19 hrs
2026-W41,TC-143,8990.0,8990.0,08/10/2026 07:44 hrs
2026-W35,TC-144,7990.0,7990.0,30/08/2026 23:45 hrs
2026-W36,TC-144,7990.0,7990.0,06/09/2026 19:16 hrs
2026-W37,TC-144,7990.0,7990.0,13/09/2026 19:33 hrs
2026-W38,TC-144,7990.0,7990.0,20/09/2026 19:35 hrs
2026-W39,TC-144,7990.0,7990.0,27/09/2026 20:12 hrs
2026-W40,TC-144,7990.0,7990.0,04/10/2026 20:19 hrs
2026-W41,TC-144,7000.0,7990.0,08/10/2026 07:44 hrs
2026-W35,TC-145,11690.0,11690.0,27/08/2026 21:21 hrs
2026-W36,TC-145,11690.0,11690.0,01/09/2026 14:58 hrs
2026-W35,TC-146,3000.0,3000.0,27/08/2026 21:21 hrs
2026-W36,TC-146,3000.0,3000.0,01/09/2026 14:58 hrs
2026-W35,TC-147,8990.0,8990.0,27/08/2026 21:21 hrs
2026-W36,TC-147,8990.0,8990.0,01/09/2026 14:58 hrs
2026-W35,TC-148,7690.0,7690.0,27/08/2026 21:21 hrs
2026-W36,TC-148,7690.0,7690.0,01/09/2026 14:58 hrs
2026-W35,TC-149,15290.0,15290.0,27/08/2026 21:21 hrs
2026-W36,TC-149,15290.0,15290.0,01/09/2026 14:58 hrs
2026-W35,TC-150,9990.0,9990.0,27/08/2026 21:21 hrs
2026-W36,TC-150,9990.0,9990.0,01/09/2026 14:58 hrs
2026-W35,TC-151,1000.0,1000.0,27/08/2026 21:21 hrs
2026-W35,TC-152,13750.0,13750.0,27/08/2026 21:21 hrs
2026-W36,TC-152,13750.0,13750.0,01/09/2026 14:58 hrs
2026-W35,TC-153,9350.0,9350.0,27/08/2026 21:21 hrs
2026-W36,TC-153,9350.0,9350.0,01/09/2026 14:58 hrs
2026-W35,TC-154,8990.0,8990.0,27/08/2026 21:21 hrs
2026-W36,TC-154,8990.0,8990.0,01/09/2026 14:58 hrs
2026-W35,TC-155,2000.0,2000.0,27/08/2026 21:21 hrs
2026-W36,TC-155,2000.0,2000.0,01/09/2026 14:58 hrs
2026-W35,TC-156,12890.0,12890.0,27/08/2026 21:21 hrs
2026-W36,TC-156,12890.0,12890.0,01/09/2026 14:58 hrs
2026-W35,TC-157,9990.0,9990.0,27/08/2026 21:21 hrs
2026-W36,TC-157,9990.0,9990.0,01/09/2026 14:58 hrs
2026-W35,TC-158,5190.0,5190.0,27/08/2026 21:21 hrs
2026-W36,TC-158,5190.0,5190.0,01/09/2026 14:58 hrs
2026-W35,TC-159,8890.0,8890.0,27/08/2026 21:21 hrs
2026-W35,TC-160,8990.0,8990.0,27/08/2026 21:21 hrs
2026-W36,TC-160,8990.0,8990.0,01/09/2026 14:58 hrs
2026-W35,TC-161,7390.0,7390.0,27/08/2026 21:21 hrs
2026-W35,TC-162,13690.0,13690.0,27/08/2026 21:21 hrs
2026-W36,TC-162,13690.0,13690.0,01/09/2026 14:58 hrs
2026-W35,TC-163,5250.0,5250.0,27/08/2026 21:21 hrs
2026-W35,TC-164,3000.0,3000.0,27/08/2026 21:21 hrs
2026-W36,TC-164,3000.0,3000.0,01/09/2026 14:58 hrs
2026-W35,TC-165,7350.0,7350.0,27/08/2026 21:21 hrs
2026-W36,TC-165,7350.0,7350.0,01/09/2026 14:58 hrs
2026-W35,TC-166,1140.0,1900.0,30/08/2026 23:45 hrs
2026-W36,TC-166,1140.0,1900.0,06/09/2026 19:16 hrs
2026-W37,TC-166,1140.0,1900.0,13/09/2026 19:33 hrs
2026-W38,TC-166,1140.0,1900.0,20/09/2026 19:35 hrs
2026-W39,TC-166,1150.0,1900.0,27/09/2026 20:12 hrs
2026-W40,TC-166,1150.0,1900.0,04/10/2026 20:19 hrs
2026-W41,TC-166,1150.0,1900.0,08/10/2026 07:44 hrs
2026-W35,TC-167,1000.0,1560.0,30/08/2026 23:45 hrs
2026-W36,TC-167,1000.0,1560.0,06/09/2026 19:16 hrs
2026-W37,TC-167,1000.0,1560.0,13/09/2026 19:33 hrs
2026-W38,TC-167,1000.0,1560.0,20/09/2026 19:35 hrs
2026-W39,TC-167,1000.0,1560.0,27/09/2026 20:12 hrs
2026-W40,TC-167,1000.0,1560.0,04/10/2026 20:19 hrs
2026-W41,TC-167,1000.0,1560.0,08/10/2026 07:44 hrs
2026-W35,TC-168,1000.0,1390.0,30/08/2026 23:45 hrs
2026-W36,TC-168,1000.0,1390.0,06/09/2026 19:16 hrs
2026-W37,TC-168,1000.0,1390.0,13/09/2026 19:33 hrs
2026-W38,TC-168,1000.0,1390.0,20/09/2026 19:35 hrs
2026-W39,TC-168,1000.0,1390.0,27/09/2026 20:12 hrs
2026-W40,TC-168,1000.0,1390.0,04/10/2026 20:19 hrs
2026-W41,TC-168,1000.0,1390.0,08/10/2026 07:44 hrs
2026-W35,TC-169,10990.0,14150.0,30/08/2026 23:45 hrs
2026-W36,TC-169,10990.0,14150.0,06/09/2026 19:16 hrs
2026-W37,TC-169,11290.0,13720.0,13/09/2026 19:33 hrs
2026-W38,TC-169,11290.0,13720.0,20/09/2026 19:35 hrs
2026-W39,TC-169,10990.0,13720.0,27/09/2026 20:12 hrs
2026-W40,TC-169,10990.0,13720.0,04/10/2026 20:19 hrs
2026-W41,TC-169,10990.0,13720.0,08/10/2026 07:44 hrs
2026-W35,TC-170,1850.0,2190.0,30/08/2026 23:45 hrs
2026-W36,TC-170,1850.0,2190.0,06/09/2026 19:16 hrs
2026-W37,TC-170,1890.0,2190.0,13/09/2026 19:33 hrs
2026-W38,TC-170,1890.0,2190.0,20/09/2026 19:35 hrs
2026-W39,TC-170,1950.0,2190.0,27/09/2026 20:12 hrs
2026-W40,TC-170,1950.0,2190.0,04/10/2026 20:19 hrs
2026-W41,TC-170,1950.0,2190.0,08/10/2026 07:44 hrs
2026-W35,TC-171,910.0,960.0,30/08/2026 23:45 hrs
2026-W36,TC-171,910.0,960.0,06/09/2026 19:16 hrs
2026-W37,TC-171,910.0,960.0,13/09/2026 19:33 hrs
2026-W38,TC-171,910.0,960.0,20/09/2026 19:35 hrs
2026-W39,TC-171,910.0,960.0,27/09/2026 20:12 hrs
2026-W40,TC-171,910.0,960.0,04/10/2026 20:19 hrs
2026-W41,TC-171,910.0,960.0,08/10/2026 07:44 hrs
2026-W35,TC-172,2400.0,2520.0,30/08/2026 23:45 hrs
2026-W36,TC-172,2400.0,2520.0,06/09/2026 19:16 hrs
2026-W37,TC-172,2400.0,2520.0,13/09/2026 19:33 hrs
2026-W38,TC-172,2520.0,2650.0,20/09/2026 19:35 hrs
2026-W39,TC-172,1790.0,2520.0,27/09/2026 20:12 hrs
2026-W40,TC-172,1790.0,2520.0,04/10/2026 20:19 hrs
2026-W41,TC-172,1790.0,2520.0,08/10/2026 07:44 hrs
2026-W35,TC-173,13650.0,14350.0,30/08/2026 23:45 hrs
2026-W36,TC-173,13650.0,14350.0,06/09/2026 19:16 hrs
2026-W37,TC-173,13650.0,14350.0,13/09/2026 19:33 hrs
2026-W38,TC-173,13650.0,14350.0,20/09/2026 19:35 hrs
2026-W39,TC-173,10000.0,14350.0,27/09/2026 20:12 hrs
2026-W40,TC-173,13650.0,14350.0,04/10/2026 20:19 hrs
2026-W41,TC-173,10000.0,14350.0,08/10/2026 07:44 hrs
2026-W35,TC-174,6750.0,6750.0,30/08/2026 23:45 hrs
2026-W36,TC-174,6750.0,6750.0,06/09/2026 19:16 hrs
2026-W37,TC-174,6750.0,6750.0,13/09/2026 19:33 hrs
2026-W38,TC-174,6750.0,6750.0,20/09/2026 19:35 hrs
2026-W39,TC-174,6750.0,6750.0,27/09/2026 20:12 hrs
2026-W40,TC-174,6750.0,6750.0,04/10/2026 20:19 hrs
2026-W41,TC-174,6750.0,6750.0,08/10/2026 07:44 hrs
2026-W35,TC-175,1210.0,1210.0,30/08/2026 23:45 hrs
2026-W36,TC-175,1210.0,1210.0,06/09/2026 19:16 hrs
2026-W37,TC-175,1210.0,1210.0,13/09/2026 19:33 hrs
2026-W38,TC-175,1210.0,1210.0,20/09/2026 19:35 hrs
2026-W39,TC-175,1210.0,1210.0,27/09/2026 20:12 hrs
2026-W40,TC-175,1210.0,1270.0,04/10/2026 20:19 hrs
2026-W41,TC-175,1210.0,1270.0,08/10/2026 07:44 hrs
2026-W35,TC-176,7190.0,10950.0,30/08/2026 23:45 hrs
2026-W36,TC-176,7190.0,10950.0,06/09/2026 19:16 hrs
2026-W37,TC-176,7490.0,10950.0,13/09/2026 19:33 hrs
2026-W38,TC-176,7490.0,10950.0,20/09/2026 19:35 hrs
2026-W39,TC-176,7190.0,10950.0,27/09/2026 20:12 hrs
2026-W40,TC-176,7190.0,10950.0,04/10/2026 20:19 hrs
2026-W41,TC-176,7190.0,10950.0,08/10/2026 07:44 hrs
2026-W35,TC-177,5390.0,5950.0,30/08/2026 23:45 hrs
2026-W36,TC-177,5390.0,5950.0,06/09/2026 19:16 hrs
2026-W37,TC-177,5390.0,5950.0,13/09/2026 19:33 hrs
2026-W38,TC-177,5390.0,5950.0,20/09/2026 19:35 hrs
2026-W39,TC-177,6990.0,6990.0,27/09/2026 20:12 hrs
2026-W40,TC-177,5390.0,5950.0,04/10/2026 20:19 hrs
2026-W41,TC-177,5390.0,5950.0,08/10/2026 07:44 hrs
2026-W35,TC-178,4000.0,5990.0,30/08/2026 23:45 hrs
2026-W36,TC-178,4000.0,5990.0,06/09/2026 19:16 hrs
2026-W37,TC-178,4000.0,5990.0,13/09/2026 19:33 hrs
2026-W38,TC-178,4000.0,5990.0,20/09/2026 19:35 hrs
2026-W39,TC-178,4000.0,5990.0,27/09/2026 20:12 hrs
2026-W40,TC-178,4000.0,5990.0,04/10/2026 20:19 hrs
2026-W41,TC-178,4000.0,5990.0,08/10/2026 07:44 hrs
2026-W35,TC-179,1290.0,1750.0,30/08/2026 23:45 hrs
2026-W36,TC-179,1290.0,1750.0,06/09/2026 19:16 hrs
2026-W37,TC-179,1290.0,1750.0,13/09/2026 19:33 hrs
2026-W38,TC-179,1290.0,1750.0,20/09/2026 19:35 hrs
2026-W39,TC-179,1290.0,1750.0,27/09/2026 20:12 hrs
2026-W40,TC-179,1290.0,1750.0,04/10/2026 20:19 hrs
2026-W41,TC-179,1290.0,1750.0,08/10/2026 07:44 hrs
2026-W35,TC-180,850.0,1130.0,30/08/2026 23:45 hrs
2026-W36,TC-180,850.0,1130.0,06/09/2026 19:16 hrs
2026-W37,TC-180,890.0,1130.0,13/09/2026 19:33 hrs
2026-W38,TC-180,890.0,1130.0,20/09/2026 19:35 hrs
2026-W39,TC-180,890.0,1130.0,27/09/2026 20:12 hrs
2026-W40,TC-180,890.0,1130.0,04/10/2026 20:19 hrs
2026-W41,TC-180,890.0,1130.0,08/10/2026 07:44 hrs
2026-W35,TC-181,1550.0,1990.0,30/08/2026 23:45 hrs
2026-W36,TC-181,1550.0,1990.0,06/09/2026 19:16 hrs
2026-W37,TC-181,1550.0,1990.0,13/09/2026 19:33 hrs
2026-W38,TC-181,1550.0,1990.0,20/09/2026 19:35 hrs
2026-W39,TC-181,1550.0,1990.0,27/09/2026 20:12 hrs
2026-W40,TC-181,1550.0,1990.0,04/10/2026 20:19 hrs
2026-W41,TC-181,1550.0,1990.0,08/10/2026 07:44 hrs
2026-W35,TC-182,1350.0,1650.0,30/08/2026 23:45 hrs
2026-W36,TC-182,1350.0,1650.0,06/09/2026 19:16 hrs
2026-W37,TC-182,1350.0,1650.0,13/09/2026 19:33 hrs
2026-W38,TC-182,1350.0,1650.0,20/09/2026 19:35 hrs
2026-W39,TC-182,1350.0,1650.0,27/09/2026 20:12 hrs
2026-W40,TC-182,1350.0,1650.0,04/10/2026 20:19 hrs
2026-W41,TC-182,1350.0,1650.0,08/10/2026 07:44 hrs
2026-W35,TC-183,1690.0,1990.0,30/08/2026 23:45 hrs
2026-W36,TC-183,1690.0,1990.0,06/09/2026 19:16 hrs
2026-W37,TC-183,1690.0,1990.0,13/09/2026 19:33 hrs
2026-W38,TC-183,1690.0,1990.0,20/09/2026 19:35 hrs
2026-W39,TC-183,1690.0,1980.0,27/09/2026 20:12 hrs
2026-W40,TC-183,1690.0,1980.0,04/10/2026 20:19 hrs
2026-W41,TC-183,1690.0,1980.0,08/10/2026 07:44 hrs
2026-W35,TC-184,3990.0,4340.0,30/08/2026 23:45 hrs
2026-W36,TC-184,3990.0,4340.0,06/09/2026 19:16 hrs
2026-W37,TC-184,3990.0,4340.0,13/09/2026 19:33 hrs
2026-W38,TC-184,3990.0,4340.0,20/09/2026 19:35 hrs
2026-W39,TC-184,3990.0,4340.0,27/09/2026 20:12 hrs
2026-W40,TC-184,3990.0,4340.0,04/10/2026 20:19 hrs
2026-W41,TC-184,3990.0,4340.0,08/10/2026 07:44 hrs
2026-W35,TC-185,9190.0,9950.0,30/08/2026 23:45 hrs
2026-W36,TC-185,9190.0,9950.0,06/09/2026 19:16 hrs
2026-W37,TC-185,9190.0,9950.0,13/09/2026 19:33 hrs
2026-W38,TC-185,9190.0,9950.0,20/09/2026 19:35 hrs
2026-W39,TC-185,9190.0,9950.0,27/09/2026 20:12 hrs
2026-W40,TC-185,9490.0,9950.0,04/10/2026 20:19 hrs
2026-W41,TC-185,9190.0,9950.0,08/10/2026 07:44 hrs
2026-W35,TC-186,2590.0,2790.0,30/08/2026 23:45 hrs
2026-W36,TC-186,2590.0,2790.0,06/09/2026 19:16 hrs
2026-W37,TC-186,2590.0,2790.0,13/09/2026 19:33 hrs
2026-W38,TC-186,2590.0,2790.0,20/09/2026 19:35 hrs
2026-W39,TC-186,2590.0,2790.0,27/09/2026 20:12 hrs
2026-W40,TC-186,2590.0,2790.0,04/10/2026 20:19 hrs
2026-W41,TC-186,2590.0,2790.0,08/10/2026 07:44 hrs
2026-W35,TC-187,4990.0,5350.0,30/08/2026 23:45 hrs
2026-W36,TC-187,4990.0,5350.0,06/09/2026 19:16 hrs
2026-W37,TC-187,4990.0,5350.0,13/09/2026 19:33 hrs
2026-W38,TC-187,4990.0,5350.0,20/09/2026 19:35 hrs
2026-W39,TC-187,4990.0,5350.0,27/09/2026 20:12 hrs
2026-W40,TC-187,4990.0,5350.0,04/10/2026 20:19 hrs
2026-W41,TC-187,4990.0,5350.0,08/10/2026 07:44 hrs
2026-W35,TC-188,7490.0,7950.0,30/08/2026 23:45 hrs
2026-W36,TC-188,7490.0,7950.0,06/09/2026 19:16 hrs
2026-W37,TC-188,7490.0,7950.0,13/09/2026 19:33 hrs
2026-W38,TC-188,7490.0,7950.0,20/09/2026 19:35 hrs
2026-W39,TC-188,7490.0,7950.0,27/09/2026 20:12 hrs
2026-W40,TC-188,7490.0,7950.0,04/10/2026 20:19 hrs
2026-W41,TC-188,7490.0,7950.0,08/10/2026 07:44 hrs
2026-W35,TC-189,1960.0,2060.0,30/08/2026 23:45 hrs
2026-W36,TC-189,1960.0,2060.0,06/09/2026 19:16 hrs
2026-W37,TC-189,1960.0,2060.0,13/09/2026 19:33 hrs
2026-W38,TC-189,1960.0,2060.0,20/09/2026 19:35 hrs
2026-W39,TC-189,1960.0,2060.0,27/09/2026 20:12 hrs
2026-W40,TC-189,1960.0,2060.0,04/10/2026 20:19 hrs
2026-W41,TC-189,1960.0,2060.0,08/10/2026 07:44 hrs
2026-W35,TC-190,1140.0,1200.0,30/08/2026 23:45 hrs
2026-W36,TC-190,1140.0,1200.0,06/09/2026 19:16 hrs
2026-W37,TC-190,1140.0,1200.0,13/09/2026 19:33 hrs
2026-W38,TC-190,1200.0,1260.0,20/09/2026 19:35 hrs
2026-W39,TC-190,1050.0,1200.0,27/09/2026 20:12 hrs
2026-W40,TC-190,1050.0,1200.0,04/10/2026 20:19 hrs
2026-W41,TC-190,1050.0,1200.0,08/10/2026 07:44 hrs
2026-W35,TC-191,1590.0,1670.0,30/08/2026 23:45 hrs
2026-W36,TC-191,1590.0,1670.0,06/09/2026 19:16 hrs
2026-W37,TC-191,1590.0,1670.0,13/09/2026 19:33 hrs
2026-W38,TC-191,1670.0,1750.0,20/09/2026 19:35 hrs
2026-W39,TC-191,1490.0,1670.0,27/09/2026 20:12 hrs
2026-W40,TC-191,1490.0,1670.0,04/10/2026 20:19 hrs
2026-W41,TC-191,1490.0,1670.0,08/10/2026 07:44 hrs
2026-W35,TC-192,5290.0,5450.0,30/08/2026 23:45 hrs
2026-W36,TC-192,5290.0,5450.0,06/09/2026 19:16 hrs
2026-W37,TC-192,5290.0,5450.0,13/09/2026 19:33 hrs
2026-W38,TC-192,5290.0,5450.0,20/09/2026 19:35 hrs
2026-W39,TC-192,5290.0,5450.0,27/09/2026 20:12 hrs
2026-W40,TC-192,5290.0,5450.0,04/10/2026 20:19 hrs
2026-W41,TC-192,5290.0,5450.0,08/10/2026 07:44 hrs
2026-W35,TC-193,1460.0,1530.0,30/08/2026 23:45 hrs
2026-W36,TC-193,1460.0,1530.0,06/09/2026 19:16 hrs
2026-W37,TC-193,1460.0,1530.0,13/09/2026 19:33 hrs
2026-W38,TC-193,1460.0,1530.0,20/09/2026 19:35 hrs
2026-W39,TC-193,1460.0,1530.0,27/09/2026 20:12 hrs
2026-W40,TC-193,1460.0,1530.0,04/10/2026 20:19 hrs
2026-W41,TC-193,1460.0,1530.0,08/10/2026 07:44 hrs
2026-W35,TC-194,10590.0,10790.0,30/08/2026 23:45 hrs
2026-W36,TC-194,10590.0,10790.0,06/09/2026 19:16 hrs
2026-W37,TC-194,10590.0,10790.0,13/09/2026 19:33 hrs
2026-W38,TC-194,10590.0,10790.0,20/09/2026 19:35 hrs
2026-W39,TC-194,10290.0,10790.0,27/09/2026 20:12 hrs
2026-W40,TC-194,10290.0,10790.0,04/10/2026 20:19 hrs
2026-W41,TC-194,10290.0,10790.0,08/10/2026 07:44 hrs
2026-W35,TC-195,10990.0,10990.0,30/08/2026 23:45 hrs
2026-W36,TC-195,10990.0,10990.0,06/09/2026 19:16 hrs
2026-W37,TC-195,10990.0,10990.0,13/09/2026 19:33 hrs
2026-W38,TC-195,10990.0,10990.0,20/09/2026 19:35 hrs
2026-W39,TC-195,10990.0,10990.0,27/09/2026 20:12 hrs
2026-W40,TC-195,10990.0,10990.0,04/10/2026 20:19 hrs
2026-W41,TC-195,10990.0,10990.0,08/10/2026 07:44 hrs
2026-W35,TC-196,7490.0,10650.0,30/08/2026 23:45 hrs
2026-W36,TC-196,7490.0,10650.0,06/09/2026 19:16 hrs
2026-W37,TC-196,8490.0,10650.0,13/09/2026 19:33 hrs
2026-W38,TC-196,8490.0,10650.0,20/09/2026 19:35 hrs
2026-W39,TC-196,8490.0,10650.0,27/09/2026 20:12 hrs
2026-W40,TC-196,8490.0,10650.0,04/10/2026 20:19 hrs
2026-W41,TC-196,8490.0,10650.0,08/10/2026 07:44 hrs
2026-W36,TC-197,1950.0,2590.0,06/09/2026 19:16 hrs
2026-W37,TC-197,1950.0,2590.0,13/09/2026 19:33 hrs
2026-W38,TC-197,1950.0,2590.0,20/09/2026 19:35 hrs
2026-W39,TC-197,1690.0,2590.0,27/09/2026 20:12 hrs
2026-W40,TC-197,1650.0,2590.0,04/10/2026 20:19 hrs
2026-W41,TC-197,1690.0,2590.0,08/10/2026 07:44 hrs
2026-W36,TC-198,1000.0,1450.0,06/09/2026 19:16 hrs
2026-W37,TC-198,1000.0,1490.0,13/09/2026 19:33 hrs
2026-W38,TC-198,1000.0,1490.0,20/09/2026 19:35 hrs
2026-W39,TC-198,1000.0,1490.0,27/09/2026 20:12 hrs
2026-W40,TC-198,1000.0,1490.0,04/10/2026 20:19 hrs
2026-W41,TC-198,1000.0,1490.0,08/10/2026 07:44 hrs
2026-W36,TC-199,3150.0,3750.0,06/09/2026 19:16 hrs
2026-W37,TC-199,2650.0,3750.0,13/09/2026 19:33 hrs
2026-W38,TC-199,2650.0,3750.0,20/09/2026 19:35 hrs
2026-W39,TC-199,3010.0,3750.0,27/09/2026 20:12 hrs
2026-W40,TC-199,2390.0,3750.0,04/10/2026 20:19 hrs
2026-W41,TC-199,3010.0,3750.0,08/10/2026 07:44 hrs
2026-W36,TC-200,3150.0,4250.0,06/09/2026 19:16 hrs
2026-W37,TC-200,3000.0,3990.0,13/09/2026 19:33 hrs
2026-W38,TC-200,3000.0,3990.0,20/09/2026 19:35 hrs
2026-W39,TC-200,3150.0,3990.0,27/09/2026 20:12 hrs
2026-W40,TC-200,2750.0,3990.0,04/10/2026 20:19 hrs
2026-W41,TC-200,3150.0,3990.0,08/10/2026 07:44 hrs
2026-W36,TC-201,2690.0,2690.0,06/09/2026 19:16 hrs
2026-W37,TC-201,2690.0,2690.0,13/09/2026 19:33 hrs
2026-W38,TC-201,2690.0,2690.0,20/09/2026 19:35 hrs
2026-W39,TC-201,2690.0,2690.0,27/09/2026 20:12 hrs
2026-W40,TC-201,2690.0,2690.0,04/10/2026 20:19 hrs
2026-W41,TC-201,2690.0,2690.0,08/10/2026 07:44 hrs
2026-W36,TC-202,3650.0,4290.0,06/09/2026 19:16 hrs
2026-W37,TC-202,3650.0,4290.0,13/09/2026 19:33 hrs
2026-W38,TC-202,3650.0,4290.0,20/09/2026 19:35 hrs
2026-W39,TC-202,3100.0,3990.0,27/09/2026 20:12 hrs
2026-W40,TC-202,2700.0,3990.0,04/10/2026 20:19 hrs
2026-W41,TC-202,3100.0,3990.0,08/10/2026 07:44 hrs
2026-W36,TC-203,3000.0,4390.0,06/09/2026 19:16 hrs
2026-W37,TC-203,3000.0,4390.0,13/09/2026 19:33 hrs
2026-W38,TC-203,3000.0,4390.0,20/09/2026 19:35 hrs
2026-W39,TC-203,3000.0,4290.0,27/09/2026 20:12 hrs
2026-W40,TC-203,2790.0,4290.0,04/10/2026 20:19 hrs
2026-W41,TC-203,3000.0,4290.0,08/10/2026 07:44 hrs
2026-W36,TC-204,1000.0,1890.0,06/09/2026 19:16 hrs
2026-W37,TC-204,1000.0,1890.0,13/09/2026 19:33 hrs
2026-W38,TC-204,1000.0,1890.0,20/09/2026 19:35 hrs
2026-W39,TC-204,1000.0,1890.0,27/09/2026 20:12 hrs
2026-W40,TC-204,1000.0,1890.0,04/10/2026 20:19 hrs
2026-W41,TC-204,1000.0,1890.0,08/10/2026 07:44 hrs
2026-W36,TC-205,5000.0,6750.0,06/09/2026 19:16 hrs
2026-W37,TC-205,4350.0,6750.0,13/09/2026 19:33 hrs
2026-W38,TC-205,4350.0,6750.0,20/09/2026 19:35 hrs
2026-W39,TC-205,4960.0,6750.0,27/09/2026 20:12 hrs
2026-W40,TC-205,4190.0,6750.0,04/10/2026 20:19 hrs
2026-W41,TC-205,4960.0,6750.0,08/10/2026 07:44 hrs
2026-W36,TC-206,6490.0,8890.0,06/09/2026 19:16 hrs
2026-W37,TC-206,6490.0,8890.0,13/09/2026 19:33 hrs
2026-W38,TC-206,6490.0,8890.0,20/09/2026 19:35 hrs
2026-W39,TC-206,6050.0,8890.0,27/09/2026 20:12 hrs
2026-W40,TC-206,5600.0,8890.0,04/10/2026 20:19 hrs
2026-W41,TC-206,6050.0,8890.0,08/10/2026 07:44 hrs
2026-W36,TC-207,1490.0,2150.0,06/09/2026 19:16 hrs
2026-W37,TC-207,1490.0,2150.0,13/09/2026 19:33 hrs
2026-W38,TC-207,1490.0,2150.0,20/09/2026 19:35 hrs
2026-W39,TC-207,1490.0,2150.0,27/09/2026 20:12 hrs
2026-W40,TC-207,1490.0,2150.0,04/10/2026 20:19 hrs
2026-W41,TC-207,1490.0,2150.0,08/10/2026 07:44 hrs
2026-W36,TC-208,3990.0,6150.0,06/09/2026 19:16 hrs
2026-W37,TC-208,3990.0,6150.0,13/09/2026 19:33 hrs
2026-W38,TC-208,3990.0,6150.0,20/09/2026 19:35 hrs
2026-W39,TC-208,3990.0,6090.0,27/09/2026 20:12 hrs
2026-W40,TC-208,3990.0,6090.0,04/10/2026 20:19 hrs
2026-W41,TC-208,3990.0,6090.0,08/10/2026 07:44 hrs
2026-W36,TC-209,2150.0,3690.0,06/09/2026 19:16 hrs
2026-W37,TC-209,2150.0,3690.0,13/09/2026 19:33 hrs
2026-W38,TC-209,2150.0,3690.0,20/09/2026 19:35 hrs
2026-W39,TC-209,3550.0,3550.0,27/09/2026 20:12 hrs
2026-W40,TC-209,3550.0,3550.0,04/10/2026 20:19 hrs
2026-W41,TC-209,3550.0,3550.0,08/10/2026 07:44 hrs
2026-W36,TC-210,2000.0,2450.0,06/09/2026 19:16 hrs
2026-W37,TC-210,2000.0,2450.0,13/09/2026 19:33 hrs
2026-W38,TC-210,2000.0,2450.0,20/09/2026 19:35 hrs
2026-W39,TC-210,2000.0,2450.0,27/09/2026 20:12 hrs
2026-W40,TC-210,1560.0,2450.0,04/10/2026 20:19 hrs
2026-W41,TC-210,2000.0,2450.0,08/10/2026 07:44 hrs
2026-W36,TC-211,3390.0,3990.0,06/09/2026 19:16 hrs
2026-W37,TC-211,3390.0,3990.0,13/09/2026 19:33 hrs
2026-W38,TC-211,3390.0,3990.0,20/09/2026 19:35 hrs
2026-W39,TC-211,3290.0,4090.0,27/09/2026 20:12 hrs
2026-W40,TC-211,2630.0,4090.0,04/10/2026 20:19 hrs
2026-W41,TC-211,3290.0,4090.0,08/10/2026 07:44 hrs
2026-W36,TC-212,2790.0,4090.0,06/09/2026 19:16 hrs
2026-W37,TC-212,2790.0,4090.0,13/09/2026 19:33 hrs
2026-W38,TC-212,2790.0,4090.0,20/09/2026 19:35 hrs
2026-W39,TC-212,2850.0,4090.0,27/09/2026 20:12 hrs
2026-W40,TC-212,2650.0,4090.0,04/10/2026 20:19 hrs
2026-W41,TC-212,2850.0,4090.0,08/10/2026 07:44 hrs
2026-W36,TC-213,4510.0,6390.0,06/09/2026 19:16 hrs
2026-W37,TC-213,4510.0,6390.0,13/09/2026 19:33 hrs
2026-W38,TC-213,4510.0,6390.0,20/09/2026 19:35 hrs
2026-W39,TC-213,6450.0,6450.0,27/09/2026 20:12 hrs
2026-W40,TC-213,6450.0,6450.0,04/10/2026 20:19 hrs
2026-W41,TC-213,6450.0,6450.0,08/10/2026 07:44 hrs
2026-W36,TC-214,3460.0,4850.0,06/09/2026 19:16 hrs
2026-W37,TC-214,3460.0,4850.0,13/09/2026 19:33 hrs
2026-W38,TC-214,3460.0,4850.0,20/09/2026 19:35 hrs
2026-W39,TC-214,3180.0,4850.0,27/09/2026 20:12 hrs
2026-W40,TC-214,3050.0,4850.0,04/10/2026 20:19 hrs
2026-W41,TC-214,3180.0,4850.0,08/10/2026 07:44 hrs
2026-W36,TC-215,1690.0,1690.0,06/09/2026 19:16 hrs
2026-W37,TC-215,1690.0,1690.0,13/09/2026 19:33 hrs
2026-W38,TC-215,1690.0,1690.0,20/09/2026 19:35 hrs
2026-W39,TC-215,1690.0,1690.0,27/09/2026 20:12 hrs
2026-W40,TC-215,1690.0,1690.0,04/10/2026 20:19 hrs
2026-W41,TC-215,1690.0,1690.0,08/10/2026 07:44 hrs
2026-W36,TC-216,2890.0,2890.0,06/09/2026 19:16 hrs
2026-W37,TC-216,2890.0,2890.0,13/09/2026 19:33 hrs
2026-W38,TC-216,2890.0,2890.0,20/09/2026 19:35 hrs
2026-W39,TC-216,2890.0,2890.0,27/09/2026 20:12 hrs
2026-W40,TC-216,2890.0,2890.0,04/10/2026 20:19 hrs
2026-W41,TC-216,2890.0,2890.0,08/10/2026 07:44 hrs
2026-W36,TC-217,5350.0,5350.0,06/09/2026 19:16 hrs
2026-W37,TC-217,5350.0,5350.0,13/09/2026 19:33 hrs
2026-W38,TC-217,5350.0,5350.0,20/09/2026 19:35 hrs
2026-W39,TC-217,5350.0,5350.0,27/09/2026 20:12 hrs
2026-W40,TC-217,5350.0,5350.0,04/10/2026 20:19 hrs
2026-W41,TC-217,5350.0,5350.0,08/10/2026 07:44 hrs
2026-W36,TC-218,3490.0,3490.0,06/09/2026 19:16 hrs
2026-W37,TC-218,3490.0,3490.0,13/09/2026 19:33 hrs
2026-W38,TC-218,3490.0,3490.0,20/09/2026 19:35 hrs
2026-W39,TC-218,3490.0,3490.0,22/09/2026 12:41 hrs
2026-W36,TC-219,2750.0,3750.0,06/09/2026 19:16 hrs
2026-W37,TC-219,2490.0,3750.0,13/09/2026 19:33 hrs
2026-W38,TC-219,2438.0,3750.0,20/09/2026 19:35 hrs
2026-W39,TC-219,2750.0,3750.0,27/09/2026 20:12 hrs
2026-W40,TC-219,2363.0,3750.0,04/10/2026 20:19 hrs
2026-W41,TC-219,2690.0,3750.0,08/10/2026 07:44 hrs
2026-W36,TC-220,4230.0,4230.0,06/09/2026 19:16 hrs
2026-W37,TC-220,4250.0,4250.0,13/09/2026 19:33 hrs
2026-W38,TC-220,2763.0,4250.0,20/09/2026 19:35 hrs
2026-W39,TC-220,4230.0,4230.0,27/09/2026 20:12 hrs
2026-W40,TC-220,2538.0,4230.0,04/10/2026 20:19 hrs
2026-W41,TC-220,2690.0,4230.0,08/10/2026 07:44 hrs
2026-W36,TC-221,2950.0,3790.0,06/09/2026 19:16 hrs
2026-W37,TC-221,2950.0,3790.0,13/09/2026 19:33 hrs
2026-W38,TC-221,2464.0,3790.0,20/09/2026 19:35 hrs
2026-W39,TC-221,2464.0,3790.0,27/09/2026 20:12 hrs
2026-W40,TC-221,2274.0,3790.0,04/10/2026 20:19 hrs
2026-W41,TC-221,2990.0,3790.0,08/10/2026 07:44 hrs
2026-W36,TC-222,3990.0,6490.0,06/09/2026 19:16 hrs
2026-W37,TC-222,3990.0,6490.0,13/09/2026 19:33 hrs
2026-W38,TC-222,4050.0,6490.0,20/09/2026 19:35 hrs
2026-W39,TC-222,4050.0,6490.0,27/09/2026 20:12 hrs
2026-W40,TC-222,3959.0,6490.0,04/10/2026 20:19 hrs
2026-W41,TC-222,3990.0,6490.0,08/10/2026 07:44 hrs
2026-W36,TC-223,1690.0,1890.0,06/09/2026 19:16 hrs
2026-W37,TC-223,1690.0,1890.0,13/09/2026 19:33 hrs
2026-W38,TC-223,1690.0,1890.0,20/09/2026 19:35 hrs
2026-W39,TC-223,1690.0,1890.0,27/09/2026 20:12 hrs
2026-W40,TC-223,1690.0,1890.0,04/10/2026 20:19 hrs
2026-W41,TC-223,1690.0,1890.0,08/10/2026 07:44 hrs
2026-W36,TC-224,3990.0,4990.0,06/09/2026 19:16 hrs
2026-W37,TC-224,3990.0,4990.0,13/09/2026 19:33 hrs
2026-W38,TC-224,3990.0,4990.0,20/09/2026 19:35 hrs
2026-W39,TC-224,3990.0,4990.0,27/09/2026 20:12 hrs
2026-W40,TC-224,3990.0,4990.0,04/10/2026 20:19 hrs
2026-W41,TC-224,3990.0,4990.0,08/10/2026 07:44 hrs
2026-W36,TC-225,1750.0,2590.0,06/09/2026 19:16 hrs
2026-W37,TC-225,1750.0,2590.0,13/09/2026 19:33 hrs
2026-W38,TC-225,1684.0,2590.0,20/09/2026 19:35 hrs
2026-W39,TC-225,1750.0,2590.0,27/09/2026 20:12 hrs
2026-W40,TC-225,1632.0,2590.0,04/10/2026 20:19 hrs
2026-W41,TC-225,1950.0,2590.0,08/10/2026 07:44 hrs
2026-W36,TC-226,6390.0,8890.0,06/09/2026 19:16 hrs
2026-W37,TC-226,6390.0,8890.0,13/09/2026 19:33 hrs
2026-W38,TC-226,5779.0,8890.0,20/09/2026 19:35 hrs
2026-W39,TC-226,6390.0,8890.0,27/09/2026 20:12 hrs
2026-W40,TC-226,5512.0,8890.0,04/10/2026 20:19 hrs
2026-W41,TC-226,5990.0,8890.0,08/10/2026 07:44 hrs
2026-W36,TC-227,3290.0,4250.0,06/09/2026 19:16 hrs
2026-W37,TC-227,3290.0,4250.0,13/09/2026 19:33 hrs
2026-W38,TC-227,2763.0,4250.0,20/09/2026 19:35 hrs
2026-W39,TC-227,3290.0,4250.0,27/09/2026 20:12 hrs
2026-W40,TC-227,2763.0,4250.0,04/10/2026 20:19 hrs
2026-W41,TC-227,3290.0,4250.0,08/10/2026 07:44 hrs
2026-W36,TC-228,2690.0,2690.0,06/09/2026 19:16 hrs
2026-W37,TC-228,2690.0,2690.0,13/09/2026 19:33 hrs
2026-W38,TC-228,2690.0,2690.0,20/09/2026 19:35 hrs
2026-W39,TC-228,2690.0,2690.0,27/09/2026 20:12 hrs
2026-W40,TC-228,2690.0,2690.0,04/10/2026 20:19 hrs
2026-W41,TC-228,2690.0,2690.0,08/10/2026 07:44 hrs
2026-W36,TC-229,3590.0,4290.0,06/09/2026 19:16 hrs
2026-W37,TC-229,3290.0,4290.0,13/09/2026 19:33 hrs
2026-W38,TC-229,2789.0,4290.0,20/09/2026 19:35 hrs
2026-W39,TC-229,3590.0,4290.0,27/09/2026 20:12 hrs
2026-W40,TC-229,2703.0,4290.0,04/10/2026 20:19 hrs
2026-W41,TC-229,3550.0,4290.0,08/10/2026 07:44 hrs
2026-W36,TC-230,2890.0,4850.0,06/09/2026 19:16 hrs
2026-W37,TC-230,2890.0,4990.0,13/09/2026 19:33 hrs
2026-W38,TC-230,2890.0,4990.0,20/09/2026 19:35 hrs
2026-W39,TC-230,2890.0,5000.0,27/09/2026 20:12 hrs
2026-W40,TC-230,2900.0,5000.0,04/10/2026 20:19 hrs
2026-W41,TC-230,2990.0,5000.0,08/10/2026 07:44 hrs
2026-W36,TC-231,2190.0,3490.0,06/09/2026 19:16 hrs
2026-W37,TC-231,2190.0,3490.0,13/09/2026 19:33 hrs
2026-W38,TC-231,2190.0,3490.0,20/09/2026 19:35 hrs
2026-W39,TC-231,2190.0,3490.0,27/09/2026 20:12 hrs
2026-W40,TC-231,2150.0,3490.0,04/10/2026 20:19 hrs
2026-W41,TC-231,2150.0,3490.0,08/10/2026 07:44 hrs
2026-W36,TC-232,1850.0,2450.0,06/09/2026 19:16 hrs
2026-W37,TC-232,1850.0,2520.0,13/09/2026 19:33 hrs
2026-W38,TC-232,1638.0,2520.0,20/09/2026 19:35 hrs
2026-W39,TC-232,1850.0,2520.0,27/09/2026 20:12 hrs
2026-W40,TC-232,1537.0,2520.0,04/10/2026 20:19 hrs
2026-W41,TC-232,1690.0,2520.0,08/10/2026 07:44 hrs
2026-W36,TC-233,1750.0,1750.0,06/09/2026 19:16 hrs
2026-W37,TC-233,1800.0,1800.0,13/09/2026 19:33 hrs
2026-W38,TC-233,1800.0,1800.0,20/09/2026 19:35 hrs
2026-W39,TC-233,1800.0,1800.0,27/09/2026 20:12 hrs
2026-W40,TC-233,1800.0,1800.0,04/10/2026 20:19 hrs
2026-W41,TC-233,1800.0,1800.0,08/10/2026 07:44 hrs
2026-W36,TC-234,2990.0,4390.0,06/09/2026 19:16 hrs
2026-W37,TC-234,2990.0,4390.0,13/09/2026 19:33 hrs
2026-W38,TC-234,2854.0,4390.0,20/09/2026 19:35 hrs
2026-W39,TC-234,2990.0,4390.0,27/09/2026 20:12 hrs
2026-W40,TC-234,2678.0,4390.0,04/10/2026 20:19 hrs
2026-W41,TC-234,2990.0,4390.0,08/10/2026 07:44 hrs
2026-W36,TC-235,3790.0,3790.0,06/09/2026 19:16 hrs
2026-W37,TC-235,3790.0,3790.0,13/09/2026 19:33 hrs
2026-W38,TC-235,3790.0,3790.0,20/09/2026 19:35 hrs
2026-W39,TC-235,3790.0,3790.0,27/09/2026 20:12 hrs
2026-W40,TC-235,3790.0,3790.0,04/10/2026 20:19 hrs
2026-W41,TC-235,3790.0,3790.0,08/10/2026 07:44 hrs
2026-W36,TC-236,2690.0,2690.0,06/09/2026 19:16 hrs
2026-W37,TC-236,2770.0,2770.0,13/09/2026 19:33 hrs
2026-W38,TC-236,2770.0,2770.0,20/09/2026 19:35 hrs
2026-W39,TC-236,2770.0,2770.0,27/09/2026 20:12 hrs
2026-W40,TC-236,2190.0,2770.0,04/10/2026 20:19 hrs
2026-W41,TC-236,2190.0,2770.0,08/10/2026 07:44 hrs
2026-W36,TC-237,1890.0,1890.0,06/09/2026 19:16 hrs
2026-W37,TC-237,1950.0,1950.0,13/09/2026 19:33 hrs
2026-W38,TC-237,1950.0,1950.0,20/09/2026 19:35 hrs
2026-W39,TC-237,1950.0,1950.0,27/09/2026 20:12 hrs
2026-W40,TC-237,1190.0,1950.0,04/10/2026 20:19 hrs
2026-W41,TC-237,1950.0,1950.0,08/10/2026 07:44 hrs
2026-W36,TC-238,5050.0,5050.0,06/09/2026 19:16 hrs
2026-W37,TC-238,5200.0,5200.0,13/09/2026 19:33 hrs
2026-W38,TC-238,5200.0,5200.0,20/09/2026 19:35 hrs
2026-W39,TC-238,5200.0,5200.0,27/09/2026 20:12 hrs
2026-W40,TC-238,3690.0,5200.0,04/10/2026 20:19 hrs
2026-W41,TC-238,3690.0,5200.0,08/10/2026 07:44 hrs
2026-W36,TC-239,1090.0,1090.0,06/09/2026 19:16 hrs
2026-W37,TC-239,1090.0,1090.0,13/09/2026 19:33 hrs
2026-W38,TC-239,1090.0,1090.0,20/09/2026 19:35 hrs
2026-W39,TC-239,1090.0,1090.0,27/09/2026 20:12 hrs
2026-W40,TC-239,1090.0,1090.0,04/10/2026 20:19 hrs
2026-W41,TC-239,1090.0,1090.0,08/10/2026 07:44 hrs
2026-W36,TC-240,1690.0,1880.0,06/09/2026 19:16 hrs
2026-W37,TC-240,1690.0,1880.0,13/09/2026 19:33 hrs
2026-W38,TC-240,1690.0,1880.0,20/09/2026 19:35 hrs
2026-W39,TC-240,1690.0,1880.0,27/09/2026 20:12 hrs
2026-W40,TC-240,1690.0,1880.0,04/10/2026 20:19 hrs
2026-W41,TC-240,1690.0,1880.0,07/10/2026 21:23 hrs
2026-W36,TC-241,3142.0,4190.0,06/09/2026 19:16 hrs
2026-W37,TC-241,3142.0,4190.0,13/09/2026 19:33 hrs
2026-W38,TC-241,2723.0,4190.0,20/09/2026 19:35 hrs
2026-W39,TC-241,3142.0,4190.0,27/09/2026 20:12 hrs
2026-W40,TC-241,2598.0,4190.0,04/10/2026 20:19 hrs
2026-W41,TC-241,2990.0,4190.0,08/10/2026 07:44 hrs
2026-W36,TC-242,1420.0,1740.0,06/09/2026 19:16 hrs
2026-W37,TC-242,1420.0,1740.0,13/09/2026 19:33 hrs
2026-W38,TC-242,1420.0,1740.0,20/09/2026 19:35 hrs
2026-W39,TC-242,1420.0,1740.0,27/09/2026 20:12 hrs
2026-W40,TC-242,1740.0,1740.0,04/10/2026 20:19 hrs
2026-W41,TC-242,1740.0,1740.0,08/10/2026 07:44 hrs
2026-W36,TC-243,3990.0,4980.0,06/09/2026 19:16 hrs
2026-W37,TC-243,3990.0,4980.0,13/09/2026 19:33 hrs
2026-W38,TC-243,3990.0,4980.0,20/09/2026 19:35 hrs
2026-W39,TC-243,3990.0,4980.0,27/09/2026 20:12 hrs
2026-W40,TC-243,3990.0,4980.0,04/10/2026 20:19 hrs
2026-W41,TC-243,3990.0,4980.0,08/10/2026 07:44 hrs
2026-W36,TC-244,1680.0,2550.0,06/09/2026 19:16 hrs
2026-W37,TC-244,1680.0,2550.0,13/09/2026 19:33 hrs
2026-W38,TC-244,1657.0,2550.0,20/09/2026 19:35 hrs
2026-W39,TC-244,1680.0,2550.0,27/09/2026 20:12 hrs
2026-W40,TC-244,1606.0,2550.0,04/10/2026 20:19 hrs
2026-W41,TC-244,1950.0,2550.0,08/10/2026 07:44 hrs
2026-W36,TC-245,2150.0,2680.0,06/09/2026 19:16 hrs
2026-W37,TC-245,2150.0,2680.0,13/09/2026 19:33 hrs
2026-W38,TC-245,2150.0,2680.0,20/09/2026 19:35 hrs
2026-W39,TC-245,2150.0,2680.0,27/09/2026 20:12 hrs
2026-W40,TC-245,2190.0,2680.0,04/10/2026 20:19 hrs
2026-W41,TC-245,2190.0,2680.0,07/10/2026 21:23 hrs
2026-W36,TC-246,1550.0,1550.0,06/09/2026 19:16 hrs
2026-W37,TC-246,790.0,1550.0,11/09/2026 12:10 hrs
2026-W38,TC-246,790.0,1550.0,20/09/2026 19:35 hrs
2026-W39,TC-246,790.0,1560.0,27/09/2026 20:12 hrs
2026-W40,TC-246,790.0,1560.0,04/10/2026 20:19 hrs
2026-W41,TC-246,790.0,1560.0,08/10/2026 07:44 hrs
2026-W36,TC-247,2790.0,3690.0,06/09/2026 19:16 hrs
2026-W37,TC-247,2790.0,3690.0,13/09/2026 19:33 hrs
2026-W38,TC-247,2398.0,3690.0,20/09/2026 19:35 hrs
2026-W39,TC-247,2790.0,3690.0,27/09/2026 20:12 hrs
2026-W40,TC-247,2325.0,3690.0,04/10/2026 20:19 hrs
2026-W41,TC-247,2690.0,3690.0,08/10/2026 07:44 hrs
2026-W36,TC-248,3000.0,4190.0,06/09/2026 19:16 hrs
2026-W37,TC-248,3000.0,4190.0,13/09/2026 19:33 hrs
2026-W38,TC-248,2723.0,4190.0,20/09/2026 11:50 hrs
2026-W39,TC-248,3000.0,4190.0,27/09/2026 20:12 hrs
2026-W40,TC-248,2640.0,4190.0,04/10/2026 20:19 hrs
2026-W41,TC-248,3550.0,4190.0,08/10/2026 07:44 hrs
2026-W36,TC-249,4450.0,6390.0,06/09/2026 19:16 hrs
2026-W37,TC-249,4450.0,6390.0,13/09/2026 19:33 hrs
2026-W38,TC-249,4153.0,6390.0,20/09/2026 19:35 hrs
2026-W39,TC-249,4450.0,6390.0,27/09/2026 20:12 hrs
2026-W40,TC-249,3834.0,6390.0,04/10/2026 20:19 hrs
2026-W41,TC-249,3990.0,6390.0,08/10/2026 07:44 hrs
2026-W36,TC-250,2950.0,4290.0,06/09/2026 19:16 hrs
2026-W37,TC-250,2950.0,4290.0,13/09/2026 19:33 hrs
2026-W38,TC-250,2788.0,4290.0,20/09/2026 19:35 hrs
2026-W39,TC-250,2950.0,4290.0,27/09/2026 20:12 hrs
2026-W40,TC-250,2574.0,4290.0,04/10/2026 20:19 hrs
2026-W41,TC-250,2950.0,4290.0,08/10/2026 07:44 hrs
2026-W36,TC-251,3190.0,3750.0,06/09/2026 19:16 hrs
2026-W37,TC-251,3190.0,3750.0,13/09/2026 19:33 hrs
2026-W38,TC-251,2437.0,3750.0,20/09/2026 19:35 hrs
2026-W39,TC-251,3190.0,3750.0,27/09/2026 20:12 hrs
2026-W40,TC-251,2250.0,3750.0,04/10/2026 20:19 hrs
2026-W41,TC-251,2990.0,3750.0,08/10/2026 07:44 hrs
2026-W36,TC-252,1850.0,1850.0,06/09/2026 19:16 hrs
2026-W37,TC-252,1850.0,1850.0,13/09/2026 19:33 hrs
2026-W38,TC-252,1910.0,1910.0,20/09/2026 19:35 hrs
2026-W39,TC-252,1910.0,1910.0,27/09/2026 20:12 hrs
2026-W40,TC-252,1184.0,1910.0,04/10/2026 20:19 hrs
2026-W41,TC-252,1910.0,1910.0,08/10/2026 07:44 hrs
2026-W36,TC-253,6450.0,8790.0,06/09/2026 19:16 hrs
2026-W37,TC-253,6450.0,8790.0,13/09/2026 19:33 hrs
2026-W38,TC-253,5713.0,8790.0,20/09/2026 19:35 hrs
2026-W39,TC-253,6450.0,8790.0,27/09/2026 20:12 hrs
2026-W40,TC-253,5450.0,8790.0,04/10/2026 20:19 hrs
2026-W41,TC-253,5890.0,8790.0,08/10/2026 07:44 hrs
2026-W36,TC-254,2740.0,2740.0,06/09/2026 19:16 hrs
2026-W37,TC-254,2740.0,2740.0,13/09/2026 19:33 hrs
2026-W38,TC-254,2740.0,2740.0,20/09/2026 19:35 hrs
2026-W39,TC-254,2740.0,2740.0,27/09/2026 20:12 hrs
2026-W40,TC-254,2740.0,2740.0,04/10/2026 20:19 hrs
2026-W41,TC-254,2740.0,2740.0,08/10/2026 07:44 hrs
2026-W36,TC-255,2190.0,3450.0,06/09/2026 19:16 hrs
2026-W37,TC-255,2190.0,3450.0,13/09/2026 19:33 hrs
2026-W38,TC-255,2190.0,3450.0,20/09/2026 19:35 hrs
2026-W39,TC-255,2190.0,3450.0,27/09/2026 20:12 hrs
2026-W40,TC-255,2150.0,3450.0,04/10/2026 20:19 hrs
2026-W41,TC-255,2150.0,3450.0,08/10/2026 07:44 hrs
2026-W36,TC-256,1090.0,1090.0,06/09/2026 19:16 hrs
2026-W37,TC-256,1090.0,1090.0,13/09/2026 19:33 hrs
2026-W38,TC-256,1090.0,1090.0,20/09/2026 19:35 hrs
2026-W39,TC-256,1090.0,1090.0,27/09/2026 20:12 hrs
2026-W40,TC-256,1090.0,1090.0,04/10/2026 20:19 hrs
2026-W41,TC-256,1090.0,1090.0,08/10/2026 07:44 hrs
2026-W36,TC-257,990.0,1690.0,06/09/2026 19:16 hrs
2026-W37,TC-257,990.0,1690.0,13/09/2026 19:33 hrs
2026-W38,TC-257,990.0,1690.0,20/09/2026 19:35 hrs
2026-W39,TC-257,990.0,1690.0,27/09/2026 20:12 hrs
2026-W40,TC-257,1690.0,1690.0,04/10/2026 20:19 hrs
2026-W41,TC-257,1690.0,1690.0,08/10/2026 07:44 hrs
2026-W36,TC-258,3859.0,5890.0,06/09/2026 19:16 hrs
2026-W37,TC-258,3859.0,5890.0,13/09/2026 19:33 hrs
2026-W38,TC-258,3859.0,5890.0,20/09/2026 11:50 hrs
2026-W39,TC-258,3859.0,5890.0,27/09/2026 20:12 hrs
2026-W40,TC-258,3790.0,3790.0,04/10/2026 20:19 hrs
2026-W41,TC-258,3790.0,3790.0,08/10/2026 07:44 hrs
2026-W36,TC-259,3190.0,3190.0,06/09/2026 19:16 hrs
2026-W37,TC-259,3190.0,3190.0,13/09/2026 19:33 hrs
2026-W38,TC-259,3290.0,3290.0,20/09/2026 19:35 hrs
2026-W39,TC-259,3490.0,3490.0,27/09/2026 20:12 hrs
2026-W40,TC-259,3490.0,3490.0,04/10/2026 20:19 hrs
2026-W41,TC-259,3490.0,3490.0,08/10/2026 07:44 hrs
2026-W36,TC-260,4990.0,4990.0,06/09/2026 19:16 hrs
2026-W37,TC-260,4990.0,4990.0,13/09/2026 19:33 hrs
2026-W38,TC-260,5090.0,5090.0,20/09/2026 19:35 hrs
2026-W39,TC-260,5090.0,5090.0,27/09/2026 20:12 hrs
2026-W40,TC-260,3690.0,5090.0,04/10/2026 20:19 hrs
2026-W41,TC-260,3690.0,5090.0,08/10/2026 07:44 hrs
2026-W36,TC-261,3390.0,3390.0,06/09/2026 19:16 hrs
2026-W37,TC-261,3390.0,3390.0,13/09/2026 19:33 hrs
2026-W38,TC-261,3390.0,3390.0,20/09/2026 19:35 hrs
2026-W39,TC-261,3390.0,3390.0,27/09/2026 20:12 hrs
2026-W40,TC-261,3390.0,3390.0,04/10/2026 20:19 hrs
2026-W41,TC-261,3390.0,3390.0,08/10/2026 07:44 hrs
2026-W36,TC-262,3690.0,4790.0,06/09/2026 19:16 hrs
2026-W37,TC-262,3690.0,4790.0,13/09/2026 19:33 hrs
2026-W38,TC-262,3690.0,4790.0,20/09/2026 19:35 hrs
2026-W39,TC-262,3690.0,4790.0,21/09/2026 20:26 hrs
2026-W40,TC-262,2874.0,4790.0,04/10/2026 20:19 hrs
2026-W41,TC-262,3690.0,4790.0,08/10/2026 07:44 hrs
2026-W36,TC-263,2590.0,2590.0,06/09/2026 19:16 hrs
2026-W37,TC-263,2590.0,2590.0,13/09/2026 19:33 hrs
2026-W38,TC-263,2590.0,2590.0,20/09/2026 19:35 hrs
2026-W39,TC-263,2590.0,2590.0,27/09/2026 20:12 hrs
2026-W40,TC-263,2590.0,2590.0,04/10/2026 20:19 hrs
2026-W41,TC-263,2590.0,2590.0,08/10/2026 07:44 hrs
2026-W36,TC-264,2514.0,4190.0,06/09/2026 19:16 hrs
2026-W37,TC-264,2514.0,4190.0,13/09/2026 19:33 hrs
2026-W38,TC-264,2933.0,4190.0,20/09/2026 19:35 hrs
2026-W39,TC-264,2990.0,4190.0,27/09/2026 20:12 hrs
2026-W40,TC-264,3650.0,4190.0,04/10/2026 20:19 hrs
2026-W41,TC-264,2514.0,4190.0,08/10/2026 07:44 hrs
2026-W36,TC-265,2274.0,3790.0,06/09/2026 19:16 hrs
2026-W37,TC-265,2274.0,3790.0,13/09/2026 19:33 hrs
2026-W38,TC-265,2653.0,3790.0,20/09/2026 19:35 hrs
2026-W39,TC-265,3490.0,3790.0,27/09/2026 20:12 hrs
2026-W40,TC-265,3490.0,3790.0,04/10/2026 20:19 hrs
2026-W41,TC-265,2274.0,3790.0,08/10/2026 07:44 hrs
2026-W36,TC-266,3000.0,3990.0,06/09/2026 19:16 hrs
2026-W37,TC-266,3000.0,3990.0,13/09/2026 19:33 hrs
2026-W38,TC-266,3000.0,3990.0,20/09/2026 19:35 hrs
2026-W39,TC-266,3000.0,3990.0,27/09/2026 20:12 hrs
2026-W40,TC-266,3000.0,3990.0,04/10/2026 20:19 hrs
2026-W41,TC-266,3000.0,3990.0,08/10/2026 07:44 hrs
2026-W36,TC-267,2094.0,3490.0,06/09/2026 19:16 hrs
2026-W37,TC-267,2094.0,3490.0,13/09/2026 19:33 hrs
2026-W38,TC-267,2443.0,3490.0,20/09/2026 19:35 hrs
2026-W39,TC-267,2460.0,3750.0,27/09/2026 20:12 hrs
2026-W40,TC-267,3150.0,3750.0,04/10/2026 20:19 hrs
2026-W41,TC-267,2250.0,3750.0,08/10/2026 07:44 hrs
2026-W36,TC-268,2050.0,2050.0,06/09/2026 19:16 hrs
2026-W37,TC-268,2050.0,2050.0,13/09/2026 19:33 hrs
2026-W38,TC-268,2050.0,2050.0,20/09/2026 19:35 hrs
2026-W39,TC-268,2050.0,2050.0,27/09/2026 20:12 hrs
2026-W40,TC-268,2050.0,2050.0,04/10/2026 20:19 hrs
2026-W41,TC-268,2050.0,2050.0,08/10/2026 07:44 hrs
2026-W36,TC-269,2130.0,3550.0,06/09/2026 19:16 hrs
2026-W37,TC-269,2130.0,3550.0,13/09/2026 19:33 hrs
2026-W38,TC-269,2485.0,3550.0,20/09/2026 19:35 hrs
2026-W39,TC-269,3190.0,3790.0,27/09/2026 20:12 hrs
2026-W40,TC-269,3190.0,3790.0,04/10/2026 20:19 hrs
2026-W41,TC-269,2274.0,3790.0,08/10/2026 07:44 hrs
2026-W36,TC-270,894.0,1490.0,06/09/2026 19:16 hrs
2026-W37,TC-270,894.0,1490.0,13/09/2026 19:33 hrs
2026-W38,TC-270,1043.0,1490.0,20/09/2026 19:35 hrs
2026-W39,TC-270,1490.0,1490.0,27/09/2026 20:12 hrs
2026-W40,TC-270,1490.0,1490.0,04/10/2026 20:19 hrs
2026-W41,TC-270,894.0,1490.0,08/10/2026 07:44 hrs
2026-W36,TC-271,3450.0,3450.0,06/09/2026 19:16 hrs
2026-W37,TC-271,3450.0,3450.0,13/09/2026 19:33 hrs
2026-W38,TC-271,3450.0,3450.0,20/09/2026 19:35 hrs
2026-W39,TC-271,2450.0,3450.0,27/09/2026 20:12 hrs
2026-W40,TC-271,2450.0,3450.0,04/10/2026 20:19 hrs
2026-W41,TC-271,2450.0,3450.0,08/10/2026 07:44 hrs
2026-W36,TC-272,2910.0,4850.0,06/09/2026 19:16 hrs
2026-W37,TC-272,2910.0,4850.0,13/09/2026 19:33 hrs
2026-W38,TC-272,3395.0,4850.0,20/09/2026 19:35 hrs
2026-W39,TC-272,3490.0,4850.0,27/09/2026 20:12 hrs
2026-W40,TC-272,3490.0,4850.0,04/10/2026 20:19 hrs
2026-W41,TC-272,2910.0,4850.0,08/10/2026 07:44 hrs
2026-W36,TC-273,3834.0,6390.0,06/09/2026 19:16 hrs
2026-W37,TC-273,3834.0,6390.0,13/09/2026 12:04 hrs
2026-W38,TC-273,4473.0,6390.0,20/09/2026 19:35 hrs
2026-W39,TC-273,4140.0,6390.0,27/09/2026 20:12 hrs
2026-W40,TC-273,4890.0,6390.0,04/10/2026 20:19 hrs
2026-W41,TC-273,3834.0,6390.0,08/10/2026 07:44 hrs
2026-W36,TC-274,3990.0,5890.0,06/09/2026 19:16 hrs
2026-W37,TC-274,3990.0,5890.0,13/09/2026 19:33 hrs
2026-W38,TC-274,3990.0,5890.0,20/09/2026 19:35 hrs
2026-W39,TC-274,5890.0,5890.0,27/09/2026 20:12 hrs
2026-W40,TC-274,5890.0,5890.0,04/10/2026 20:19 hrs
2026-W41,TC-274,5890.0,5890.0,08/10/2026 07:44 hrs
2026-W36,TC-275,3000.0,3990.0,06/09/2026 19:16 hrs
2026-W37,TC-275,2790.0,3990.0,13/09/2026 19:33 hrs
2026-W38,TC-275,2790.0,3990.0,20/09/2026 19:35 hrs
2026-W39,TC-275,2490.0,3990.0,27/09/2026 20:12 hrs
2026-W40,TC-275,3990.0,3990.0,04/10/2026 20:19 hrs
2026-W41,TC-275,3990.0,3990.0,08/10/2026 07:44 hrs
2026-W36,TC-276,1134.0,1890.0,06/09/2026 19:16 hrs
2026-W37,TC-276,1134.0,1890.0,13/09/2026 19:33 hrs
2026-W38,TC-276,1323.0,1890.0,20/09/2026 19:35 hrs
2026-W39,TC-276,1650.0,1890.0,27/09/2026 20:12 hrs
2026-W40,TC-276,1650.0,1890.0,04/10/2026 20:19 hrs
2026-W41,TC-276,1134.0,1890.0,08/10/2026 07:44 hrs
2026-W36,TC-277,1554.0,2590.0,06/09/2026 19:16 hrs
2026-W37,TC-277,1554.0,2590.0,13/09/2026 19:33 hrs
2026-W38,TC-277,1813.0,2590.0,20/09/2026 19:35 hrs
2026-W39,TC-277,1790.0,2590.0,27/09/2026 20:12 hrs
2026-W40,TC-277,1950.0,2590.0,04/10/2026 20:19 hrs
2026-W41,TC-277,1554.0,2590.0,08/10/2026 07:44 hrs
2026-W36,TC-278,1470.0,2450.0,06/09/2026 19:16 hrs
2026-W37,TC-278,1470.0,2450.0,13/09/2026 19:33 hrs
2026-W38,TC-278,1715.0,2450.0,20/09/2026 19:35 hrs
2026-W39,TC-278,1990.0,2450.0,27/09/2026 20:12 hrs
2026-W40,TC-278,1990.0,2450.0,04/10/2026 20:19 hrs
2026-W41,TC-278,1470.0,2450.0,08/10/2026 07:44 hrs
2026-W36,TC-279,5274.0,8790.0,06/09/2026 19:16 hrs
2026-W37,TC-279,5274.0,8790.0,13/09/2026 19:33 hrs
2026-W38,TC-279,6153.0,8790.0,20/09/2026 19:35 hrs
2026-W39,TC-279,6490.0,8790.0,27/09/2026 20:12 hrs
2026-W40,TC-279,6490.0,8790.0,04/10/2026 20:19 hrs
2026-W41,TC-279,5274.0,8790.0,08/10/2026 07:44 hrs
2026-W36,TC-280,2454.0,4090.0,06/09/2026 19:16 hrs
2026-W37,TC-280,2454.0,4090.0,13/09/2026 19:33 hrs
2026-W38,TC-280,2863.0,4090.0,20/09/2026 19:35 hrs
2026-W39,TC-280,4090.0,4090.0,27/09/2026 20:12 hrs
2026-W40,TC-280,4090.0,4090.0,04/10/2026 20:19 hrs
2026-W41,TC-280,2454.0,4090.0,08/10/2026 07:44 hrs
2026-W36,TC-281,3690.0,4790.0,06/09/2026 19:16 hrs
2026-W37,TC-281,3690.0,4790.0,13/09/2026 19:33 hrs
2026-W38,TC-281,3690.0,4790.0,20/09/2026 19:35 hrs
2026-W39,TC-281,3690.0,4790.0,27/09/2026 20:12 hrs
2026-W40,TC-281,4890.0,4890.0,04/10/2026 20:19 hrs
2026-W41,TC-281,2874.0,4790.0,08/10/2026 07:44 hrs
2026-W36,TC-282,2574.0,4290.0,06/09/2026 19:16 hrs
2026-W37,TC-282,2574.0,4290.0,13/09/2026 19:33 hrs
2026-W38,TC-282,3003.0,4290.0,20/09/2026 19:35 hrs
2026-W39,TC-282,2990.0,4390.0,27/09/2026 20:12 hrs
2026-W40,TC-282,2990.0,4390.0,04/10/2026 20:19 hrs
2026-W41,TC-282,2634.0,4390.0,08/10/2026 07:44 hrs
2026-W36,TC-283,1134.0,1890.0,06/09/2026 19:16 hrs
2026-W37,TC-283,1134.0,1890.0,13/09/2026 19:33 hrs
2026-W38,TC-283,1323.0,1890.0,20/09/2026 19:35 hrs
2026-W39,TC-283,1890.0,1890.0,27/09/2026 20:12 hrs
2026-W40,TC-283,1890.0,1890.0,04/10/2026 20:19 hrs
2026-W41,TC-283,1134.0,1890.0,08/10/2026 07:44 hrs
2026-W36,TC-284,1000.0,1490.0,06/09/2026 19:16 hrs
2026-W37,TC-284,890.0,1490.0,13/09/2026 19:33 hrs
2026-W38,TC-284,890.0,1490.0,20/09/2026 19:35 hrs
2026-W39,TC-284,990.0,1490.0,27/09/2026 20:12 hrs
2026-W40,TC-284,1490.0,1490.0,04/10/2026 20:19 hrs
2026-W41,TC-284,1490.0,1490.0,08/10/2026 07:44 hrs
2026-W36,TC-285,2000.0,2590.0,06/09/2026 19:16 hrs
2026-W37,TC-285,1790.0,2590.0,13/09/2026 19:33 hrs
2026-W38,TC-285,1790.0,2590.0,20/09/2026 19:35 hrs
2026-W39,TC-285,1590.0,2590.0,27/09/2026 20:12 hrs
2026-W40,TC-285,2000.0,2590.0,04/10/2026 20:19 hrs
2026-W41,TC-285,2000.0,2590.0,08/10/2026 07:44 hrs
2026-W36,TC-286,1190.0,1800.0,06/09/2026 19:16 hrs
2026-W37,TC-286,1190.0,1800.0,13/09/2026 19:33 hrs
2026-W38,TC-286,1190.0,1800.0,20/09/2026 19:35 hrs
2026-W39,TC-286,1190.0,1800.0,27/09/2026 20:12 hrs
2026-W40,TC-286,1190.0,1800.0,04/10/2026 20:19 hrs
2026-W41,TC-286,1190.0,1800.0,08/10/2026 07:44 hrs
2026-W36,TC-287,1590.0,2150.0,06/09/2026 19:16 hrs
2026-W37,TC-287,1590.0,2150.0,13/09/2026 19:33 hrs
2026-W38,TC-287,1590.0,2150.0,20/09/2026 19:35 hrs
2026-W39,TC-287,1590.0,2150.0,27/09/2026 20:12 hrs
2026-W40,TC-287,1590.0,2150.0,04/10/2026 20:19 hrs
2026-W41,TC-287,1590.0,2150.0,08/10/2026 07:44 hrs
2026-W36,TC-288,1190.0,1490.0,06/09/2026 19:16 hrs
2026-W37,TC-288,1190.0,1490.0,13/09/2026 19:33 hrs
2026-W38,TC-288,1190.0,1490.0,20/09/2026 19:35 hrs
2026-W39,TC-288,1190.0,1490.0,27/09/2026 20:12 hrs
2026-W40,TC-288,1190.0,1490.0,04/10/2026 20:19 hrs
2026-W41,TC-288,1190.0,1490.0,08/10/2026 07:44 hrs
2026-W36,TC-289,1890.0,2450.0,06/09/2026 19:16 hrs
2026-W37,TC-289,2000.0,2450.0,13/09/2026 19:33 hrs
2026-W38,TC-289,2000.0,2450.0,20/09/2026 19:35 hrs
2026-W39,TC-289,1890.0,2450.0,27/09/2026 20:12 hrs
2026-W40,TC-289,1890.0,2450.0,04/10/2026 20:19 hrs
2026-W41,TC-289,1890.0,2450.0,08/10/2026 07:44 hrs
2026-W36,TC-290,2000.0,2430.0,06/09/2026 19:16 hrs
2026-W37,TC-290,2000.0,2430.0,13/09/2026 19:33 hrs
2026-W38,TC-290,2000.0,2430.0,20/09/2026 19:35 hrs
2026-W39,TC-290,2000.0,2430.0,27/09/2026 20:12 hrs
2026-W40,TC-290,2000.0,2430.0,04/10/2026 20:19 hrs
2026-W41,TC-290,2000.0,2430.0,08/10/2026 07:44 hrs
2026-W36,TC-291,1190.0,1470.0,06/09/2026 19:16 hrs
2026-W37,TC-291,1190.0,1470.0,13/09/2026 19:33 hrs
2026-W38,TC-291,1190.0,1470.0,20/09/2026 19:35 hrs
2026-W39,TC-291,1190.0,1470.0,27/09/2026 20:12 hrs
2026-W40,TC-291,1190.0,1470.0,04/10/2026 20:19 hrs
2026-W41,TC-291,1190.0,1470.0,08/10/2026 07:44 hrs
2026-W36,TC-292,2090.0,2530.0,06/09/2026 19:16 hrs
2026-W37,TC-292,2150.0,2530.0,13/09/2026 19:33 hrs
2026-W38,TC-292,2150.0,2530.0,20/09/2026 19:35 hrs
2026-W39,TC-292,2090.0,2530.0,27/09/2026 20:12 hrs
2026-W40,TC-292,2090.0,2530.0,04/10/2026 20:19 hrs
2026-W41,TC-292,2090.0,2530.0,08/10/2026 07:44 hrs
2026-W36,TC-293,2450.0,2950.0,06/09/2026 19:16 hrs
2026-W37,TC-293,2450.0,2950.0,13/09/2026 19:33 hrs
2026-W38,TC-293,2450.0,2950.0,20/09/2026 19:35 hrs
2026-W39,TC-293,2450.0,2950.0,27/09/2026 20:12 hrs
2026-W40,TC-293,2450.0,2950.0,04/10/2026 20:19 hrs
2026-W41,TC-293,2450.0,2950.0,08/10/2026 07:44 hrs
2026-W36,TC-294,2990.0,3590.0,06/09/2026 19:16 hrs
2026-W37,TC-294,2990.0,3590.0,13/09/2026 19:33 hrs
2026-W38,TC-294,2990.0,3590.0,20/09/2026 19:35 hrs
2026-W39,TC-294,3000.0,3590.0,27/09/2026 20:12 hrs
2026-W40,TC-294,3000.0,3590.0,04/10/2026 20:19 hrs
2026-W41,TC-294,3000.0,3590.0,08/10/2026 07:44 hrs
2026-W36,TC-295,2950.0,3480.0,06/09/2026 19:16 hrs
2026-W37,TC-295,2950.0,3480.0,13/09/2026 19:33 hrs
2026-W38,TC-295,2950.0,3480.0,20/09/2026 19:35 hrs
2026-W39,TC-295,3000.0,3290.0,27/09/2026 20:12 hrs
2026-W40,TC-295,3000.0,3290.0,04/10/2026 20:19 hrs
2026-W41,TC-295,3000.0,3290.0,08/10/2026 07:44 hrs
2026-W36,TC-296,3290.0,3740.0,06/09/2026 19:16 hrs
2026-W37,TC-296,3290.0,3740.0,13/09/2026 19:33 hrs
2026-W38,TC-296,3290.0,3740.0,20/09/2026 19:35 hrs
2026-W39,TC-296,3290.0,3740.0,27/09/2026 20:12 hrs
2026-W40,TC-296,3290.0,3740.0,04/10/2026 20:19 hrs
2026-W41,TC-296,3290.0,3740.0,08/10/2026 07:44 hrs
2026-W36,TC-297,3990.0,4190.0,06/09/2026 19:16 hrs
2026-W37,TC-297,3990.0,4190.0,13/09/2026 19:33 hrs
2026-W38,TC-297,3990.0,4190.0,20/09/2026 19:35 hrs
2026-W39,TC-297,3990.0,4190.0,27/09/2026 20:12 hrs
2026-W40,TC-297,3990.0,4190.0,04/10/2026 20:19 hrs
2026-W41,TC-297,3990.0,4190.0,08/10/2026 07:44 hrs
2026-W36,TC-298,1260.0,1320.0,06/09/2026 19:16 hrs
2026-W37,TC-298,1260.0,1320.0,13/09/2026 19:33 hrs
2026-W38,TC-298,1260.0,1320.0,20/09/2026 19:35 hrs
2026-W39,TC-298,1260.0,1320.0,27/09/2026 20:12 hrs
2026-W40,TC-298,1260.0,1320.0,04/10/2026 20:19 hrs
2026-W41,TC-298,1260.0,1320.0,08/10/2026 07:44 hrs
2026-W36,TC-299,910.0,960.0,06/09/2026 19:16 hrs
2026-W37,TC-299,910.0,960.0,13/09/2026 19:33 hrs
2026-W38,TC-299,910.0,960.0,20/09/2026 19:35 hrs
2026-W39,TC-299,910.0,960.0,27/09/2026 20:12 hrs
2026-W40,TC-299,910.0,960.0,04/10/2026 20:19 hrs
2026-W41,TC-299,910.0,960.0,08/10/2026 07:44 hrs
2026-W36,TC-300,1570.0,1570.0,06/09/2026 19:16 hrs
2026-W37,TC-300,1570.0,1570.0,13/09/2026 19:33 hrs
2026-W38,TC-300,1570.0,1570.0,20/09/2026 19:35 hrs
2026-W39,TC-300,1570.0,1570.0,27/09/2026 20:12 hrs
2026-W40,TC-300,1570.0,1650.0,04/10/2026 20:19 hrs
2026-W41,TC-300,1570.0,1650.0,08/10/2026 07:44 hrs
2026-W36,TC-301,2820.0,2960.0,06/09/2026 19:16 hrs
2026-W37,TC-301,2820.0,2960.0,13/09/2026 19:33 hrs
2026-W38,TC-301,2820.0,2960.0,20/09/2026 19:35 hrs
2026-W39,TC-301,2820.0,2960.0,27/09/2026 20:12 hrs
2026-W40,TC-301,2820.0,2960.0,04/10/2026 20:19 hrs
2026-W41,TC-301,2820.0,2960.0,08/10/2026 07:44 hrs
2026-W36,TC-302,2300.0,2300.0,06/09/2026 19:16 hrs
2026-W37,TC-302,2300.0,2300.0,13/09/2026 19:33 hrs
2026-W38,TC-302,2300.0,2300.0,20/09/2026 19:35 hrs
2026-W39,TC-302,2300.0,2300.0,24/09/2026 05:35 hrs
2026-W36,TC-303,1580.0,1660.0,06/09/2026 19:16 hrs
2026-W37,TC-303,1580.0,1660.0,13/09/2026 19:33 hrs
2026-W38,TC-303,1580.0,1660.0,20/09/2026 19:35 hrs
2026-W39,TC-303,1580.0,1660.0,27/09/2026 20:12 hrs
2026-W40,TC-303,1580.0,1660.0,04/10/2026 20:19 hrs
2026-W41,TC-303,1580.0,1660.0,08/10/2026 07:44 hrs
2026-W36,TC-304,630.0,660.0,06/09/2026 19:16 hrs
2026-W37,TC-304,630.0,660.0,13/09/2026 19:33 hrs
2026-W38,TC-304,630.0,660.0,20/09/2026 19:35 hrs
2026-W39,TC-304,630.0,660.0,27/09/2026 20:12 hrs
2026-W40,TC-304,630.0,660.0,04/10/2026 20:19 hrs
2026-W41,TC-304,630.0,660.0,08/10/2026 07:44 hrs
2026-W36,TC-305,2560.0,2690.0,06/09/2026 19:16 hrs
2026-W37,TC-305,2560.0,2690.0,13/09/2026 19:33 hrs
2026-W38,TC-305,2560.0,2690.0,20/09/2026 19:35 hrs
2026-W39,TC-305,2560.0,2690.0,24/09/2026 05:35 hrs
2026-W36,TC-306,4570.0,4800.0,06/09/2026 19:16 hrs
2026-W37,TC-306,4570.0,4800.0,13/09/2026 19:33 hrs
2026-W38,TC-306,4570.0,4800.0,20/09/2026 19:35 hrs
2026-W39,TC-306,4570.0,4800.0,27/09/2026 20:12 hrs
2026-W40,TC-306,4570.0,4800.0,04/10/2026 20:19 hrs
2026-W41,TC-306,4570.0,4800.0,08/10/2026 07:44 hrs
2026-W36,TC-307,2790.0,2790.0,06/09/2026 19:16 hrs
2026-W37,TC-307,2790.0,2930.0,13/09/2026 19:33 hrs
2026-W38,TC-307,2930.0,3080.0,16/09/2026 05:43 hrs
2026-W36,TC-308,1590.0,1890.0,06/09/2026 19:16 hrs
2026-W37,TC-308,1590.0,1890.0,13/09/2026 19:33 hrs
2026-W38,TC-308,1590.0,1890.0,20/09/2026 19:35 hrs
2026-W39,TC-308,1590.0,1890.0,27/09/2026 20:12 hrs
2026-W40,TC-308,1590.0,1890.0,04/10/2026 20:19 hrs
2026-W41,TC-308,1590.0,1890.0,08/10/2026 07:44 hrs
2026-W36,TC-309,2590.0,2590.0,06/09/2026 19:16 hrs
2026-W37,TC-309,2590.0,2590.0,13/09/2026 19:33 hrs
2026-W38,TC-309,2590.0,2590.0,20/09/2026 19:35 hrs
2026-W39,TC-309,2590.0,2590.0,27/09/2026 20:12 hrs
2026-W40,TC-309,2590.0,2590.0,04/10/2026 20:19 hrs
2026-W41,TC-309,2590.0,2590.0,08/10/2026 07:44 hrs
2026-W36,TC-310,3650.0,3650.0,06/09/2026 19:16 hrs
2026-W37,TC-310,3650.0,3650.0,13/09/2026 19:33 hrs
2026-W38,TC-310,3650.0,3650.0,20/09/2026 19:35 hrs
2026-W39,TC-310,3650.0,3650.0,27/09/2026 20:12 hrs
2026-W40,TC-310,3000.0,3000.0,04/10/2026 20:19 hrs
2026-W41,TC-310,3000.0,3000.0,08/10/2026 07:44 hrs
2026-W36,TC-311,2190.0,2190.0,06/09/2026 19:16 hrs
2026-W37,TC-311,2190.0,2190.0,13/09/2026 19:33 hrs
2026-W38,TC-311,2190.0,2190.0,20/09/2026 19:35 hrs
2026-W39,TC-311,2190.0,2190.0,27/09/2026 20:12 hrs
2026-W40,TC-311,2190.0,2190.0,04/10/2026 20:19 hrs
2026-W41,TC-311,2190.0,2190.0,08/10/2026 07:44 hrs
2026-W36,TC-312,1000.0,1000.0,06/09/2026 19:16 hrs
2026-W37,TC-312,1000.0,1000.0,13/09/2026 19:33 hrs
2026-W38,TC-312,1000.0,1000.0,20/09/2026 19:35 hrs
2026-W39,TC-312,1000.0,1000.0,27/09/2026 20:12 hrs
2026-W40,TC-312,1000.0,1000.0,04/10/2026 20:19 hrs
2026-W41,TC-312,1000.0,1000.0,08/10/2026 07:44 hrs
2026-W36,TC-313,2550.0,2550.0,06/09/2026 19:16 hrs
2026-W37,TC-313,2550.0,2550.0,13/09/2026 19:33 hrs
2026-W38,TC-313,2550.0,2550.0,20/09/2026 19:35 hrs
2026-W39,TC-313,2550.0,2550.0,27/09/2026 20:12 hrs
2026-W40,TC-313,2550.0,2550.0,04/10/2026 20:19 hrs
2026-W41,TC-313,2550.0,2550.0,08/10/2026 07:44 hrs
2026-W36,TC-314,1000.0,1000.0,06/09/2026 19:16 hrs
2026-W37,TC-314,1000.0,1000.0,13/09/2026 19:33 hrs
2026-W38,TC-314,1000.0,1000.0,20/09/2026 19:35 hrs
2026-W39,TC-314,1000.0,1000.0,27/09/2026 20:12 hrs
2026-W40,TC-314,1000.0,1000.0,04/10/2026 20:19 hrs
2026-W41,TC-314,1000.0,1000.0,08/10/2026 07:44 hrs
2026-W36,TC-315,950.0,950.0,06/09/2026 19:16 hrs
2026-W37,TC-315,950.0,950.0,13/09/2026 19:33 hrs
2026-W38,TC-315,950.0,950.0,20/09/2026 19:35 hrs
2026-W39,TC-315,950.0,950.0,27/09/2026 20:12 hrs
2026-W40,TC-315,950.0,950.0,04/10/2026 20:19 hrs
2026-W41,TC-315,950.0,950.0,08/10/2026 07:44 hrs
2026-W36,TC-316,2000.0,2000.0,06/09/2026 19:16 hrs
2026-W37,TC-316,2000.0,2000.0,13/09/2026 19:33 hrs
2026-W38,TC-316,2000.0,2000.0,20/09/2026 19:35 hrs
2026-W39,TC-316,2000.0,2000.0,27/09/2026 20:12 hrs
2026-W40,TC-316,2000.0,2000.0,04/10/2026 20:19 hrs
2026-W41,TC-316,2000.0,2000.0,08/10/2026 07:44 hrs
2026-W36,TC-317,3650.0,3650.0,06/09/2026 19:16 hrs
2026-W37,TC-317,3650.0,3650.0,13/09/2026 19:33 hrs
2026-W38,TC-317,3650.0,3650.0,20/09/2026 19:35 hrs
2026-W39,TC-317,3650.0,3650.0,27/09/2026 20:12 hrs
2026-W40,TC-317,3650.0,3650.0,04/10/2026 20:19 hrs
2026-W41,TC-317,3650.0,3650.0,08/10/2026 07:44 hrs
2026-W36,TC-318,1500.0,1500.0,06/09/2026 19:16 hrs
2026-W37,TC-318,1500.0,1500.0,13/09/2026 19:33 hrs
2026-W38,TC-318,1500.0,1500.0,20/09/2026 19:35 hrs
2026-W39,TC-318,1500.0,1500.0,27/09/2026 20:12 hrs
2026-W40,TC-318,1500.0,1500.0,04/10/2026 20:19 hrs
2026-W41,TC-318,1500.0,1500.0,07/10/2026 15:01 hrs
2026-W36,TC-319,2790.0,2790.0,06/09/2026 19:16 hrs
2026-W37,TC-319,2790.0,2790.0,13/09/2026 19:33 hrs
2026-W38,TC-319,2790.0,2790.0,20/09/2026 19:35 hrs
2026-W39,TC-319,2790.0,2790.0,27/09/2026 20:12 hrs
2026-W40,TC-319,2000.0,2000.0,03/10/2026 20:14 hrs
2026-W36,TC-320,2890.0,2890.0,06/09/2026 19:16 hrs
2026-W37,TC-320,2890.0,2890.0,13/09/2026 19:33 hrs
2026-W38,TC-320,2890.0,2890.0,20/09/2026 19:35 hrs
2026-W39,TC-320,2890.0,2890.0,27/09/2026 20:12 hrs
2026-W40,TC-320,2890.0,2890.0,04/10/2026 20:19 hrs
2026-W41,TC-320,2390.0,2890.0,08/10/2026 07:44 hrs
2026-W36,TC-321,2950.0,2950.0,06/09/2026 19:16 hrs
2026-W37,TC-321,2950.0,2950.0,13/09/2026 19:33 hrs
2026-W38,TC-321,2950.0,2950.0,20/09/2026 19:35 hrs
2026-W39,TC-321,2950.0,2950.0,27/09/2026 20:12 hrs
2026-W40,TC-321,2950.0,2950.0,04/10/2026 20:19 hrs
2026-W41,TC-321,2950.0,2950.0,08/10/2026 07:44 hrs
2026-W36,TC-322,1850.0,1850.0,06/09/2026 19:16 hrs
2026-W37,TC-322,1850.0,1850.0,13/09/2026 19:33 hrs
2026-W38,TC-322,1850.0,1850.0,20/09/2026 19:35 hrs
2026-W39,TC-322,1850.0,1850.0,27/09/2026 20:12 hrs
2026-W40,TC-322,1850.0,1850.0,04/10/2026 20:19 hrs
2026-W41,TC-322,1850.0,1850.0,08/10/2026 07:44 hrs
2026-W36,TC-323,2000.0,2000.0,06/09/2026 19:16 hrs
2026-W37,TC-323,2000.0,2000.0,13/09/2026 19:33 hrs
2026-W38,TC-323,2000.0,2000.0,20/09/2026 19:35 hrs
2026-W39,TC-323,2000.0,2000.0,27/09/2026 20:12 hrs
2026-W40,TC-323,1500.0,1500.0,04/10/2026 20:19 hrs
2026-W41,TC-323,1500.0,1500.0,08/10/2026 07:44 hrs
2026-W36,TC-324,1000.0,1000.0,06/09/2026 19:16 hrs
2026-W37,TC-324,1000.0,1000.0,13/09/2026 19:33 hrs
2026-W38,TC-324,1000.0,1000.0,20/09/2026 19:35 hrs
2026-W39,TC-324,1000.0,1000.0,27/09/2026 20:12 hrs
2026-W40,TC-324,1000.0,1000.0,04/10/2026 20:19 hrs
2026-W41,TC-324,1000.0,1000.0,08/10/2026 07:44 hrs
2026-W36,TC-325,2000.0,2000.0,06/09/2026 19:16 hrs
2026-W37,TC-325,2000.0,2000.0,13/09/2026 19:33 hrs
2026-W38,TC-325,2000.0,2000.0,20/09/2026 19:35 hrs
2026-W39,TC-325,2000.0,2000.0,27/09/2026 20:12 hrs
2026-W40,TC-325,2000.0,2000.0,04/10/2026 20:19 hrs
2026-W41,TC-325,2000.0,2000.0,08/10/2026 07:44 hrs
2026-W36,TC-326,3000.0,3000.0,06/09/2026 19:16 hrs
2026-W37,TC-326,3000.0,3000.0,13/09/2026 19:33 hrs
2026-W38,TC-326,3000.0,3000.0,20/09/2026 19:35 hrs
2026-W39,TC-326,3000.0,3000.0,27/09/2026 20:12 hrs
2026-W40,TC-326,3000.0,3000.0,04/10/2026 20:19 hrs
2026-W41,TC-326,3000.0,3000.0,08/10/2026 07:44 hrs
2026-W36,TC-327,1000.0,1490.0,06/09/2026 19:16 hrs
2026-W37,TC-327,1000.0,1490.0,13/09/2026 19:33 hrs
2026-W38,TC-327,1000.0,1490.0,20/09/2026 19:35 hrs
2026-W39,TC-327,1000.0,1390.0,27/09/2026 20:12 hrs
2026-W40,TC-327,1000.0,1390.0,04/10/2026 20:19 hrs
2026-W41,TC-327,1000.0,1390.0,08/10/2026 07:44 hrs
2026-W36,TC-328,1690.0,2190.0,06/09/2026 19:16 hrs
2026-W37,TC-328,1490.0,2190.0,13/09/2026 19:33 hrs
2026-W38,TC-328,1490.0,2190.0,20/09/2026 19:35 hrs
2026-W39,TC-328,1690.0,2250.0,27/09/2026 20:12 hrs
2026-W40,TC-328,1690.0,2250.0,04/10/2026 20:19 hrs
2026-W41,TC-328,1690.0,2250.0,08/10/2026 07:44 hrs
2026-W36,TC-329,2100.0,2450.0,06/09/2026 19:16 hrs
2026-W37,TC-329,2100.0,2450.0,13/09/2026 19:33 hrs
2026-W38,TC-329,2100.0,2450.0,20/09/2026 19:35 hrs
2026-W39,TC-329,2050.0,2390.0,27/09/2026 20:12 hrs
2026-W40,TC-329,1950.0,2390.0,04/10/2026 20:19 hrs
2026-W41,TC-329,2050.0,2390.0,08/10/2026 07:44 hrs
2026-W36,TC-330,1150.0,1150.0,06/09/2026 19:16 hrs
2026-W37,TC-330,1150.0,1150.0,13/09/2026 19:33 hrs
2026-W38,TC-330,1150.0,1150.0,20/09/2026 19:35 hrs
2026-W39,TC-330,1150.0,1150.0,27/09/2026 20:12 hrs
2026-W40,TC-330,1150.0,1150.0,04/10/2026 20:19 hrs
2026-W41,TC-330,1150.0,1150.0,08/10/2026 07:44 hrs
2026-W36,TC-331,420.0,420.0,06/09/2026 19:16 hrs
2026-W37,TC-331,420.0,420.0,13/09/2026 19:33 hrs
2026-W38,TC-331,420.0,420.0,20/09/2026 19:35 hrs
2026-W39,TC-331,420.0,420.0,27/09/2026 20:12 hrs
2026-W40,TC-331,420.0,420.0,04/10/2026 20:19 hrs
2026-W41,TC-331,420.0,420.0,08/10/2026 07:44 hrs
2026-W36,TC-332,890.0,1290.0,06/09/2026 19:16 hrs
2026-W37,TC-332,890.0,1290.0,13/09/2026 19:33 hrs
2026-W38,TC-332,890.0,1290.0,20/09/2026 19:35 hrs
2026-W39,TC-332,990.0,1190.0,27/09/2026 20:12 hrs
2026-W40,TC-332,990.0,1190.0,04/10/2026 20:19 hrs
2026-W41,TC-332,990.0,1190.0,08/10/2026 07:44 hrs
2026-W36,TC-333,1500.0,1790.0,06/09/2026 19:16 hrs
2026-W37,TC-333,1500.0,1790.0,13/09/2026 19:33 hrs
2026-W38,TC-333,1500.0,1790.0,20/09/2026 19:35 hrs
2026-W39,TC-333,1500.0,1990.0,27/09/2026 20:12 hrs
2026-W40,TC-333,1500.0,1990.0,04/10/2026 20:19 hrs
2026-W41,TC-333,1500.0,1990.0,08/10/2026 07:44 hrs
2026-W36,TC-334,2390.0,2890.0,06/09/2026 19:16 hrs
2026-W37,TC-334,2390.0,2890.0,13/09/2026 19:33 hrs
2026-W38,TC-334,2390.0,2890.0,20/09/2026 19:35 hrs
2026-W39,TC-334,2260.0,2950.0,27/09/2026 20:12 hrs
2026-W40,TC-334,2200.0,2950.0,04/10/2026 20:19 hrs
2026-W41,TC-334,2260.0,2950.0,08/10/2026 07:44 hrs
2026-W36,TC-335,2129.0,2590.0,06/09/2026 19:16 hrs
2026-W37,TC-335,2129.0,2590.0,13/09/2026 19:33 hrs
2026-W38,TC-335,2129.0,2590.0,20/09/2026 19:35 hrs
2026-W39,TC-335,2190.0,2650.0,27/09/2026 20:12 hrs
2026-W40,TC-335,1850.0,2650.0,04/10/2026 20:19 hrs
2026-W41,TC-335,2190.0,2650.0,08/10/2026 07:44 hrs
2026-W36,TC-336,3490.0,3490.0,06/09/2026 19:16 hrs
2026-W37,TC-336,3690.0,3690.0,13/09/2026 19:33 hrs
2026-W38,TC-336,3690.0,3690.0,20/09/2026 19:35 hrs
2026-W39,TC-336,3690.0,3690.0,27/09/2026 20:12 hrs
2026-W40,TC-336,3850.0,3850.0,04/10/2026 20:19 hrs
2026-W41,TC-336,3850.0,3850.0,08/10/2026 07:44 hrs
2026-W36,TC-337,720.0,720.0,06/09/2026 19:16 hrs
2026-W37,TC-337,720.0,720.0,13/09/2026 19:33 hrs
2026-W38,TC-337,720.0,720.0,20/09/2026 19:35 hrs
2026-W39,TC-337,720.0,720.0,27/09/2026 20:12 hrs
2026-W40,TC-337,720.0,720.0,04/10/2026 20:19 hrs
2026-W41,TC-337,720.0,720.0,08/10/2026 07:44 hrs
2026-W36,TC-338,470.0,470.0,06/09/2026 19:16 hrs
2026-W37,TC-338,470.0,470.0,13/09/2026 19:33 hrs
2026-W38,TC-338,470.0,470.0,20/09/2026 19:35 hrs
2026-W39,TC-338,470.0,470.0,27/09/2026 20:12 hrs
2026-W40,TC-338,470.0,470.0,04/10/2026 20:19 hrs
2026-W41,TC-338,470.0,470.0,08/10/2026 07:44 hrs
2026-W36,TC-339,3990.0,3990.0,06/09/2026 19:16 hrs
2026-W37,TC-339,3990.0,3990.0,13/09/2026 19:33 hrs
2026-W38,TC-339,3990.0,3990.0,20/09/2026 19:35 hrs
2026-W39,TC-339,3990.0,3990.0,27/09/2026 20:12 hrs
2026-W40,TC-339,3990.0,3990.0,04/10/2026 20:19 hrs
2026-W41,TC-339,3990.0,3990.0,08/10/2026 07:44 hrs
2026-W36,TC-340,2490.0,2490.0,06/09/2026 19:16 hrs
2026-W37,TC-340,2490.0,2490.0,13/09/2026 19:33 hrs
2026-W38,TC-340,2490.0,2490.0,20/09/2026 19:35 hrs
2026-W39,TC-340,2490.0,2490.0,27/09/2026 20:12 hrs
2026-W40,TC-340,2490.0,2490.0,04/10/2026 20:19 hrs
2026-W41,TC-340,2490.0,2490.0,08/10/2026 07:44 hrs
2026-W36,TC-341,2350.0,2350.0,06/09/2026 19:16 hrs
2026-W37,TC-341,2350.0,2350.0,13/09/2026 19:33 hrs
2026-W38,TC-341,2350.0,2350.0,20/09/2026 19:35 hrs
2026-W39,TC-341,2350.0,2350.0,27/09/2026 20:12 hrs
2026-W40,TC-341,2350.0,2350.0,04/10/2026 20:19 hrs
2026-W41,TC-341,2350.0,2350.0,08/10/2026 07:44 hrs
2026-W36,TC-342,1990.0,1990.0,06/09/2026 19:16 hrs
2026-W37,TC-342,1990.0,1990.0,13/09/2026 19:33 hrs
2026-W38,TC-342,1990.0,1990.0,20/09/2026 19:35 hrs
2026-W39,TC-342,1990.0,1990.0,27/09/2026 20:12 hrs
2026-W40,TC-342,1990.0,1990.0,04/10/2026 20:19 hrs
2026-W41,TC-342,1990.0,1990.0,08/10/2026 07:44 hrs
2026-W36,TC-343,2890.0,2890.0,06/09/2026 19:16 hrs
2026-W37,TC-343,2890.0,2890.0,13/09/2026 19:33 hrs
2026-W38,TC-343,2890.0,2890.0,20/09/2026 19:35 hrs
2026-W39,TC-343,2890.0,2890.0,27/09/2026 20:12 hrs
2026-W40,TC-343,3190.0,3190.0,04/10/2026 20:19 hrs
2026-W41,TC-343,3190.0,3190.0,08/10/2026 07:44 hrs
2026-W36,TC-344,400.0,400.0,06/09/2026 19:16 hrs
2026-W37,TC-344,400.0,400.0,13/09/2026 19:33 hrs
2026-W38,TC-344,400.0,400.0,20/09/2026 19:35 hrs
2026-W39,TC-344,400.0,400.0,27/09/2026 20:12 hrs
2026-W40,TC-344,400.0,400.0,04/10/2026 20:19 hrs
2026-W41,TC-344,400.0,400.0,08/10/2026 07:44 hrs
2026-W36,TC-345,2990.0,3490.0,06/09/2026 19:16 hrs
2026-W37,TC-345,2490.0,3490.0,13/09/2026 19:33 hrs
2026-W38,TC-345,2490.0,3490.0,20/09/2026 19:35 hrs
2026-W39,TC-345,2269.0,3490.0,27/09/2026 20:12 hrs
2026-W40,TC-345,2687.0,3490.0,04/10/2026 20:19 hrs
2026-W41,TC-345,2443.0,3490.0,08/10/2026 07:44 hrs
2026-W36,TC-346,2990.0,3790.0,06/09/2026 19:16 hrs
2026-W37,TC-346,2990.0,3790.0,13/09/2026 19:33 hrs
2026-W38,TC-346,2990.0,3790.0,20/09/2026 19:35 hrs
2026-W39,TC-346,2990.0,3950.0,27/09/2026 20:12 hrs
2026-W40,TC-346,2844.0,3950.0,04/10/2026 20:19 hrs
2026-W41,TC-346,3950.0,3950.0,08/10/2026 07:44 hrs
2026-W36,TC-347,1490.0,1690.0,06/09/2026 19:16 hrs
2026-W37,TC-347,1490.0,1690.0,13/09/2026 19:33 hrs
2026-W38,TC-347,1490.0,1690.0,16/09/2026 05:43 hrs
2026-W40,TC-347,895.0,1790.0,04/10/2026 20:19 hrs
2026-W41,TC-347,895.0,1790.0,08/10/2026 07:44 hrs
2026-W36,TC-348,2450.0,2450.0,06/09/2026 19:16 hrs
2026-W37,TC-348,2550.0,2550.0,13/09/2026 19:33 hrs
2026-W38,TC-348,2550.0,2550.0,20/09/2026 19:35 hrs
2026-W39,TC-348,2450.0,2450.0,27/09/2026 20:12 hrs
2026-W40,TC-348,1764.0,2450.0,04/10/2026 20:19 hrs
2026-W41,TC-348,2450.0,2450.0,08/10/2026 07:44 hrs
2026-W36,TC-349,990.0,1490.0,06/09/2026 19:16 hrs
2026-W37,TC-349,990.0,1490.0,13/09/2026 19:33 hrs
2026-W38,TC-349,990.0,1490.0,20/09/2026 19:35 hrs
2026-W39,TC-349,990.0,1490.0,27/09/2026 20:12 hrs
2026-W40,TC-349,969.0,1490.0,04/10/2026 20:19 hrs
2026-W41,TC-349,990.0,1490.0,08/10/2026 07:44 hrs
2026-W36,TC-350,2190.0,2190.0,06/09/2026 19:16 hrs
2026-W37,TC-350,1690.0,2190.0,13/09/2026 19:33 hrs
2026-W38,TC-350,2190.0,2190.0,20/09/2026 19:35 hrs
2026-W39,TC-350,1424.0,2190.0,27/09/2026 20:12 hrs
2026-W40,TC-350,1670.0,2190.0,04/10/2026 20:19 hrs
2026-W41,TC-350,1533.0,2190.0,08/10/2026 07:44 hrs
2026-W36,TC-351,1640.0,2420.0,06/09/2026 19:16 hrs
2026-W37,TC-351,1640.0,2420.0,13/09/2026 19:33 hrs
2026-W38,TC-351,1640.0,2420.0,20/09/2026 19:35 hrs
2026-W39,TC-351,1640.0,2420.0,27/09/2026 20:12 hrs
2026-W40,TC-351,1690.0,2420.0,04/10/2026 20:19 hrs
2026-W41,TC-351,1690.0,2420.0,08/10/2026 07:44 hrs
2026-W36,TC-352,730.0,730.0,06/09/2026 19:16 hrs
2026-W37,TC-352,730.0,730.0,13/09/2026 19:33 hrs
2026-W38,TC-352,730.0,730.0,20/09/2026 19:35 hrs
2026-W39,TC-352,475.0,730.0,27/09/2026 20:12 hrs
2026-W40,TC-352,526.0,730.0,04/10/2026 20:19 hrs
2026-W41,TC-352,730.0,730.0,08/10/2026 07:44 hrs
2026-W36,TC-353,1790.0,2090.0,06/09/2026 19:16 hrs
2026-W37,TC-353,1790.0,2090.0,13/09/2026 19:33 hrs
2026-W38,TC-353,1790.0,2090.0,20/09/2026 19:35 hrs
2026-W39,TC-353,1790.0,2090.0,27/09/2026 20:12 hrs
2026-W40,TC-353,1890.0,2090.0,04/10/2026 20:19 hrs
2026-W41,TC-353,1890.0,2090.0,08/10/2026 07:44 hrs
2026-W36,TC-354,2000.0,2490.0,06/09/2026 19:16 hrs
2026-W37,TC-354,2000.0,2490.0,13/09/2026 19:33 hrs
2026-W38,TC-354,2000.0,2490.0,20/09/2026 19:35 hrs
2026-W39,TC-354,2000.0,2490.0,27/09/2026 20:12 hrs
2026-W40,TC-354,2190.0,2490.0,04/10/2026 20:19 hrs
2026-W41,TC-354,2190.0,2490.0,08/10/2026 07:44 hrs
2026-W36,TC-355,990.0,990.0,06/09/2026 19:16 hrs
2026-W37,TC-355,990.0,990.0,13/09/2026 19:33 hrs
2026-W38,TC-355,990.0,990.0,20/09/2026 19:35 hrs
2026-W39,TC-355,644.0,990.0,27/09/2026 20:12 hrs
2026-W40,TC-355,990.0,990.0,04/10/2026 20:19 hrs
2026-W41,TC-355,693.0,990.0,08/10/2026 07:44 hrs
2026-W36,TC-356,2490.0,3050.0,06/09/2026 19:16 hrs
2026-W37,TC-356,2490.0,3050.0,13/09/2026 19:33 hrs
2026-W38,TC-356,2290.0,3050.0,20/09/2026 19:35 hrs
2026-W39,TC-356,2490.0,3050.0,27/09/2026 20:12 hrs
2026-W40,TC-356,1525.0,3050.0,04/10/2026 20:19 hrs
2026-W41,TC-356,3050.0,3050.0,08/10/2026 07:44 hrs
2026-W36,TC-357,2370.0,2370.0,06/09/2026 19:16 hrs
2026-W37,TC-357,2370.0,2370.0,13/09/2026 19:33 hrs
2026-W38,TC-357,2370.0,2370.0,20/09/2026 19:35 hrs
2026-W39,TC-357,2370.0,2370.0,27/09/2026 20:12 hrs
2026-W40,TC-357,1650.0,2370.0,04/10/2026 20:19 hrs
2026-W41,TC-357,1650.0,2370.0,08/10/2026 07:44 hrs
2026-W36,TC-358,360.0,360.0,06/09/2026 19:16 hrs
2026-W37,TC-358,360.0,360.0,13/09/2026 19:33 hrs
2026-W38,TC-358,360.0,360.0,20/09/2026 19:35 hrs
2026-W39,TC-358,360.0,360.0,27/09/2026 20:12 hrs
2026-W40,TC-358,360.0,360.0,04/10/2026 20:19 hrs
2026-W41,TC-358,360.0,360.0,08/10/2026 07:44 hrs
2026-W36,TC-359,410.0,410.0,06/09/2026 19:16 hrs
2026-W37,TC-359,410.0,410.0,13/09/2026 19:33 hrs
2026-W38,TC-359,410.0,410.0,20/09/2026 19:35 hrs
2026-W39,TC-359,440.0,440.0,27/09/2026 20:12 hrs
2026-W40,TC-359,317.0,440.0,04/10/2026 20:19 hrs
2026-W41,TC-359,440.0,440.0,08/10/2026 07:44 hrs
2026-W36,TC-360,1970.0,1970.0,06/09/2026 19:16 hrs
2026-W37,TC-360,1970.0,1970.0,13/09/2026 19:33 hrs
2026-W38,TC-360,1970.0,1970.0,20/09/2026 19:35 hrs
2026-W39,TC-360,1970.0,1970.0,27/09/2026 20:12 hrs
2026-W40,TC-360,1920.0,1920.0,04/10/2026 20:19 hrs
2026-W41,TC-360,1920.0,1920.0,08/10/2026 07:44 hrs
2026-W36,TC-361,2450.0,2450.0,06/09/2026 19:16 hrs
2026-W37,TC-361,2450.0,2450.0,13/09/2026 19:33 hrs
2026-W38,TC-361,2450.0,2450.0,20/09/2026 19:35 hrs
2026-W39,TC-361,1593.0,2450.0,27/09/2026 20:12 hrs
2026-W40,TC-361,2450.0,2450.0,04/10/2026 20:19 hrs
2026-W41,TC-361,2450.0,2450.0,08/10/2026 07:44 hrs
2026-W36,TC-362,2450.0,2450.0,06/09/2026 19:16 hrs
2026-W37,TC-362,2450.0,2450.0,13/09/2026 19:33 hrs
2026-W38,TC-362,2450.0,2450.0,20/09/2026 19:35 hrs
2026-W39,TC-362,1593.0,2450.0,27/09/2026 20:12 hrs
2026-W40,TC-362,2450.0,2450.0,04/10/2026 20:19 hrs
2026-W41,TC-362,2450.0,2450.0,08/10/2026 07:44 hrs
2026-W36,TC-363,1290.0,1290.0,06/09/2026 19:16 hrs
2026-W37,TC-363,1330.0,1330.0,13/09/2026 19:33 hrs
2026-W38,TC-363,1330.0,1330.0,20/09/2026 19:35 hrs
2026-W39,TC-363,1290.0,1290.0,27/09/2026 20:12 hrs
2026-W40,TC-363,1290.0,1290.0,04/10/2026 20:19 hrs
2026-W41,TC-363,1290.0,1290.0,08/10/2026 07:44 hrs
2026-W36,TC-364,410.0,410.0,06/09/2026 19:16 hrs
2026-W37,TC-364,420.0,420.0,13/09/2026 19:33 hrs
2026-W38,TC-364,420.0,420.0,20/09/2026 19:35 hrs
2026-W39,TC-364,410.0,410.0,27/09/2026 20:12 hrs
2026-W40,TC-364,410.0,410.0,04/10/2026 20:19 hrs
2026-W41,TC-364,410.0,410.0,08/10/2026 07:44 hrs
2026-W36,TC-365,810.0,1350.0,06/09/2026 19:16 hrs
2026-W37,TC-365,1000.0,1350.0,13/09/2026 12:04 hrs
2026-W38,TC-365,1000.0,1350.0,20/09/2026 19:35 hrs
2026-W39,TC-365,1000.0,1350.0,27/09/2026 20:12 hrs
2026-W40,TC-365,1190.0,1350.0,04/10/2026 20:19 hrs
2026-W41,TC-365,1190.0,1350.0,08/10/2026 07:44 hrs
2026-W36,TC-366,1974.0,3290.0,06/09/2026 19:16 hrs
2026-W37,TC-366,1974.0,3290.0,13/09/2026 19:33 hrs
2026-W38,TC-366,2950.0,3290.0,20/09/2026 19:35 hrs
2026-W39,TC-366,2690.0,3290.0,27/09/2026 20:12 hrs
2026-W40,TC-366,2632.0,3290.0,04/10/2026 20:19 hrs
2026-W41,TC-366,2632.0,3290.0,08/10/2026 07:44 hrs
2026-W36,TC-367,1830.0,1830.0,06/09/2026 19:16 hrs
2026-W37,TC-367,1830.0,1830.0,13/09/2026 19:33 hrs
2026-W38,TC-367,1830.0,1830.0,20/09/2026 19:35 hrs
2026-W39,TC-367,1490.0,1830.0,27/09/2026 20:12 hrs
2026-W40,TC-367,1490.0,1830.0,04/10/2026 20:19 hrs
2026-W41,TC-367,1490.0,1830.0,08/10/2026 07:44 hrs
2026-W36,TC-368,1674.0,2790.0,06/09/2026 19:16 hrs
2026-W37,TC-368,1674.0,2790.0,13/09/2026 19:33 hrs
2026-W38,TC-368,2300.0,2790.0,20/09/2026 19:35 hrs
2026-W39,TC-368,2232.0,2790.0,27/09/2026 20:12 hrs
2026-W40,TC-368,2232.0,2790.0,04/10/2026 20:19 hrs
2026-W41,TC-368,2232.0,2790.0,08/10/2026 07:44 hrs
2026-W36,TC-369,246.0,410.0,06/09/2026 19:16 hrs
2026-W37,TC-369,246.0,410.0,13/09/2026 19:33 hrs
2026-W38,TC-369,410.0,410.0,20/09/2026 19:35 hrs
2026-W39,TC-369,410.0,410.0,27/09/2026 20:12 hrs
2026-W40,TC-369,410.0,410.0,04/10/2026 20:19 hrs
2026-W41,TC-369,410.0,410.0,08/10/2026 07:44 hrs
2026-W36,TC-370,670.0,670.0,06/09/2026 19:16 hrs
2026-W37,TC-370,402.0,670.0,13/09/2026 19:33 hrs
2026-W38,TC-370,670.0,670.0,20/09/2026 19:35 hrs
2026-W39,TC-370,670.0,670.0,27/09/2026 20:12 hrs
2026-W40,TC-370,670.0,670.0,04/10/2026 20:19 hrs
2026-W41,TC-370,670.0,670.0,08/10/2026 07:44 hrs
2026-W36,TC-371,540.0,540.0,06/09/2026 19:16 hrs
2026-W37,TC-371,540.0,540.0,13/09/2026 19:33 hrs
2026-W38,TC-371,540.0,540.0,20/09/2026 19:35 hrs
2026-W39,TC-371,540.0,540.0,27/09/2026 20:12 hrs
2026-W40,TC-371,540.0,540.0,04/10/2026 20:19 hrs
2026-W41,TC-371,540.0,540.0,08/10/2026 07:44 hrs
2026-W36,TC-372,2190.0,2190.0,06/09/2026 19:16 hrs
2026-W37,TC-372,2190.0,2190.0,13/09/2026 19:33 hrs
2026-W38,TC-372,2190.0,2190.0,20/09/2026 19:35 hrs
2026-W39,TC-372,2190.0,2190.0,27/09/2026 20:12 hrs
2026-W40,TC-372,2190.0,2190.0,04/10/2026 20:19 hrs
2026-W41,TC-372,2190.0,2190.0,08/10/2026 07:44 hrs
2026-W36,TC-373,2000.0,2390.0,06/09/2026 19:16 hrs
2026-W37,TC-373,2000.0,2390.0,13/09/2026 19:33 hrs
2026-W38,TC-373,2000.0,2390.0,20/09/2026 19:35 hrs
2026-W39,TC-373,2390.0,2390.0,27/09/2026 20:12 hrs
2026-W40,TC-373,2390.0,2390.0,04/10/2026 20:19 hrs
2026-W41,TC-373,2390.0,2390.0,08/10/2026 07:44 hrs
2026-W36,TC-374,1000.0,1550.0,06/09/2026 19:16 hrs
2026-W37,TC-374,1000.0,1550.0,13/09/2026 19:33 hrs
2026-W38,TC-374,1000.0,1550.0,20/09/2026 19:35 hrs
2026-W39,TC-374,1550.0,1550.0,27/09/2026 20:12 hrs
2026-W40,TC-374,1550.0,1550.0,04/10/2026 20:19 hrs
2026-W41,TC-374,1550.0,1550.0,08/10/2026 07:44 hrs
2026-W36,TC-375,1990.0,1990.0,06/09/2026 19:16 hrs
2026-W37,TC-375,1990.0,1990.0,13/09/2026 19:33 hrs
2026-W38,TC-375,1990.0,1990.0,20/09/2026 19:35 hrs
2026-W39,TC-375,1690.0,1990.0,27/09/2026 20:12 hrs
2026-W40,TC-375,1690.0,1990.0,04/10/2026 20:19 hrs
2026-W41,TC-375,1690.0,1990.0,08/10/2026 07:44 hrs
2026-W36,TC-376,490.0,490.0,06/09/2026 19:16 hrs
2026-W37,TC-376,490.0,490.0,13/09/2026 19:33 hrs
2026-W38,TC-376,490.0,490.0,20/09/2026 19:35 hrs
2026-W39,TC-376,490.0,490.0,27/09/2026 20:12 hrs
2026-W40,TC-376,490.0,490.0,04/10/2026 20:19 hrs
2026-W41,TC-376,490.0,490.0,08/10/2026 07:44 hrs
2026-W36,TC-377,594.0,990.0,06/09/2026 19:16 hrs
2026-W37,TC-377,990.0,990.0,13/09/2026 19:33 hrs
2026-W38,TC-377,990.0,990.0,20/09/2026 19:35 hrs
2026-W39,TC-377,990.0,990.0,27/09/2026 20:12 hrs
2026-W40,TC-377,990.0,990.0,04/10/2026 20:19 hrs
2026-W41,TC-377,1000.0,1000.0,08/10/2026 07:44 hrs
2026-W36,TC-378,1314.0,2190.0,06/09/2026 19:16 hrs
2026-W37,TC-378,1314.0,2190.0,13/09/2026 19:33 hrs
2026-W38,TC-378,2190.0,2190.0,20/09/2026 19:35 hrs
2026-W39,TC-378,2190.0,2190.0,27/09/2026 20:12 hrs
2026-W40,TC-378,2190.0,2190.0,04/10/2026 20:19 hrs
2026-W41,TC-378,2190.0,2190.0,08/10/2026 07:44 hrs
2026-W36,TC-379,2190.0,3650.0,06/09/2026 19:16 hrs
2026-W37,TC-379,2190.0,3650.0,13/09/2026 19:33 hrs
2026-W38,TC-379,3650.0,3650.0,20/09/2026 19:35 hrs
2026-W39,TC-379,3650.0,3650.0,27/09/2026 20:12 hrs
2026-W40,TC-379,3650.0,3650.0,04/10/2026 20:19 hrs
2026-W41,TC-379,3650.0,3650.0,08/10/2026 07:44 hrs
2026-W36,TC-380,990.0,1450.0,06/09/2026 19:16 hrs
2026-W37,TC-380,990.0,1450.0,13/09/2026 19:33 hrs
2026-W38,TC-380,990.0,1450.0,20/09/2026 19:35 hrs
2026-W39,TC-380,990.0,1450.0,27/09/2026 20:12 hrs
2026-W40,TC-380,957.0,1450.0,04/10/2026 20:19 hrs
2026-W41,TC-380,980.0,1450.0,08/10/2026 07:44 hrs
2026-W36,TC-381,1790.0,2080.0,06/09/2026 19:16 hrs
2026-W37,TC-381,1790.0,2080.0,13/09/2026 19:33 hrs
2026-W38,TC-381,1790.0,2080.0,20/09/2026 19:35 hrs
2026-W39,TC-381,1790.0,2080.0,27/09/2026 20:12 hrs
2026-W40,TC-381,1890.0,2080.0,04/10/2026 20:19 hrs
2026-W41,TC-381,1890.0,2080.0,08/10/2026 07:44 hrs
2026-W36,TC-382,1290.0,1290.0,06/09/2026 19:16 hrs
2026-W37,TC-382,1290.0,1290.0,13/09/2026 19:33 hrs
2026-W38,TC-382,1330.0,1330.0,20/09/2026 19:35 hrs
2026-W39,TC-382,1330.0,1330.0,27/09/2026 20:12 hrs
2026-W40,TC-382,1330.0,1330.0,04/10/2026 20:19 hrs
2026-W41,TC-382,1330.0,1330.0,08/10/2026 07:44 hrs
2026-W36,TC-383,410.0,410.0,06/09/2026 19:16 hrs
2026-W37,TC-383,410.0,410.0,13/09/2026 19:33 hrs
2026-W38,TC-383,410.0,410.0,20/09/2026 19:35 hrs
2026-W39,TC-383,410.0,410.0,27/09/2026 20:12 hrs
2026-W40,TC-383,250.0,410.0,04/10/2026 20:19 hrs
2026-W41,TC-383,250.0,410.0,08/10/2026 07:44 hrs
2026-W36,TC-384,350.0,350.0,06/09/2026 19:16 hrs
2026-W37,TC-384,350.0,350.0,13/09/2026 19:33 hrs
2026-W38,TC-384,350.0,350.0,20/09/2026 19:35 hrs
2026-W39,TC-384,350.0,350.0,27/09/2026 20:12 hrs
2026-W40,TC-384,350.0,350.0,04/10/2026 20:19 hrs
2026-W41,TC-384,350.0,350.0,08/10/2026 07:44 hrs
2026-W36,TC-385,2990.0,3450.0,06/09/2026 19:16 hrs
2026-W37,TC-385,2990.0,3450.0,13/09/2026 19:33 hrs
2026-W38,TC-385,2990.0,3450.0,20/09/2026 19:35 hrs
2026-W39,TC-385,2990.0,3450.0,27/09/2026 20:12 hrs
2026-W40,TC-385,2449.0,3450.0,04/10/2026 20:19 hrs
2026-W41,TC-385,2449.0,3450.0,07/10/2026 21:23 hrs
2026-W36,TC-386,1040.0,1040.0,06/09/2026 19:16 hrs
2026-W37,TC-386,1040.0,1040.0,09/09/2026 12:15 hrs
2026-W36,TC-387,410.0,410.0,06/09/2026 19:16 hrs
2026-W37,TC-387,410.0,410.0,13/09/2026 19:33 hrs
2026-W38,TC-387,420.0,420.0,20/09/2026 19:35 hrs
2026-W39,TC-387,420.0,420.0,27/09/2026 20:12 hrs
2026-W40,TC-387,420.0,420.0,04/10/2026 20:19 hrs
2026-W41,TC-387,420.0,420.0,08/10/2026 07:44 hrs
2026-W36,TC-388,1920.0,1920.0,06/09/2026 19:16 hrs
2026-W37,TC-388,1920.0,1920.0,13/09/2026 19:33 hrs
2026-W38,TC-388,1920.0,1920.0,20/09/2026 19:35 hrs
2026-W39,TC-388,1920.0,1920.0,27/09/2026 20:12 hrs
2026-W40,TC-388,1920.0,1920.0,04/10/2026 20:19 hrs
2026-W41,TC-388,1920.0,1920.0,08/10/2026 07:44 hrs
2026-W36,TC-389,400.0,400.0,06/09/2026 19:16 hrs
2026-W37,TC-389,400.0,400.0,13/09/2026 19:33 hrs
2026-W38,TC-389,400.0,400.0,20/09/2026 19:35 hrs
2026-W39,TC-389,400.0,400.0,27/09/2026 20:12 hrs
2026-W40,TC-389,300.0,400.0,04/10/2026 20:19 hrs
2026-W41,TC-389,400.0,400.0,08/10/2026 07:44 hrs
2026-W36,TC-390,700.0,700.0,06/09/2026 19:16 hrs
2026-W37,TC-390,700.0,700.0,13/09/2026 19:33 hrs
2026-W38,TC-390,700.0,700.0,20/09/2026 19:35 hrs
2026-W39,TC-390,700.0,700.0,27/09/2026 20:12 hrs
2026-W40,TC-390,504.0,700.0,04/10/2026 20:19 hrs
2026-W41,TC-390,700.0,700.0,08/10/2026 07:44 hrs
2026-W36,TC-391,2190.0,2190.0,06/09/2026 19:16 hrs
2026-W37,TC-391,2190.0,2190.0,13/09/2026 19:33 hrs
2026-W38,TC-391,2190.0,2190.0,20/09/2026 19:35 hrs
2026-W39,TC-391,2190.0,2190.0,27/09/2026 20:12 hrs
2026-W40,TC-391,2190.0,2190.0,04/10/2026 20:19 hrs
2026-W41,TC-391,2190.0,2190.0,08/10/2026 07:44 hrs
2026-W36,TC-392,2240.0,2240.0,06/09/2026 19:16 hrs
2026-W37,TC-392,2240.0,2240.0,13/09/2026 19:33 hrs
2026-W38,TC-392,2240.0,2240.0,20/09/2026 19:35 hrs
2026-W39,TC-392,2240.0,2240.0,27/09/2026 20:12 hrs
2026-W40,TC-392,1380.0,2240.0,04/10/2026 20:19 hrs
2026-W41,TC-392,1380.0,2330.0,08/10/2026 07:44 hrs
2026-W36,TC-393,540.0,540.0,06/09/2026 19:16 hrs
2026-W37,TC-393,540.0,540.0,13/09/2026 19:33 hrs
2026-W38,TC-393,540.0,540.0,20/09/2026 19:35 hrs
2026-W39,TC-393,580.0,580.0,27/09/2026 20:12 hrs
2026-W40,TC-393,560.0,560.0,04/10/2026 20:19 hrs
2026-W41,TC-393,560.0,560.0,08/10/2026 07:44 hrs
2026-W36,TC-394,1490.0,1650.0,06/09/2026 19:16 hrs
2026-W37,TC-394,1490.0,1650.0,13/09/2026 19:33 hrs
2026-W38,TC-394,1490.0,1650.0,15/09/2026 12:42 hrs
2026-W36,TC-395,990.0,990.0,06/09/2026 19:16 hrs
2026-W37,TC-395,990.0,990.0,13/09/2026 19:33 hrs
2026-W38,TC-395,990.0,990.0,20/09/2026 19:35 hrs
2026-W39,TC-395,990.0,990.0,27/09/2026 20:12 hrs
2026-W40,TC-395,990.0,990.0,04/10/2026 20:19 hrs
2026-W41,TC-395,990.0,990.0,08/10/2026 07:44 hrs
2026-W36,TC-396,2190.0,3040.0,06/09/2026 19:16 hrs
2026-W37,TC-396,2190.0,3040.0,13/09/2026 19:33 hrs
2026-W38,TC-396,2190.0,3040.0,20/09/2026 19:35 hrs
2026-W39,TC-396,2290.0,3040.0,27/09/2026 20:12 hrs
2026-W40,TC-396,2290.0,3040.0,04/10/2026 20:19 hrs
2026-W41,TC-396,2290.0,3040.0,08/10/2026 07:44 hrs
2026-W36,TC-397,1390.0,1920.0,06/09/2026 19:16 hrs
2026-W37,TC-397,1450.0,1920.0,13/09/2026 19:33 hrs
2026-W38,TC-397,1450.0,1920.0,20/09/2026 19:35 hrs
2026-W39,TC-397,1490.0,1920.0,27/09/2026 20:12 hrs
2026-W40,TC-397,1490.0,1920.0,04/10/2026 20:19 hrs
2026-W41,TC-397,1490.0,1920.0,08/10/2026 07:44 hrs
2026-W36,TC-398,1250.0,1530.0,06/09/2026 19:16 hrs
2026-W37,TC-398,1250.0,1530.0,13/09/2026 19:33 hrs
2026-W38,TC-398,1250.0,1530.0,20/09/2026 19:35 hrs
2026-W39,TC-398,1250.0,1530.0,27/09/2026 20:12 hrs
2026-W40,TC-398,1250.0,1530.0,04/10/2026 20:19 hrs
2026-W41,TC-398,1250.0,1530.0,08/10/2026 07:44 hrs
2026-W36,TC-399,1690.0,1970.0,06/09/2026 19:16 hrs
2026-W37,TC-399,1690.0,1970.0,13/09/2026 19:33 hrs
2026-W38,TC-399,1690.0,1970.0,20/09/2026 19:35 hrs
2026-W39,TC-399,1690.0,1970.0,27/09/2026 20:12 hrs
2026-W40,TC-399,1690.0,1970.0,04/10/2026 20:19 hrs
2026-W41,TC-399,1690.0,1970.0,08/10/2026 07:44 hrs
2026-W36,TC-400,890.0,990.0,06/09/2026 19:16 hrs
2026-W37,TC-400,890.0,990.0,13/09/2026 19:33 hrs
2026-W38,TC-400,890.0,990.0,20/09/2026 19:35 hrs
2026-W39,TC-400,890.0,1020.0,27/09/2026 20:12 hrs
2026-W40,TC-400,890.0,1020.0,04/10/2026 20:19 hrs
2026-W41,TC-400,890.0,1020.0,08/10/2026 07:44 hrs
2026-W36,TC-401,1550.0,1630.0,06/09/2026 19:16 hrs
2026-W37,TC-401,1550.0,1630.0,13/09/2026 19:33 hrs
2026-W38,TC-401,1550.0,1630.0,20/09/2026 19:35 hrs
2026-W39,TC-401,1550.0,1630.0,27/09/2026 20:12 hrs
2026-W40,TC-401,1550.0,1630.0,04/10/2026 20:19 hrs
2026-W41,TC-401,1550.0,1630.0,08/10/2026 07:44 hrs
2026-W36,TC-402,1610.0,1690.0,06/09/2026 19:16 hrs
2026-W37,TC-402,1610.0,1690.0,13/09/2026 19:33 hrs
2026-W38,TC-402,1610.0,1690.0,20/09/2026 19:35 hrs
2026-W39,TC-402,1610.0,1690.0,27/09/2026 20:12 hrs
2026-W40,TC-402,1610.0,1690.0,04/10/2026 20:19 hrs
2026-W41,TC-402,1610.0,1690.0,08/10/2026 07:44 hrs
2026-W36,TC-403,230.0,240.0,06/09/2026 19:16 hrs
2026-W37,TC-403,230.0,240.0,13/09/2026 19:33 hrs
2026-W38,TC-403,230.0,240.0,20/09/2026 19:35 hrs
2026-W39,TC-403,230.0,240.0,27/09/2026 20:12 hrs
2026-W40,TC-403,230.0,240.0,04/10/2026 20:19 hrs
2026-W41,TC-403,230.0,240.0,08/10/2026 07:44 hrs
2026-W36,TC-404,410.0,410.0,06/09/2026 19:16 hrs
2026-W37,TC-404,410.0,410.0,13/09/2026 19:33 hrs
2026-W38,TC-404,410.0,410.0,20/09/2026 19:35 hrs
2026-W39,TC-404,410.0,410.0,27/09/2026 20:12 hrs
2026-W40,TC-404,410.0,410.0,04/10/2026 20:19 hrs
2026-W41,TC-404,410.0,410.0,08/10/2026 07:44 hrs
2026-W36,TC-405,670.0,700.0,06/09/2026 19:16 hrs
2026-W37,TC-405,670.0,700.0,13/09/2026 19:33 hrs
2026-W38,TC-405,670.0,700.0,20/09/2026 19:35 hrs
2026-W39,TC-405,670.0,700.0,27/09/2026 20:12 hrs
2026-W40,TC-405,670.0,700.0,04/10/2026 20:19 hrs
2026-W41,TC-405,670.0,700.0,08/10/2026 07:44 hrs
2026-W36,TC-406,2610.0,2740.0,06/09/2026 19:16 hrs
2026-W37,TC-406,2610.0,2740.0,13/09/2026 19:33 hrs
2026-W38,TC-406,2610.0,2740.0,20/09/2026 19:35 hrs
2026-W39,TC-406,2610.0,2740.0,27/09/2026 20:12 hrs
2026-W40,TC-406,2610.0,2740.0,04/10/2026 20:19 hrs
2026-W41,TC-406,2610.0,2740.0,08/10/2026 07:44 hrs
2026-W36,TC-407,2370.0,2490.0,06/09/2026 19:16 hrs
2026-W37,TC-407,2370.0,2490.0,13/09/2026 19:33 hrs
2026-W38,TC-407,2370.0,2490.0,20/09/2026 19:35 hrs
2026-W39,TC-407,2590.0,2740.0,27/09/2026 20:12 hrs
2026-W40,TC-407,2590.0,2740.0,04/10/2026 20:19 hrs
2026-W41,TC-407,2590.0,2740.0,08/10/2026 07:44 hrs
2026-W36,TC-408,1590.0,1890.0,06/09/2026 19:16 hrs
2026-W37,TC-408,1590.0,1890.0,13/09/2026 19:33 hrs
2026-W38,TC-408,1590.0,1890.0,20/09/2026 19:35 hrs
2026-W39,TC-408,1590.0,1890.0,27/09/2026 20:12 hrs
2026-W40,TC-408,1590.0,1890.0,04/10/2026 20:19 hrs
2026-W41,TC-408,1590.0,1890.0,08/10/2026 07:44 hrs
2026-W36,TC-409,790.0,980.0,06/09/2026 19:16 hrs
2026-W37,TC-409,790.0,980.0,13/09/2026 19:33 hrs
2026-W38,TC-409,790.0,980.0,20/09/2026 19:35 hrs
2026-W39,TC-409,790.0,980.0,27/09/2026 20:12 hrs
2026-W40,TC-409,790.0,980.0,04/10/2026 20:19 hrs
2026-W41,TC-409,790.0,980.0,08/10/2026 07:44 hrs
2026-W36,TC-410,3000.0,3000.0,06/09/2026 19:16 hrs
2026-W37,TC-410,3000.0,3000.0,13/09/2026 19:33 hrs
2026-W38,TC-410,3000.0,3000.0,20/09/2026 19:35 hrs
2026-W39,TC-410,3000.0,3000.0,27/09/2026 20:12 hrs
2026-W40,TC-410,3000.0,3000.0,03/10/2026 12:19 hrs
2026-W36,TC-411,1000.0,1000.0,06/09/2026 19:16 hrs
2026-W37,TC-411,1000.0,1000.0,13/09/2026 19:33 hrs
2026-W38,TC-411,1000.0,1000.0,20/09/2026 19:35 hrs
2026-W39,TC-411,1000.0,1000.0,27/09/2026 20:12 hrs
2026-W40,TC-411,1000.0,1000.0,04/10/2026 20:19 hrs
2026-W41,TC-411,1000.0,1000.0,08/10/2026 07:44 hrs
2026-W36,TC-412,2190.0,2190.0,06/09/2026 19:16 hrs
2026-W37,TC-412,2190.0,2190.0,13/09/2026 19:33 hrs
2026-W38,TC-412,2190.0,2190.0,20/09/2026 19:35 hrs
2026-W39,TC-412,2190.0,2190.0,27/09/2026 20:12 hrs
2026-W40,TC-412,2190.0,2190.0,04/10/2026 20:19 hrs
2026-W41,TC-412,2190.0,2190.0,08/10/2026 07:44 hrs
2026-W36,TC-413,790.0,790.0,06/09/2026 19:16 hrs
2026-W37,TC-413,790.0,790.0,13/09/2026 19:33 hrs
2026-W38,TC-413,790.0,790.0,20/09/2026 19:35 hrs
2026-W39,TC-413,790.0,790.0,27/09/2026 20:12 hrs
2026-W40,TC-413,790.0,790.0,04/10/2026 20:19 hrs
2026-W41,TC-413,790.0,790.0,08/10/2026 07:44 hrs
2026-W36,TC-414,2090.0,2090.0,06/09/2026 19:16 hrs
2026-W37,TC-414,2090.0,2090.0,13/09/2026 19:33 hrs
2026-W38,TC-414,2090.0,2090.0,20/09/2026 19:35 hrs
2026-W39,TC-414,2090.0,2090.0,27/09/2026 20:12 hrs
2026-W40,TC-414,2090.0,2090.0,04/10/2026 20:19 hrs
2026-W41,TC-414,1500.0,2090.0,08/10/2026 07:44 hrs
2026-W36,TC-415,1490.0,1490.0,06/09/2026 19:16 hrs
2026-W37,TC-415,1490.0,1490.0,13/09/2026 19:33 hrs
2026-W38,TC-415,1490.0,1490.0,20/09/2026 19:35 hrs
2026-W39,TC-415,1490.0,1490.0,27/09/2026 20:12 hrs
2026-W40,TC-415,1490.0,1490.0,04/10/2026 20:19 hrs
2026-W41,TC-415,1490.0,1490.0,08/10/2026 07:44 hrs
2026-W36,TC-416,290.0,290.0,06/09/2026 19:16 hrs
2026-W37,TC-416,290.0,290.0,13/09/2026 19:33 hrs
2026-W38,TC-416,290.0,290.0,20/09/2026 19:35 hrs
2026-W39,TC-416,290.0,290.0,27/09/2026 20:12 hrs
2026-W40,TC-416,290.0,290.0,04/10/2026 20:19 hrs
2026-W41,TC-416,290.0,290.0,08/10/2026 07:44 hrs
2026-W36,TC-417,2590.0,2590.0,06/09/2026 19:16 hrs
2026-W37,TC-417,2590.0,2590.0,13/09/2026 19:33 hrs
2026-W38,TC-417,2590.0,2590.0,20/09/2026 19:35 hrs
2026-W39,TC-417,2590.0,2590.0,27/09/2026 20:12 hrs
2026-W40,TC-417,2590.0,2590.0,04/10/2026 20:19 hrs
2026-W41,TC-417,2590.0,2590.0,08/10/2026 07:44 hrs
2026-W36,TC-418,2990.0,2990.0,06/09/2026 19:16 hrs
2026-W37,TC-418,2990.0,2990.0,13/09/2026 19:33 hrs
2026-W38,TC-418,2990.0,2990.0,20/09/2026 19:35 hrs
2026-W39,TC-418,2990.0,2990.0,27/09/2026 20:12 hrs
2026-W40,TC-418,2990.0,2990.0,04/10/2026 20:19 hrs
2026-W41,TC-418,2990.0,2990.0,08/10/2026 07:44 hrs
2026-W36,TC-419,490.0,490.0,06/09/2026 19:16 hrs
2026-W37,TC-419,490.0,490.0,13/09/2026 19:33 hrs
2026-W38,TC-419,490.0,490.0,20/09/2026 19:35 hrs
2026-W39,TC-419,490.0,490.0,27/09/2026 20:12 hrs
2026-W40,TC-419,490.0,490.0,04/10/2026 20:19 hrs
2026-W41,TC-419,490.0,490.0,08/10/2026 07:44 hrs
2026-W37,TC-420,11880.0,11880.0,13/09/2026 19:33 hrs
2026-W38,TC-420,11880.0,11880.0,20/09/2026 19:35 hrs
2026-W39,TC-420,11880.0,11880.0,27/09/2026 20:12 hrs
2026-W40,TC-420,11880.0,11880.0,04/10/2026 20:19 hrs
2026-W41,TC-420,11880.0,11880.0,08/10/2026 07:44 hrs
2026-W37,TC-421,14520.0,14520.0,13/09/2026 19:33 hrs
2026-W38,TC-421,14520.0,14520.0,20/09/2026 19:35 hrs
2026-W39,TC-421,14520.0,14520.0,27/09/2026 20:12 hrs
2026-W40,TC-421,14520.0,14520.0,04/10/2026 20:19 hrs
2026-W41,TC-421,14520.0,14520.0,08/10/2026 07:44 hrs
2026-W37,TC-422,11100.0,11100.0,13/09/2026 19:33 hrs
2026-W38,TC-422,11100.0,11100.0,20/09/2026 19:35 hrs
2026-W39,TC-422,11100.0,11100.0,27/09/2026 20:12 hrs
2026-W40,TC-422,11100.0,11100.0,04/10/2026 20:19 hrs
2026-W41,TC-422,11100.0,11100.0,08/10/2026 07:44 hrs
2026-W37,TC-423,19600.0,19600.0,13/09/2026 19:33 hrs
2026-W38,TC-423,19600.0,19600.0,20/09/2026 19:35 hrs
2026-W39,TC-423,19600.0,19600.0,27/09/2026 20:12 hrs
2026-W40,TC-423,19600.0,19600.0,04/10/2026 20:19 hrs
2026-W41,TC-423,19600.0,19600.0,08/10/2026 07:44 hrs
2026-W37,TC-424,11880.0,11880.0,13/09/2026 19:33 hrs
2026-W38,TC-424,11880.0,11880.0,20/09/2026 19:35 hrs
2026-W39,TC-424,11880.0,11880.0,27/09/2026 20:12 hrs
2026-W40,TC-424,11880.0,11880.0,04/10/2026 20:19 hrs
2026-W41,TC-424,11880.0,11880.0,08/10/2026 07:44 hrs
2026-W37,TC-425,9600.0,9600.0,13/09/2026 19:33 hrs
2026-W38,TC-425,9600.0,9600.0,20/09/2026 19:35 hrs
2026-W39,TC-425,9600.0,9600.0,27/09/2026 20:12 hrs
2026-W40,TC-425,9000.0,9000.0,04/10/2026 20:19 hrs
2026-W41,TC-425,9000.0,9000.0,08/10/2026 07:44 hrs
2026-W37,TC-426,19160.0,19160.0,13/09/2026 19:33 hrs
2026-W38,TC-426,19160.0,19160.0,20/09/2026 19:35 hrs
2026-W39,TC-426,19160.0,19160.0,27/09/2026 20:12 hrs
2026-W40,TC-426,19160.0,19160.0,04/10/2026 20:19 hrs
2026-W41,TC-426,19160.0,19160.0,08/10/2026 07:44 hrs
2026-W37,TC-427,16680.0,16680.0,13/09/2026 19:33 hrs
2026-W38,TC-427,16680.0,16680.0,20/09/2026 19:35 hrs
2026-W39,TC-427,16680.0,16680.0,27/09/2026 20:12 hrs
2026-W40,TC-427,16680.0,16680.0,04/10/2026 20:19 hrs
2026-W41,TC-427,16680.0,16680.0,08/10/2026 07:44 hrs
2026-W37,TC-428,8760.0,8760.0,13/09/2026 19:33 hrs
2026-W38,TC-428,8760.0,8760.0,20/09/2026 19:35 hrs
2026-W39,TC-428,8760.0,8760.0,27/09/2026 20:12 hrs
2026-W40,TC-428,8760.0,8760.0,04/10/2026 20:19 hrs
2026-W41,TC-428,8760.0,8760.0,08/10/2026 07:44 hrs
2026-W37,TC-429,10320.0,10320.0,13/09/2026 19:33 hrs
2026-W38,TC-429,10320.0,10320.0,20/09/2026 19:35 hrs
2026-W39,TC-429,10320.0,10320.0,27/09/2026 20:12 hrs
2026-W40,TC-429,10320.0,10320.0,04/10/2026 20:19 hrs
2026-W41,TC-429,10320.0,10320.0,08/10/2026 07:44 hrs
2026-W37,TC-430,15840.0,15840.0,13/09/2026 19:33 hrs
2026-W38,TC-430,15840.0,15840.0,20/09/2026 19:35 hrs
2026-W39,TC-430,15840.0,15840.0,27/09/2026 20:12 hrs
2026-W40,TC-430,14800.0,14800.0,04/10/2026 20:19 hrs
2026-W41,TC-430,14800.0,14800.0,08/10/2026 07:44 hrs
2026-W37,TC-431,13520.0,13520.0,13/09/2026 19:33 hrs
2026-W38,TC-431,13520.0,13520.0,20/09/2026 19:35 hrs
2026-W39,TC-431,13520.0,13520.0,27/09/2026 20:12 hrs
2026-W40,TC-431,13520.0,13520.0,04/10/2026 20:19 hrs
2026-W41,TC-431,13520.0,13520.0,08/10/2026 07:44 hrs
2026-W37,TC-432,19560.0,19560.0,13/09/2026 19:33 hrs
2026-W38,TC-432,19560.0,19560.0,20/09/2026 19:35 hrs
2026-W39,TC-432,19560.0,19560.0,27/09/2026 20:12 hrs
2026-W40,TC-432,19560.0,19560.0,04/10/2026 20:19 hrs
2026-W41,TC-432,19560.0,19560.0,08/10/2026 07:44 hrs
2026-W37,TC-433,8800.0,8800.0,13/09/2026 19:33 hrs
2026-W38,TC-433,8800.0,8800.0,20/09/2026 19:35 hrs
2026-W39,TC-433,8800.0,8800.0,27/09/2026 20:12 hrs
2026-W40,TC-433,8800.0,8800.0,04/10/2026 20:19 hrs
2026-W41,TC-433,8800.0,8800.0,08/10/2026 07:44 hrs
2026-W37,TC-434,15760.0,15760.0,13/09/2026 19:33 hrs
2026-W38,TC-434,15760.0,15760.0,20/09/2026 19:35 hrs
2026-W39,TC-434,15760.0,15760.0,27/09/2026 20:12 hrs
2026-W40,TC-434,15760.0,15760.0,04/10/2026 20:19 hrs
2026-W41,TC-434,15760.0,15760.0,08/10/2026 07:44 hrs
2026-W37,TC-435,11920.0,11920.0,13/09/2026 19:33 hrs
2026-W38,TC-435,11920.0,11920.0,20/09/2026 19:35 hrs
2026-W39,TC-435,11920.0,11920.0,27/09/2026 20:12 hrs
2026-W40,TC-435,11920.0,11920.0,04/10/2026 20:19 hrs
2026-W41,TC-435,11920.0,11920.0,08/10/2026 07:44 hrs
2026-W37,TC-436,3830.0,3830.0,13/09/2026 19:33 hrs
2026-W38,TC-436,3830.0,3830.0,20/09/2026 19:35 hrs
2026-W39,TC-436,3830.0,3830.0,27/09/2026 20:12 hrs
2026-W40,TC-436,3830.0,3830.0,04/10/2026 20:19 hrs
2026-W41,TC-436,3830.0,3830.0,08/10/2026 07:44 hrs
2026-W37,TC-437,8450.0,8450.0,13/09/2026 19:33 hrs
2026-W38,TC-437,8450.0,8450.0,20/09/2026 19:35 hrs
2026-W39,TC-437,8450.0,8450.0,27/09/2026 20:12 hrs
2026-W40,TC-437,8450.0,8450.0,04/10/2026 20:19 hrs
2026-W41,TC-437,8450.0,8450.0,08/10/2026 07:44 hrs
2026-W37,TC-438,10790.0,10790.0,13/09/2026 19:33 hrs
2026-W38,TC-438,10790.0,10790.0,20/09/2026 19:35 hrs
2026-W39,TC-438,10790.0,10790.0,27/09/2026 20:12 hrs
2026-W40,TC-438,10790.0,10790.0,04/10/2026 20:19 hrs
2026-W41,TC-438,10790.0,10790.0,08/10/2026 07:44 hrs
2026-W37,TC-439,15120.0,15120.0,13/09/2026 19:33 hrs
2026-W38,TC-439,15120.0,15120.0,20/09/2026 19:35 hrs
2026-W39,TC-439,15120.0,15120.0,27/09/2026 20:12 hrs
2026-W40,TC-439,15120.0,15120.0,04/10/2026 20:19 hrs
2026-W41,TC-439,15120.0,15120.0,08/10/2026 07:44 hrs
2026-W37,TC-440,19120.0,19120.0,13/09/2026 19:33 hrs
2026-W38,TC-440,19120.0,19120.0,20/09/2026 19:35 hrs
2026-W39,TC-440,19120.0,19120.0,27/09/2026 20:12 hrs
2026-W40,TC-440,19120.0,19120.0,04/10/2026 20:19 hrs
2026-W41,TC-440,19120.0,19120.0,08/10/2026 07:44 hrs
2026-W37,TC-441,6640.0,6640.0,13/09/2026 19:33 hrs
2026-W38,TC-441,6640.0,6640.0,20/09/2026 19:35 hrs
2026-W39,TC-441,6640.0,6640.0,27/09/2026 20:12 hrs
2026-W40,TC-441,6640.0,6640.0,04/10/2026 20:19 hrs
2026-W41,TC-441,6640.0,6640.0,08/10/2026 07:44 hrs
2026-W37,TC-442,14760.0,14760.0,13/09/2026 19:33 hrs
2026-W38,TC-442,14760.0,14760.0,20/09/2026 19:35 hrs
2026-W39,TC-442,14760.0,14760.0,27/09/2026 20:12 hrs
2026-W40,TC-442,14760.0,14760.0,04/10/2026 20:19 hrs
2026-W41,TC-442,14760.0,14760.0,08/10/2026 07:44 hrs
2026-W37,TC-443,27900.0,27900.0,13/09/2026 19:33 hrs
2026-W38,TC-443,27900.0,27900.0,20/09/2026 19:35 hrs
2026-W39,TC-443,27900.0,27900.0,27/09/2026 20:12 hrs
2026-W40,TC-443,27900.0,27900.0,04/10/2026 20:19 hrs
2026-W41,TC-443,19500.0,27900.0,08/10/2026 07:44 hrs
2026-W37,TC-444,16880.0,16880.0,13/09/2026 19:33 hrs
2026-W38,TC-444,16880.0,16880.0,20/09/2026 19:35 hrs
2026-W39,TC-444,16880.0,16880.0,27/09/2026 20:12 hrs
2026-W40,TC-444,16880.0,16880.0,04/10/2026 20:19 hrs
2026-W41,TC-444,16880.0,16880.0,08/10/2026 07:44 hrs
2026-W37,TC-445,13140.0,13140.0,13/09/2026 19:33 hrs
2026-W38,TC-445,13140.0,13140.0,20/09/2026 19:35 hrs
2026-W39,TC-445,13140.0,13140.0,27/09/2026 20:12 hrs
2026-W40,TC-445,13140.0,13140.0,04/10/2026 20:19 hrs
2026-W41,TC-445,13140.0,13140.0,08/10/2026 07:44 hrs
2026-W37,TC-446,5790.0,5790.0,13/09/2026 19:33 hrs
2026-W38,TC-446,5790.0,5790.0,20/09/2026 19:35 hrs
2026-W39,TC-446,5790.0,5790.0,27/09/2026 20:12 hrs
2026-W40,TC-446,5790.0,5790.0,04/10/2026 20:19 hrs
2026-W41,TC-446,5790.0,5790.0,08/10/2026 07:44 hrs
2026-W37,TC-447,4970.0,4970.0,13/09/2026 19:33 hrs
2026-W38,TC-447,4970.0,4970.0,20/09/2026 19:35 hrs
2026-W39,TC-447,4970.0,4970.0,27/09/2026 20:12 hrs
2026-W40,TC-447,4970.0,4970.0,04/10/2026 20:19 hrs
2026-W41,TC-447,4970.0,4970.0,08/10/2026 07:44 hrs
2026-W37,TC-448,17440.0,17440.0,13/09/2026 19:33 hrs
2026-W38,TC-448,17440.0,17440.0,20/09/2026 19:35 hrs
2026-W39,TC-448,17440.0,17440.0,27/09/2026 20:12 hrs
2026-W40,TC-448,17440.0,17440.0,04/10/2026 20:19 hrs
2026-W41,TC-448,17440.0,17440.0,08/10/2026 07:44 hrs
2026-W37,TC-449,11280.0,11280.0,13/09/2026 19:33 hrs
2026-W38,TC-449,11280.0,11280.0,20/09/2026 19:35 hrs
2026-W39,TC-449,11280.0,11280.0,27/09/2026 20:12 hrs
2026-W40,TC-449,11280.0,11280.0,04/10/2026 20:19 hrs
2026-W41,TC-449,11280.0,11280.0,08/10/2026 07:44 hrs
2026-W37,TC-450,13680.0,13680.0,13/09/2026 19:33 hrs
2026-W38,TC-450,13680.0,13680.0,20/09/2026 19:35 hrs
2026-W39,TC-450,13680.0,13680.0,27/09/2026 20:12 hrs
2026-W40,TC-450,13680.0,13680.0,04/10/2026 20:19 hrs
2026-W41,TC-450,13680.0,13680.0,08/10/2026 07:44 hrs
2026-W37,TC-451,11360.0,11360.0,13/09/2026 19:33 hrs
2026-W38,TC-451,11360.0,11360.0,20/09/2026 19:35 hrs
2026-W39,TC-451,11360.0,11360.0,27/09/2026 20:12 hrs
2026-W40,TC-451,11360.0,11360.0,04/10/2026 20:19 hrs
2026-W41,TC-451,11360.0,11360.0,08/10/2026 07:44 hrs
2026-W37,TC-452,8990.0,8990.0,13/09/2026 19:33 hrs
2026-W38,TC-452,8990.0,8990.0,20/09/2026 19:35 hrs
2026-W39,TC-452,8990.0,8990.0,27/09/2026 20:12 hrs
2026-W40,TC-452,8990.0,8990.0,04/10/2026 20:19 hrs
2026-W41,TC-452,8990.0,8990.0,08/10/2026 07:44 hrs
2026-W37,TC-453,2140.0,2140.0,13/09/2026 19:33 hrs
2026-W38,TC-453,2140.0,2140.0,20/09/2026 19:35 hrs
2026-W39,TC-453,2140.0,2140.0,27/09/2026 20:12 hrs
2026-W40,TC-453,2140.0,2140.0,04/10/2026 20:19 hrs
2026-W41,TC-453,2140.0,2140.0,08/10/2026 07:44 hrs
2026-W37,TC-454,990.0,990.0,13/09/2026 19:33 hrs
2026-W38,TC-454,990.0,990.0,20/09/2026 19:35 hrs
2026-W39,TC-454,990.0,990.0,27/09/2026 20:12 hrs
2026-W40,TC-454,990.0,990.0,04/10/2026 20:19 hrs
2026-W41,TC-454,990.0,990.0,08/10/2026 07:44 hrs
2026-W37,TC-455,189.0,189.0,13/09/2026 19:33 hrs
2026-W38,TC-455,189.0,189.0,20/09/2026 19:35 hrs
2026-W39,TC-455,189.0,189.0,27/09/2026 20:12 hrs
2026-W40,TC-455,189.0,189.0,04/10/2026 20:19 hrs
2026-W41,TC-455,189.0,189.0,08/10/2026 07:44 hrs
2026-W37,TC-456,370.0,370.0,13/09/2026 19:33 hrs
2026-W38,TC-456,370.0,370.0,20/09/2026 19:35 hrs
2026-W39,TC-456,370.0,370.0,27/09/2026 20:12 hrs
2026-W40,TC-456,370.0,370.0,04/10/2026 20:19 hrs
2026-W41,TC-456,370.0,370.0,08/10/2026 07:44 hrs
2026-W37,TC-457,990.0,990.0,13/09/2026 19:33 hrs
2026-W38,TC-457,990.0,990.0,20/09/2026 19:35 hrs
2026-W39,TC-457,990.0,990.0,27/09/2026 20:12 hrs
2026-W40,TC-457,990.0,990.0,04/10/2026 20:19 hrs
2026-W41,TC-457,990.0,990.0,08/10/2026 07:44 hrs
2026-W37,TC-458,6990.0,6990.0,13/09/2026 19:33 hrs
2026-W38,TC-458,6990.0,6990.0,20/09/2026 19:35 hrs
2026-W39,TC-458,6990.0,6990.0,27/09/2026 20:12 hrs
2026-W40,TC-458,6990.0,6990.0,04/10/2026 20:19 hrs
2026-W41,TC-458,6990.0,6990.0,08/10/2026 07:44 hrs
2026-W37,TC-459,790.0,790.0,13/09/2026 19:33 hrs
2026-W38,TC-459,790.0,790.0,20/09/2026 19:35 hrs
2026-W39,TC-459,790.0,790.0,27/09/2026 20:12 hrs
2026-W40,TC-459,790.0,790.0,04/10/2026 20:19 hrs
2026-W41,TC-459,790.0,790.0,08/10/2026 07:44 hrs
2026-W37,TC-460,210.0,210.0,13/09/2026 19:33 hrs
2026-W38,TC-460,210.0,210.0,20/09/2026 19:35 hrs
2026-W39,TC-460,210.0,210.0,27/09/2026 20:12 hrs
2026-W40,TC-460,210.0,210.0,04/10/2026 20:19 hrs
2026-W41,TC-460,210.0,210.0,08/10/2026 07:44 hrs
2026-W37,TC-461,300.0,300.0,13/09/2026 19:33 hrs
2026-W38,TC-461,300.0,300.0,20/09/2026 19:35 hrs
2026-W39,TC-461,300.0,300.0,27/09/2026 20:12 hrs
2026-W40,TC-461,300.0,300.0,04/10/2026 20:19 hrs
2026-W41,TC-461,300.0,300.0,08/10/2026 07:44 hrs
2026-W37,TC-462,850.0,850.0,13/09/2026 19:33 hrs
2026-W38,TC-462,850.0,850.0,20/09/2026 19:35 hrs
2026-W39,TC-462,850.0,850.0,27/09/2026 20:12 hrs
2026-W40,TC-462,850.0,850.0,04/10/2026 20:19 hrs
2026-W41,TC-462,850.0,850.0,08/10/2026 07:44 hrs
2026-W37,TC-463,1190.0,1190.0,13/09/2026 19:33 hrs
2026-W38,TC-463,1190.0,1190.0,20/09/2026 19:35 hrs
2026-W39,TC-463,1190.0,1190.0,27/09/2026 20:12 hrs
2026-W40,TC-463,1190.0,1190.0,04/10/2026 20:19 hrs
2026-W41,TC-463,1190.0,1190.0,08/10/2026 07:44 hrs
2026-W37,TC-464,2590.0,2590.0,13/09/2026 19:33 hrs
2026-W38,TC-464,2390.0,2390.0,20/09/2026 19:35 hrs
2026-W39,TC-464,2390.0,2390.0,27/09/2026 20:12 hrs
2026-W40,TC-464,2390.0,2390.0,04/10/2026 20:19 hrs
2026-W41,TC-464,2390.0,2390.0,08/10/2026 07:44 hrs
2026-W37,TC-465,5390.0,5390.0,13/09/2026 19:33 hrs
2026-W38,TC-465,5390.0,5390.0,20/09/2026 19:35 hrs
2026-W39,TC-465,5390.0,5390.0,27/09/2026 20:12 hrs
2026-W40,TC-465,5390.0,5390.0,30/09/2026 14:00 hrs
2026-W37,TC-466,3690.0,3690.0,13/09/2026 19:33 hrs
2026-W38,TC-466,3690.0,3690.0,20/09/2026 19:35 hrs
2026-W39,TC-466,3690.0,3690.0,27/09/2026 20:12 hrs
2026-W40,TC-466,3690.0,3690.0,04/10/2026 20:19 hrs
2026-W41,TC-466,3690.0,3690.0,08/10/2026 07:44 hrs
2026-W37,TC-467,1690.0,1690.0,13/09/2026 19:33 hrs
2026-W38,TC-467,1490.0,1490.0,20/09/2026 19:35 hrs
2026-W39,TC-467,1490.0,1490.0,27/09/2026 20:12 hrs
2026-W40,TC-467,1490.0,1490.0,04/10/2026 20:19 hrs
2026-W41,TC-467,1490.0,1490.0,08/10/2026 07:44 hrs
2026-W37,TC-468,1790.0,1790.0,13/09/2026 19:33 hrs
2026-W38,TC-468,1790.0,1790.0,20/09/2026 19:35 hrs
2026-W39,TC-468,1790.0,1790.0,27/09/2026 20:12 hrs
2026-W40,TC-468,1790.0,1790.0,04/10/2026 20:19 hrs
2026-W41,TC-468,1790.0,1790.0,08/10/2026 07:44 hrs
2026-W37,TC-469,1690.0,1690.0,13/09/2026 19:33 hrs
2026-W38,TC-469,1690.0,1690.0,20/09/2026 19:35 hrs
2026-W39,TC-469,1690.0,1690.0,27/09/2026 20:12 hrs
2026-W40,TC-469,1690.0,1690.0,04/10/2026 20:19 hrs
2026-W41,TC-469,1690.0,1690.0,08/10/2026 07:44 hrs
2026-W37,TC-470,1250.0,1250.0,13/09/2026 19:33 hrs
2026-W38,TC-470,1250.0,1250.0,20/09/2026 19:35 hrs
2026-W39,TC-470,1250.0,1250.0,27/09/2026 20:12 hrs
2026-W40,TC-470,1000.0,1250.0,04/10/2026 20:19 hrs
2026-W41,TC-470,1000.0,1250.0,08/10/2026 07:44 hrs
2026-W37,TC-471,2490.0,2490.0,13/09/2026 19:33 hrs
2026-W38,TC-471,2490.0,2490.0,20/09/2026 19:35 hrs
2026-W39,TC-471,2490.0,2490.0,27/09/2026 20:12 hrs
2026-W40,TC-471,2490.0,2490.0,04/10/2026 20:19 hrs
2026-W41,TC-471,2490.0,2490.0,08/10/2026 07:44 hrs
2026-W37,TC-472,1150.0,1150.0,13/09/2026 19:33 hrs
2026-W38,TC-472,1150.0,1150.0,20/09/2026 19:35 hrs
2026-W39,TC-472,1150.0,1150.0,27/09/2026 20:12 hrs
2026-W40,TC-472,1150.0,1150.0,04/10/2026 20:19 hrs
2026-W41,TC-472,1150.0,1150.0,08/10/2026 07:44 hrs
2026-W37,TC-473,990.0,990.0,13/09/2026 19:33 hrs
2026-W38,TC-473,990.0,990.0,20/09/2026 19:35 hrs
2026-W39,TC-473,990.0,990.0,27/09/2026 20:12 hrs
2026-W40,TC-473,990.0,990.0,04/10/2026 20:19 hrs
2026-W41,TC-473,990.0,990.0,08/10/2026 07:44 hrs
2026-W37,TC-474,6590.0,6590.0,13/09/2026 19:33 hrs
2026-W38,TC-474,6590.0,6590.0,20/09/2026 19:35 hrs
2026-W39,TC-474,6590.0,6590.0,27/09/2026 20:12 hrs
2026-W40,TC-474,5990.0,6590.0,04/10/2026 20:19 hrs
2026-W41,TC-474,5990.0,6590.0,08/10/2026 07:44 hrs
2026-W37,TC-475,1990.0,1990.0,13/09/2026 19:33 hrs
2026-W38,TC-475,1990.0,1990.0,20/09/2026 19:35 hrs
2026-W39,TC-475,1990.0,1990.0,27/09/2026 20:12 hrs
2026-W40,TC-475,1990.0,1990.0,04/10/2026 20:19 hrs
2026-W41,TC-475,1990.0,1990.0,08/10/2026 07:44 hrs
2026-W37,TC-476,1090.0,1090.0,13/09/2026 19:33 hrs
2026-W38,TC-476,1090.0,1090.0,20/09/2026 19:35 hrs
2026-W39,TC-476,1090.0,1090.0,27/09/2026 20:12 hrs
2026-W40,TC-476,1000.0,1090.0,04/10/2026 20:19 hrs
2026-W41,TC-476,1000.0,1090.0,05/10/2026 07:35 hrs
2026-W37,TC-477,3790.0,3790.0,13/09/2026 19:33 hrs
2026-W38,TC-477,3790.0,3790.0,20/09/2026 19:35 hrs
2026-W39,TC-477,3790.0,3790.0,27/09/2026 20:12 hrs
2026-W40,TC-477,3790.0,3790.0,04/10/2026 20:19 hrs
2026-W41,TC-477,3790.0,3790.0,08/10/2026 07:44 hrs
2026-W37,TC-478,2690.0,2690.0,13/09/2026 19:33 hrs
2026-W38,TC-478,2690.0,2690.0,20/09/2026 19:35 hrs
2026-W39,TC-478,2690.0,2690.0,27/09/2026 20:12 hrs
2026-W40,TC-478,2690.0,2690.0,04/10/2026 20:19 hrs
2026-W41,TC-478,2690.0,2690.0,08/10/2026 07:44 hrs
2026-W37,TC-479,1390.0,1390.0,13/09/2026 19:33 hrs
2026-W38,TC-479,1190.0,1190.0,20/09/2026 19:35 hrs
2026-W39,TC-479,1190.0,1190.0,27/09/2026 20:12 hrs
2026-W40,TC-479,1190.0,1190.0,04/10/2026 20:19 hrs
2026-W41,TC-479,1190.0,1190.0,08/10/2026 07:44 hrs
2026-W37,TC-480,1490.0,1490.0,13/09/2026 19:33 hrs
2026-W38,TC-480,1490.0,1490.0,20/09/2026 19:35 hrs
2026-W39,TC-480,1490.0,1490.0,27/09/2026 20:12 hrs
2026-W40,TC-480,1490.0,1490.0,04/10/2026 20:19 hrs
2026-W41,TC-480,1490.0,1490.0,08/10/2026 07:44 hrs
2026-W37,TC-481,3390.0,3390.0,13/09/2026 19:33 hrs
2026-W38,TC-481,2790.0,2790.0,20/09/2026 19:35 hrs
2026-W39,TC-481,2790.0,2790.0,27/09/2026 20:12 hrs
2026-W40,TC-481,2790.0,2790.0,04/10/2026 20:19 hrs
2026-W41,TC-481,2790.0,2790.0,08/10/2026 07:44 hrs
2026-W37,TC-482,1390.0,1390.0,13/09/2026 19:33 hrs
2026-W38,TC-482,1250.0,1250.0,20/09/2026 19:35 hrs
2026-W39,TC-482,990.0,990.0,27/09/2026 20:12 hrs
2026-W40,TC-482,990.0,990.0,04/10/2026 20:19 hrs
2026-W41,TC-482,990.0,990.0,08/10/2026 07:44 hrs
2026-W37,TC-483,2190.0,2190.0,13/09/2026 19:33 hrs
2026-W38,TC-483,1990.0,1990.0,20/09/2026 19:35 hrs
2026-W39,TC-483,1990.0,1990.0,27/09/2026 20:12 hrs
2026-W40,TC-483,1990.0,1990.0,04/10/2026 20:19 hrs
2026-W41,TC-483,1990.0,1990.0,08/10/2026 07:44 hrs
2026-W37,TC-484,2890.0,2890.0,13/09/2026 19:33 hrs
2026-W38,TC-484,2890.0,2890.0,20/09/2026 19:35 hrs
2026-W39,TC-484,2890.0,2890.0,27/09/2026 20:12 hrs
2026-W40,TC-484,2890.0,2890.0,04/10/2026 20:19 hrs
2026-W41,TC-484,2890.0,2890.0,08/10/2026 07:44 hrs
2026-W37,TC-485,3700.0,3700.0,13/09/2026 19:33 hrs
2026-W38,TC-485,3700.0,3700.0,20/09/2026 19:35 hrs
2026-W39,TC-485,3700.0,3700.0,27/09/2026 20:12 hrs
2026-W40,TC-485,3700.0,3700.0,04/10/2026 20:19 hrs
2026-W41,TC-485,3700.0,3700.0,08/10/2026 07:44 hrs
2026-W37,TC-486,1990.0,1990.0,13/09/2026 19:33 hrs
2026-W38,TC-486,1990.0,1990.0,20/09/2026 19:35 hrs
2026-W39,TC-486,1990.0,1990.0,27/09/2026 20:12 hrs
2026-W40,TC-486,1990.0,1990.0,04/10/2026 20:19 hrs
2026-W41,TC-486,1990.0,1990.0,08/10/2026 07:44 hrs
2026-W37,TC-487,2890.0,2890.0,13/09/2026 19:33 hrs
2026-W38,TC-487,2490.0,2490.0,20/09/2026 19:35 hrs
2026-W39,TC-487,2490.0,2490.0,27/09/2026 20:12 hrs
2026-W40,TC-487,2490.0,2490.0,04/10/2026 20:19 hrs
2026-W41,TC-487,2490.0,2490.0,08/10/2026 07:44 hrs
2026-W37,TC-488,1590.0,1590.0,13/09/2026 19:33 hrs
2026-W38,TC-488,1590.0,1590.0,20/09/2026 19:35 hrs
2026-W39,TC-488,1590.0,1590.0,27/09/2026 20:12 hrs
2026-W40,TC-488,1590.0,1590.0,04/10/2026 20:19 hrs
2026-W41,TC-488,1590.0,1590.0,08/10/2026 07:44 hrs
2026-W37,TC-489,550.0,550.0,13/09/2026 19:33 hrs
2026-W38,TC-489,550.0,550.0,20/09/2026 19:35 hrs
2026-W39,TC-489,550.0,550.0,27/09/2026 20:12 hrs
2026-W40,TC-489,550.0,550.0,04/10/2026 20:19 hrs
2026-W41,TC-489,550.0,550.0,08/10/2026 07:44 hrs
2026-W37,TC-490,280.0,280.0,13/09/2026 19:33 hrs
2026-W38,TC-490,280.0,280.0,20/09/2026 19:35 hrs
2026-W39,TC-490,280.0,280.0,27/09/2026 20:12 hrs
2026-W40,TC-490,280.0,280.0,04/10/2026 20:19 hrs
2026-W41,TC-490,280.0,280.0,08/10/2026 07:44 hrs
2026-W37,TC-491,1450.0,1450.0,13/09/2026 19:33 hrs
2026-W38,TC-491,1450.0,1450.0,20/09/2026 19:35 hrs
2026-W39,TC-491,1450.0,1450.0,27/09/2026 20:12 hrs
2026-W40,TC-491,1450.0,1450.0,04/10/2026 20:19 hrs
2026-W41,TC-491,1450.0,1450.0,08/10/2026 07:44 hrs
2026-W37,TC-492,1690.0,1690.0,13/09/2026 19:33 hrs
2026-W38,TC-492,1690.0,1690.0,20/09/2026 19:35 hrs
2026-W39,TC-492,1690.0,1690.0,27/09/2026 20:12 hrs
2026-W40,TC-492,1690.0,1690.0,04/10/2026 20:19 hrs
2026-W41,TC-492,1690.0,1690.0,08/10/2026 07:44 hrs
2026-W37,TC-493,1890.0,1890.0,13/09/2026 19:33 hrs
2026-W38,TC-493,1890.0,1890.0,20/09/2026 19:35 hrs
2026-W39,TC-493,1890.0,1890.0,27/09/2026 20:12 hrs
2026-W40,TC-493,1890.0,1890.0,04/10/2026 20:19 hrs
2026-W41,TC-493,1890.0,1890.0,08/10/2026 07:44 hrs
2026-W37,TC-495,11890.0,13792.0,13/09/2026 19:33 hrs
2026-W38,TC-495,11890.0,13792.0,20/09/2026 19:35 hrs
2026-W39,TC-495,11890.0,13792.0,27/09/2026 20:12 hrs
2026-W40,TC-495,11890.0,13792.0,04/10/2026 20:19 hrs
2026-W41,TC-495,11890.0,13792.0,08/10/2026 07:44 hrs
2026-W37,TC-496,12474.0,12474.0,13/09/2026 19:33 hrs
2026-W38,TC-496,12474.0,12474.0,20/09/2026 19:35 hrs
2026-W39,TC-496,12474.0,12474.0,27/09/2026 20:12 hrs
2026-W40,TC-496,12474.0,12474.0,04/10/2026 20:19 hrs
2026-W41,TC-496,12474.0,12474.0,08/10/2026 07:44 hrs
2026-W37,TC-497,8690.0,10341.0,13/09/2026 19:33 hrs
2026-W38,TC-497,8690.0,10341.0,20/09/2026 19:35 hrs
2026-W39,TC-497,8690.0,10341.0,27/09/2026 20:12 hrs
2026-W40,TC-497,8690.0,10341.0,04/10/2026 20:19 hrs
2026-W41,TC-497,8690.0,10341.0,08/10/2026 07:44 hrs
2026-W37,TC-498,18790.0,24803.0,13/09/2026 19:33 hrs
2026-W38,TC-498,18790.0,24803.0,20/09/2026 19:35 hrs
2026-W39,TC-498,18790.0,24803.0,27/09/2026 20:12 hrs
2026-W40,TC-498,18790.0,24803.0,04/10/2026 20:19 hrs
2026-W41,TC-498,18790.0,24803.0,08/10/2026 07:44 hrs
2026-W37,TC-499,12900.0,16512.0,13/09/2026 19:33 hrs
2026-W38,TC-499,12900.0,16512.0,20/09/2026 19:35 hrs
2026-W39,TC-499,12900.0,16512.0,27/09/2026 20:12 hrs
2026-W40,TC-499,12900.0,16512.0,04/10/2026 20:19 hrs
2026-W41,TC-499,12900.0,16512.0,08/10/2026 07:44 hrs
2026-W37,TC-500,8790.0,10812.0,13/09/2026 19:33 hrs
2026-W38,TC-500,8790.0,10812.0,20/09/2026 19:35 hrs
2026-W39,TC-500,8790.0,10812.0,27/09/2026 20:12 hrs
2026-W40,TC-500,8790.0,10812.0,04/10/2026 20:19 hrs
2026-W41,TC-500,8790.0,10812.0,08/10/2026 07:44 hrs
2026-W37,TC-501,8890.0,12624.0,13/09/2026 19:33 hrs
2026-W38,TC-501,8890.0,12624.0,20/09/2026 19:35 hrs
2026-W39,TC-501,8890.0,12624.0,27/09/2026 20:12 hrs
2026-W40,TC-501,8890.0,12624.0,04/10/2026 20:19 hrs
2026-W41,TC-501,8890.0,12624.0,08/10/2026 07:44 hrs
2026-W37,TC-502,8890.0,11290.0,13/09/2026 19:33 hrs
2026-W38,TC-502,8890.0,11290.0,20/09/2026 19:35 hrs
2026-W39,TC-502,8890.0,11290.0,27/09/2026 20:12 hrs
2026-W40,TC-502,8890.0,11290.0,04/10/2026 20:19 hrs
2026-W41,TC-502,8890.0,11290.0,08/10/2026 07:44 hrs
2026-W37,TC-503,7990.0,10067.0,13/09/2026 19:33 hrs
2026-W38,TC-503,7990.0,10067.0,20/09/2026 19:35 hrs
2026-W39,TC-503,8290.0,10445.0,27/09/2026 20:12 hrs
2026-W40,TC-503,8290.0,10445.0,04/10/2026 20:19 hrs
2026-W41,TC-503,8290.0,10445.0,08/10/2026 07:44 hrs
2026-W37,TC-504,12690.0,16370.0,13/09/2026 19:33 hrs
2026-W38,TC-504,12690.0,16370.0,20/09/2026 19:35 hrs
2026-W39,TC-504,12690.0,16370.0,27/09/2026 20:12 hrs
2026-W40,TC-504,12690.0,16370.0,04/10/2026 20:19 hrs
2026-W41,TC-504,12690.0,16370.0,08/10/2026 07:44 hrs
2026-W37,TC-505,12490.0,17986.0,13/09/2026 19:33 hrs
2026-W38,TC-505,12490.0,17986.0,20/09/2026 19:35 hrs
2026-W39,TC-505,12490.0,17986.0,27/09/2026 20:12 hrs
2026-W40,TC-505,12490.0,17986.0,04/10/2026 20:19 hrs
2026-W41,TC-505,12490.0,17986.0,08/10/2026 07:44 hrs
2026-W37,TC-506,17790.0,21882.0,13/09/2026 19:33 hrs
2026-W38,TC-506,17790.0,21882.0,20/09/2026 19:35 hrs
2026-W39,TC-506,17790.0,21882.0,27/09/2026 20:12 hrs
2026-W40,TC-506,17790.0,21882.0,04/10/2026 20:19 hrs
2026-W41,TC-506,17790.0,21882.0,08/10/2026 07:44 hrs
2026-W37,TC-507,14990.0,19487.0,13/09/2026 19:33 hrs
2026-W38,TC-507,14990.0,19487.0,20/09/2026 19:35 hrs
2026-W39,TC-507,14990.0,19487.0,27/09/2026 20:12 hrs
2026-W40,TC-507,14990.0,19487.0,04/10/2026 20:19 hrs
2026-W41,TC-507,14990.0,19487.0,08/10/2026 07:44 hrs
2026-W37,TC-508,15490.0,19363.0,13/09/2026 19:33 hrs
2026-W38,TC-508,15490.0,19363.0,20/09/2026 19:35 hrs
2026-W39,TC-508,15490.0,19363.0,27/09/2026 20:12 hrs
2026-W40,TC-508,15490.0,19363.0,04/10/2026 20:19 hrs
2026-W41,TC-508,15490.0,19363.0,08/10/2026 07:44 hrs
2026-W37,TC-509,6990.0,8738.0,13/09/2026 19:33 hrs
2026-W38,TC-509,6990.0,8738.0,20/09/2026 19:35 hrs
2026-W39,TC-509,6990.0,8738.0,27/09/2026 20:12 hrs
2026-W40,TC-509,6990.0,8738.0,04/10/2026 20:19 hrs
2026-W41,TC-509,6990.0,8738.0,08/10/2026 07:44 hrs
2026-W37,TC-510,5690.0,8251.0,13/09/2026 19:33 hrs
2026-W38,TC-510,5690.0,8251.0,20/09/2026 19:35 hrs
2026-W39,TC-510,5690.0,8251.0,27/09/2026 20:12 hrs
2026-W40,TC-510,5690.0,8251.0,04/10/2026 20:19 hrs
2026-W41,TC-510,5690.0,8251.0,08/10/2026 07:44 hrs
2026-W37,TC-511,17900.0,25239.0,13/09/2026 19:33 hrs
2026-W38,TC-511,17900.0,25239.0,20/09/2026 19:35 hrs
2026-W39,TC-511,17900.0,25239.0,27/09/2026 20:12 hrs
2026-W40,TC-511,17900.0,25239.0,04/10/2026 20:19 hrs
2026-W41,TC-511,17900.0,25239.0,08/10/2026 07:44 hrs
2026-W37,TC-512,6690.0,9232.0,13/09/2026 19:33 hrs
2026-W38,TC-512,6690.0,9232.0,20/09/2026 19:35 hrs
2026-W39,TC-512,6690.0,9232.0,27/09/2026 20:12 hrs
2026-W40,TC-512,6690.0,9232.0,04/10/2026 20:19 hrs
2026-W41,TC-512,6690.0,9232.0,08/10/2026 07:44 hrs
2026-W37,TC-513,9830.0,13467.0,13/09/2026 19:33 hrs
2026-W38,TC-513,9588.0,13136.0,20/09/2026 19:35 hrs
2026-W39,TC-513,9830.0,13467.0,27/09/2026 20:12 hrs
2026-W40,TC-513,9830.0,13467.0,04/10/2026 20:19 hrs
2026-W41,TC-513,9830.0,13467.0,08/10/2026 07:44 hrs
2026-W37,TC-514,7200.0,10224.0,13/09/2026 19:33 hrs
2026-W38,TC-514,6990.0,9926.0,20/09/2026 19:35 hrs
2026-W39,TC-514,7250.0,10295.0,27/09/2026 20:12 hrs
2026-W40,TC-514,7250.0,10295.0,04/10/2026 20:19 hrs
2026-W41,TC-514,7250.0,10295.0,08/10/2026 07:44 hrs
2026-W37,TC-515,8790.0,11251.0,13/09/2026 19:33 hrs
2026-W38,TC-515,8790.0,11251.0,20/09/2026 19:35 hrs
2026-W39,TC-515,8790.0,11251.0,27/09/2026 20:12 hrs
2026-W40,TC-515,8790.0,11251.0,04/10/2026 20:19 hrs
2026-W41,TC-515,8790.0,11251.0,08/10/2026 07:44 hrs
2026-W37,TC-516,12790.0,17139.0,13/09/2026 19:33 hrs
2026-W38,TC-516,12790.0,17139.0,20/09/2026 19:35 hrs
2026-W39,TC-516,12790.0,17139.0,27/09/2026 20:12 hrs
2026-W40,TC-516,12790.0,17139.0,04/10/2026 20:19 hrs
2026-W41,TC-516,12790.0,17139.0,08/10/2026 07:44 hrs
2026-W37,TC-517,15290.0,18654.0,13/09/2026 19:33 hrs
2026-W38,TC-517,15290.0,18654.0,20/09/2026 19:35 hrs
2026-W39,TC-517,15290.0,18654.0,27/09/2026 20:12 hrs
2026-W40,TC-517,15290.0,18654.0,04/10/2026 20:19 hrs
2026-W41,TC-517,15290.0,18654.0,08/10/2026 07:44 hrs
2026-W37,TC-518,6990.0,8947.0,13/09/2026 19:33 hrs
2026-W38,TC-518,6990.0,8947.0,20/09/2026 19:35 hrs
2026-W39,TC-518,6990.0,8947.0,27/09/2026 20:12 hrs
2026-W40,TC-518,6990.0,8947.0,04/10/2026 20:19 hrs
2026-W41,TC-518,6990.0,8947.0,08/10/2026 07:44 hrs
2026-W37,TC-519,9588.0,12369.0,13/09/2026 19:33 hrs
2026-W38,TC-519,9588.0,12369.0,20/09/2026 19:35 hrs
2026-W39,TC-519,9588.0,12369.0,27/09/2026 20:12 hrs
2026-W40,TC-519,9690.0,12500.0,04/10/2026 20:19 hrs
2026-W41,TC-519,9180.0,11842.0,08/10/2026 07:44 hrs
2026-W37,TC-520,7490.0,8614.0,13/09/2026 19:33 hrs
2026-W38,TC-520,7490.0,8614.0,20/09/2026 19:35 hrs
2026-W39,TC-520,7490.0,8614.0,27/09/2026 20:12 hrs
2026-W40,TC-520,7490.0,8614.0,04/10/2026 20:19 hrs
2026-W41,TC-520,7490.0,8614.0,08/10/2026 07:44 hrs
2026-W37,TC-521,9720.0,11567.0,13/09/2026 19:33 hrs
2026-W38,TC-521,9720.0,11567.0,20/09/2026 19:35 hrs
2026-W39,TC-521,9720.0,11567.0,27/09/2026 20:12 hrs
2026-W40,TC-521,9720.0,11567.0,04/10/2026 20:19 hrs
2026-W41,TC-521,9720.0,11567.0,08/10/2026 07:44 hrs
2026-W37,TC-522,10900.0,13516.0,13/09/2026 19:33 hrs
2026-W38,TC-522,10900.0,13516.0,20/09/2026 19:35 hrs
2026-W39,TC-522,10900.0,13516.0,27/09/2026 20:12 hrs
2026-W40,TC-522,10900.0,13516.0,04/10/2026 20:19 hrs
2026-W41,TC-522,11490.0,14248.0,08/10/2026 07:44 hrs
2026-W37,TC-523,6790.0,8352.0,13/09/2026 19:33 hrs
2026-W38,TC-523,5990.0,7368.0,20/09/2026 19:35 hrs
2026-W39,TC-523,6250.0,7688.0,27/09/2026 20:12 hrs
2026-W40,TC-523,6250.0,7688.0,04/10/2026 20:19 hrs
2026-W41,TC-523,6250.0,7688.0,08/10/2026 07:44 hrs
2026-W37,TC-524,8190.0,10647.0,13/09/2026 19:33 hrs
2026-W38,TC-524,8190.0,10647.0,20/09/2026 19:35 hrs
2026-W39,TC-524,8190.0,10647.0,27/09/2026 20:12 hrs
2026-W40,TC-524,8190.0,10647.0,04/10/2026 20:19 hrs
2026-W41,TC-524,8190.0,10647.0,08/10/2026 07:44 hrs
2026-W37,TC-525,6490.0,9281.0,13/09/2026 19:33 hrs
2026-W38,TC-525,5999.0,8579.0,20/09/2026 19:35 hrs
2026-W39,TC-525,6450.0,9224.0,27/09/2026 20:12 hrs
2026-W40,TC-525,6450.0,9224.0,04/10/2026 20:19 hrs
2026-W41,TC-525,6450.0,9224.0,08/10/2026 07:44 hrs
2026-W37,TC-526,8490.0,11546.0,13/09/2026 19:33 hrs
2026-W38,TC-526,7990.0,10866.0,20/09/2026 19:35 hrs
2026-W39,TC-526,9190.0,12498.0,27/09/2026 20:12 hrs
2026-W40,TC-526,9190.0,12498.0,04/10/2026 20:19 hrs
2026-W41,TC-526,8490.0,11546.0,08/10/2026 07:44 hrs
2026-W37,TC-527,9890.0,14341.0,13/09/2026 19:33 hrs
2026-W38,TC-527,9890.0,14341.0,20/09/2026 19:35 hrs
2026-W39,TC-527,9890.0,14341.0,27/09/2026 20:12 hrs
2026-W40,TC-527,9890.0,14341.0,04/10/2026 20:19 hrs
2026-W41,TC-527,9890.0,14341.0,08/10/2026 07:44 hrs
2026-W37,TC-528,15890.0,19386.0,13/09/2026 19:33 hrs
2026-W38,TC-528,15890.0,19386.0,20/09/2026 19:35 hrs
2026-W39,TC-528,15890.0,19386.0,27/09/2026 20:12 hrs
2026-W40,TC-528,15890.0,19386.0,04/10/2026 20:19 hrs
2026-W41,TC-528,15890.0,19386.0,08/10/2026 07:44 hrs
2026-W37,TC-529,8890.0,10668.0,13/09/2026 19:33 hrs
2026-W38,TC-529,8890.0,10668.0,20/09/2026 19:35 hrs
2026-W39,TC-529,8890.0,10668.0,27/09/2026 20:12 hrs
2026-W40,TC-529,8890.0,10668.0,04/10/2026 20:19 hrs
2026-W41,TC-529,8890.0,10668.0,08/10/2026 07:44 hrs
2026-W37,TC-530,5250.0,6458.0,13/09/2026 19:33 hrs
2026-W38,TC-530,5250.0,6458.0,20/09/2026 19:35 hrs
2026-W39,TC-530,5250.0,6458.0,27/09/2026 20:12 hrs
2026-W40,TC-530,5250.0,6458.0,04/10/2026 20:19 hrs
2026-W41,TC-530,5250.0,6458.0,08/10/2026 07:44 hrs
2026-W37,TC-531,10990.0,13518.0,13/09/2026 19:33 hrs
2026-W38,TC-531,10990.0,13518.0,20/09/2026 19:35 hrs
2026-W39,TC-531,10990.0,13518.0,27/09/2026 20:12 hrs
2026-W40,TC-531,10990.0,13518.0,04/10/2026 20:19 hrs
2026-W41,TC-531,10990.0,13518.0,08/10/2026 07:44 hrs
2026-W37,TC-532,6090.0,7064.0,13/09/2026 19:33 hrs
2026-W38,TC-532,6090.0,7064.0,20/09/2026 19:35 hrs
2026-W39,TC-532,6090.0,7064.0,27/09/2026 20:12 hrs
2026-W40,TC-532,6090.0,7064.0,04/10/2026 20:19 hrs
2026-W41,TC-532,6090.0,7064.0,08/10/2026 07:44 hrs
2026-W37,TC-533,8990.0,11507.0,13/09/2026 19:33 hrs
2026-W38,TC-533,8990.0,11507.0,20/09/2026 19:35 hrs
2026-W39,TC-533,8990.0,11507.0,27/09/2026 20:12 hrs
2026-W40,TC-533,8990.0,11507.0,04/10/2026 20:19 hrs
2026-W41,TC-533,8990.0,11507.0,08/10/2026 07:44 hrs
2026-W37,TC-534,22194.0,28630.0,13/09/2026 19:33 hrs
2026-W38,TC-534,22194.0,28630.0,20/09/2026 19:35 hrs
2026-W39,TC-534,22194.0,28630.0,27/09/2026 20:12 hrs
2026-W40,TC-534,22194.0,28630.0,04/10/2026 20:19 hrs
2026-W41,TC-534,22194.0,28630.0,08/10/2026 07:44 hrs
2026-W37,TC-535,13290.0,18739.0,13/09/2026 19:33 hrs
2026-W38,TC-535,13290.0,18739.0,20/09/2026 19:35 hrs
2026-W39,TC-535,13290.0,18739.0,27/09/2026 20:12 hrs
2026-W40,TC-535,13290.0,18739.0,04/10/2026 20:19 hrs
2026-W41,TC-535,11990.0,16906.0,08/10/2026 07:44 hrs
2026-W37,TC-536,15450.0,19004.0,13/09/2026 19:33 hrs
2026-W38,TC-536,15450.0,19004.0,20/09/2026 19:35 hrs
2026-W39,TC-536,15450.0,19004.0,27/09/2026 20:12 hrs
2026-W40,TC-536,15450.0,19004.0,04/10/2026 20:19 hrs
2026-W41,TC-536,15450.0,19004.0,08/10/2026 07:44 hrs
2026-W37,TC-537,17050.0,22677.0,13/09/2026 19:33 hrs
2026-W38,TC-537,17050.0,22677.0,20/09/2026 19:35 hrs
2026-W39,TC-537,17050.0,22677.0,27/09/2026 20:12 hrs
2026-W40,TC-537,17050.0,22677.0,04/10/2026 20:19 hrs
2026-W41,TC-537,17050.0,22677.0,08/10/2026 07:44 hrs
2026-W37,TC-538,12891.0,15598.0,13/09/2026 19:33 hrs
2026-W38,TC-538,12891.0,15598.0,20/09/2026 19:35 hrs
2026-W39,TC-538,12891.0,15598.0,27/09/2026 20:12 hrs
2026-W40,TC-538,12891.0,15598.0,04/10/2026 20:19 hrs
2026-W41,TC-538,12891.0,15598.0,08/10/2026 07:44 hrs
2026-W37,TC-539,3200.0,4032.0,13/09/2026 19:33 hrs
2026-W38,TC-539,3200.0,4032.0,20/09/2026 19:35 hrs
2026-W39,TC-539,3200.0,4032.0,27/09/2026 20:12 hrs
2026-W40,TC-539,3200.0,4032.0,04/10/2026 20:19 hrs
2026-W41,TC-539,3200.0,4032.0,08/10/2026 07:44 hrs
2026-W37,TC-540,6290.0,7359.0,13/09/2026 19:33 hrs
2026-W38,TC-540,6290.0,7359.0,20/09/2026 19:35 hrs
2026-W39,TC-540,6290.0,7359.0,27/09/2026 20:12 hrs
2026-W40,TC-540,6290.0,7359.0,04/10/2026 20:19 hrs
2026-W41,TC-540,6290.0,7359.0,08/10/2026 07:44 hrs
2026-W37,TC-541,9390.0,11550.0,13/09/2026 19:33 hrs
2026-W38,TC-541,9390.0,11550.0,20/09/2026 19:35 hrs
2026-W39,TC-541,9390.0,11550.0,27/09/2026 20:12 hrs
2026-W40,TC-541,9390.0,11550.0,04/10/2026 20:19 hrs
2026-W41,TC-541,9390.0,11550.0,08/10/2026 07:44 hrs
2026-W37,TC-542,7290.0,9404.0,13/09/2026 19:33 hrs
2026-W38,TC-542,7290.0,9404.0,20/09/2026 19:35 hrs
2026-W39,TC-542,7290.0,9404.0,27/09/2026 20:12 hrs
2026-W40,TC-542,7290.0,9404.0,04/10/2026 20:19 hrs
2026-W41,TC-542,7290.0,9404.0,08/10/2026 07:44 hrs
2026-W37,TC-543,5290.0,6084.0,13/09/2026 19:33 hrs
2026-W38,TC-543,5290.0,6084.0,20/09/2026 19:35 hrs
2026-W39,TC-543,5290.0,6084.0,27/09/2026 20:12 hrs
2026-W40,TC-543,5290.0,6084.0,04/10/2026 20:19 hrs
2026-W41,TC-543,5290.0,6084.0,08/10/2026 07:44 hrs
2026-W37,TC-544,17299.0,23008.0,13/09/2026 19:33 hrs
2026-W38,TC-544,17299.0,23008.0,20/09/2026 19:35 hrs
2026-W39,TC-544,17299.0,23008.0,27/09/2026 20:12 hrs
2026-W40,TC-544,17299.0,23008.0,04/10/2026 20:19 hrs
2026-W41,TC-544,17299.0,23008.0,08/10/2026 07:44 hrs
2026-W37,TC-545,4190.0,5657.0,13/09/2026 19:33 hrs
2026-W38,TC-545,4190.0,5657.0,20/09/2026 19:35 hrs
2026-W39,TC-545,4190.0,5657.0,27/09/2026 20:12 hrs
2026-W40,TC-545,4190.0,5657.0,04/10/2026 20:19 hrs
2026-W41,TC-545,4190.0,5657.0,08/10/2026 07:44 hrs
2026-W37,TC-546,12690.0,16624.0,13/09/2026 19:33 hrs
2026-W38,TC-546,12690.0,16624.0,20/09/2026 19:35 hrs
2026-W39,TC-546,12690.0,16624.0,27/09/2026 20:12 hrs
2026-W40,TC-546,12690.0,16624.0,04/10/2026 20:19 hrs
2026-W41,TC-546,12690.0,16624.0,08/10/2026 07:44 hrs
2026-W37,TC-547,6966.0,6966.0,13/09/2026 19:33 hrs
2026-W38,TC-547,6966.0,6966.0,20/09/2026 19:35 hrs
2026-W39,TC-547,6966.0,6966.0,27/09/2026 20:12 hrs
2026-W40,TC-547,6966.0,6966.0,04/10/2026 20:19 hrs
2026-W41,TC-547,6966.0,6966.0,08/10/2026 07:44 hrs
2026-W37,TC-548,12588.0,12588.0,13/09/2026 19:33 hrs
2026-W38,TC-548,12588.0,12588.0,20/09/2026 19:35 hrs
2026-W39,TC-548,12588.0,12588.0,27/09/2026 20:12 hrs
2026-W40,TC-548,12588.0,12588.0,04/10/2026 20:19 hrs
2026-W41,TC-548,12588.0,12588.0,08/10/2026 07:44 hrs
2026-W37,TC-549,2390.0,2796.0,13/09/2026 19:33 hrs
2026-W38,TC-549,2390.0,2796.0,20/09/2026 19:35 hrs
2026-W39,TC-549,2390.0,2796.0,27/09/2026 20:12 hrs
2026-W40,TC-549,2390.0,2796.0,04/10/2026 20:19 hrs
2026-W41,TC-549,2390.0,2796.0,08/10/2026 07:44 hrs
2026-W37,TC-551,7290.0,7290.0,13/09/2026 19:33 hrs
2026-W38,TC-551,7290.0,7290.0,20/09/2026 19:35 hrs
2026-W39,TC-551,7290.0,7290.0,27/09/2026 20:12 hrs
2026-W40,TC-551,7290.0,7290.0,04/10/2026 20:19 hrs
2026-W41,TC-551,7290.0,7290.0,08/10/2026 07:44 hrs
2026-W37,TC-553,4700.0,4700.0,13/09/2026 19:33 hrs
2026-W38,TC-553,4700.0,4700.0,20/09/2026 19:35 hrs
2026-W39,TC-553,4700.0,4700.0,27/09/2026 20:12 hrs
2026-W40,TC-553,4700.0,4700.0,04/10/2026 20:19 hrs
2026-W41,TC-553,4700.0,4700.0,08/10/2026 07:44 hrs
2026-W37,TC-554,5390.0,5390.0,13/09/2026 19:33 hrs
2026-W38,TC-554,5390.0,5390.0,20/09/2026 19:35 hrs
2026-W39,TC-554,5390.0,5390.0,27/09/2026 20:12 hrs
2026-W40,TC-554,5390.0,5390.0,04/10/2026 20:19 hrs
2026-W41,TC-554,5390.0,5390.0,08/10/2026 07:44 hrs
2026-W37,TC-555,6990.0,6990.0,13/09/2026 19:33 hrs
2026-W38,TC-555,6990.0,6990.0,20/09/2026 19:35 hrs
2026-W39,TC-555,6990.0,6990.0,27/09/2026 20:12 hrs
2026-W40,TC-555,6990.0,6990.0,04/10/2026 20:19 hrs
2026-W41,TC-555,6990.0,6990.0,08/10/2026 07:44 hrs
2026-W37,TC-556,15390.0,15390.0,13/09/2026 19:33 hrs
2026-W38,TC-556,15390.0,15390.0,20/09/2026 19:35 hrs
2026-W39,TC-556,15390.0,15390.0,27/09/2026 20:12 hrs
2026-W40,TC-556,15390.0,15390.0,04/10/2026 20:19 hrs
2026-W41,TC-556,15390.0,15390.0,08/10/2026 07:44 hrs
2026-W37,TC-557,13999.0,18199.0,13/09/2026 19:33 hrs
2026-W38,TC-557,13999.0,18199.0,20/09/2026 19:35 hrs
2026-W39,TC-557,13999.0,18199.0,27/09/2026 20:12 hrs
2026-W40,TC-557,13999.0,18199.0,04/10/2026 20:19 hrs
2026-W41,TC-557,13999.0,18199.0,08/10/2026 07:44 hrs
2026-W37,TC-558,7990.0,9988.0,13/09/2026 19:33 hrs
2026-W38,TC-558,7990.0,9988.0,20/09/2026 19:35 hrs
2026-W39,TC-558,7690.0,9613.0,27/09/2026 20:12 hrs
2026-W40,TC-558,7690.0,9613.0,04/10/2026 20:19 hrs
2026-W41,TC-558,7690.0,9613.0,08/10/2026 07:44 hrs
2026-W37,TC-559,9790.0,9790.0,13/09/2026 19:33 hrs
2026-W38,TC-559,9790.0,9790.0,20/09/2026 19:35 hrs
2026-W39,TC-559,9790.0,9790.0,27/09/2026 20:12 hrs
2026-W40,TC-559,9790.0,9790.0,04/10/2026 20:19 hrs
2026-W41,TC-559,9790.0,9790.0,08/10/2026 07:44 hrs
2026-W37,TC-560,10140.0,10140.0,13/09/2026 19:33 hrs
2026-W38,TC-560,10140.0,10140.0,20/09/2026 19:35 hrs
2026-W39,TC-560,10140.0,10140.0,27/09/2026 20:12 hrs
2026-W40,TC-560,10140.0,10140.0,04/10/2026 20:19 hrs
2026-W41,TC-560,10140.0,10140.0,08/10/2026 07:44 hrs
2026-W37,TC-561,29900.0,29900.0,13/09/2026 19:33 hrs
2026-W38,TC-561,29900.0,29900.0,20/09/2026 19:35 hrs
2026-W39,TC-561,29900.0,29900.0,27/09/2026 20:12 hrs
2026-W40,TC-561,29900.0,29900.0,04/10/2026 20:19 hrs
2026-W41,TC-561,29900.0,29900.0,08/10/2026 07:44 hrs
2026-W37,TC-562,26080.0,34426.0,13/09/2026 19:33 hrs
2026-W38,TC-562,26080.0,34426.0,20/09/2026 19:35 hrs
2026-W39,TC-562,26080.0,34426.0,27/09/2026 20:12 hrs
2026-W40,TC-562,26080.0,34426.0,04/10/2026 20:19 hrs
2026-W41,TC-562,26080.0,34426.0,08/10/2026 07:44 hrs
2026-W37,TC-563,14590.0,14590.0,13/09/2026 19:33 hrs
2026-W38,TC-563,14590.0,14590.0,20/09/2026 19:35 hrs
2026-W39,TC-563,14590.0,14590.0,27/09/2026 20:12 hrs
2026-W40,TC-563,14590.0,14590.0,04/10/2026 20:19 hrs
2026-W41,TC-563,14590.0,14590.0,08/10/2026 07:44 hrs
2026-W37,TC-564,7490.0,9288.0,13/09/2026 19:33 hrs
2026-W38,TC-564,7490.0,9288.0,20/09/2026 19:35 hrs
2026-W39,TC-564,7490.0,9288.0,27/09/2026 20:12 hrs
2026-W40,TC-564,7490.0,9288.0,04/10/2026 20:19 hrs
2026-W41,TC-564,7490.0,9288.0,08/10/2026 07:44 hrs
2026-W37,TC-566,15647.0,15647.0,13/09/2026 19:33 hrs
2026-W38,TC-566,15647.0,15647.0,20/09/2026 19:35 hrs
2026-W39,TC-566,15647.0,15647.0,27/09/2026 20:12 hrs
2026-W40,TC-566,15647.0,15647.0,04/10/2026 20:19 hrs
2026-W41,TC-566,15647.0,15647.0,08/10/2026 07:44 hrs
2026-W37,TC-567,23937.0,31118.0,13/09/2026 19:33 hrs
2026-W38,TC-567,23937.0,31118.0,20/09/2026 19:35 hrs
2026-W39,TC-567,23937.0,31118.0,27/09/2026 20:12 hrs
2026-W40,TC-567,23937.0,31118.0,04/10/2026 20:19 hrs
2026-W41,TC-567,23937.0,31118.0,08/10/2026 07:44 hrs
2026-W39,TC-568,3245.0,3245.0,24/09/2026 15:25 hrs
2026-W40,TC-568,3090.0,3090.0,04/10/2026 20:19 hrs
2026-W41,TC-568,3090.0,3090.0,08/10/2026 07:44 hrs
2026-W40,TC-569,3650.0,3650.0,04/10/2026 20:19 hrs
2026-W41,TC-569,3650.0,3650.0,08/10/2026 07:44 hrs
2026-W40,TC-570,2990.0,2990.0,04/10/2026 20:19 hrs
2026-W41,TC-570,2990.0,2990.0,08/10/2026 07:44 hrs
2026-W40,TC-571,11790.0,11790.0,04/10/2026 20:19 hrs
2026-W41,TC-571,11790.0,11790.0,08/10/2026 07:44 hrs
2026-W40,TC-572,2650.0,2650.0,04/10/2026 20:19 hrs
2026-W41,TC-572,2650.0,2650.0,08/10/2026 07:44 hrs
2026-W40,TC-573,9390.0,9390.0,04/10/2026 20:19 hrs
2026-W41,TC-573,9390.0,9390.0,08/10/2026 07:44 hrs
2026-W40,TC-574,1646.0,2420.0,04/10/2026 20:19 hrs
2026-W41,TC-574,2420.0,2420.0,08/10/2026 07:44 hrs
2026-W40,TC-575,1500.0,2290.0,04/10/2026 20:19 hrs
2026-W41,TC-575,1500.0,2290.0,08/10/2026 07:44 hrs
2026-W40,TC-576,2590.0,2590.0,04/10/2026 20:19 hrs
2026-W41,TC-576,2590.0,2590.0,08/10/2026 07:44 hrs
2026-W40,TC-577,1008.0,1550.0,04/10/2026 20:19 hrs
2026-W41,TC-577,1000.0,1550.0,08/10/2026 07:44 hrs
2026-W40,TC-578,976.0,1550.0,04/10/2026 20:19 hrs
2026-W41,TC-578,1000.0,1550.0,08/10/2026 07:44 hrs
2026-W40,TC-579,1000.0,1500.0,04/10/2026 20:19 hrs
2026-W41,TC-579,1000.0,1500.0,08/10/2026 07:44 hrs
2026-W40,TC-580,1000.0,1690.0,04/10/2026 20:19 hrs
2026-W41,TC-580,1000.0,1690.0,08/10/2026 07:44 hrs
2026-W40,TC-581,1675.0,3490.0,04/10/2026 20:19 hrs
2026-W41,TC-581,2000.0,3490.0,08/10/2026 07:44 hrs
2026-W40,TC-582,1313.0,1750.0,04/10/2026 20:19 hrs
2026-W41,TC-582,1750.0,1750.0,08/10/2026 07:44 hrs
2026-W40,TC-583,3430.0,3430.0,04/10/2026 20:19 hrs
2026-W41,TC-583,2000.0,3430.0,08/10/2026 07:44 hrs
2026-W40,TC-584,880.0,1650.0,04/10/2026 20:19 hrs
2026-W41,TC-584,880.0,1650.0,08/10/2026 07:44 hrs
2026-W40,TC-585,2000.0,4290.0,04/10/2026 20:19 hrs
2026-W41,TC-585,2000.0,4290.0,08/10/2026 07:44 hrs
2026-W40,TC-586,1190.0,1690.0,04/10/2026 20:19 hrs
2026-W41,TC-586,1190.0,1690.0,08/10/2026 07:44 hrs
2026-W40,TC-587,2000.0,4350.0,04/10/2026 20:19 hrs
2026-W41,TC-587,2000.0,4350.0,08/10/2026 07:44 hrs
2026-W40,TC-588,1418.0,1890.0,04/10/2026 20:19 hrs
2026-W41,TC-588,1000.0,1890.0,08/10/2026 07:44 hrs
2026-W40,TC-589,1165.0,1850.0,04/10/2026 20:19 hrs
2026-W41,TC-589,1850.0,1850.0,08/10/2026 07:44 hrs
2026-W40,TC-590,1100.0,1890.0,04/10/2026 20:19 hrs
2026-W41,TC-590,1100.0,1890.0,08/10/2026 07:44 hrs
2026-W40,TC-591,1200.0,1590.0,04/10/2026 20:19 hrs
2026-W41,TC-591,1200.0,1590.0,08/10/2026 07:44 hrs
2026-W40,TC-593,4650.0,4650.0,04/10/2026 20:19 hrs
2026-W41,TC-593,4650.0,4650.0,08/10/2026 07:44 hrs
2026-W40,TC-594,1680.0,1680.0,04/10/2026 20:19 hrs
2026-W41,TC-594,1680.0,1680.0,08/10/2026 07:44 hrs
2026-W40,TC-595,1850.0,1850.0,04/10/2026 20:19 hrs
2026-W41,TC-595,1850.0,1850.0,08/10/2026 07:44 hrs
2026-W40,TC-596,1710.0,1710.0,04/10/2026 20:19 hrs
2026-W41,TC-596,1710.0,1710.0,08/10/2026 07:44 hrs
2026-W40,TC-597,1650.0,1650.0,04/10/2026 20:19 hrs
2026-W41,TC-597,1650.0,1650.0,08/10/2026 07:44 hrs
2026-W40,TC-598,1590.0,1590.0,04/10/2026 20:19 hrs
2026-W41,TC-598,1590.0,1590.0,08/10/2026 07:44 hrs
2026-W40,TC-599,1490.0,1490.0,04/10/2026 20:19 hrs
2026-W41,TC-599,1490.0,1490.0,08/10/2026 07:44 hrs
2026-W40,TC-600,2490.0,2490.0,04/10/2026 20:19 hrs
2026-W41,TC-600,2490.0,2490.0,08/10/2026 07:44 hrs
2026-W40,TC-601,1990.0,2490.0,04/10/2026 20:19 hrs
2026-W41,TC-601,1990.0,2490.0,08/10/2026 07:44 hrs
2026-W40,TC-602,3000.0,3430.0,04/10/2026 20:19 hrs
2026-W41,TC-602,3000.0,3430.0,08/10/2026 07:44 hrs
2026-W40,TC-603,3390.0,3390.0,04/10/2026 20:19 hrs
2026-W41,TC-603,3390.0,3390.0,08/10/2026 07:44 hrs
2026-W40,TC-604,3190.0,3190.0,04/10/2026 20:19 hrs
2026-W41,TC-604,3190.0,3190.0,08/10/2026 07:44 hrs
2026-W40,TC-605,3550.0,3550.0,04/10/2026 20:19 hrs
2026-W41,TC-605,3550.0,3550.0,08/10/2026 07:44 hrs
2026-W40,TC-606,2890.0,2890.0,04/10/2026 20:19 hrs
2026-W41,TC-606,2890.0,2890.0,08/10/2026 07:44 hrs
2026-W40,TC-607,2990.0,2990.0,04/10/2026 20:19 hrs
2026-W41,TC-607,2990.0,2990.0,08/10/2026 07:44 hrs
2026-W40,TC-608,2850.0,2850.0,04/10/2026 20:19 hrs
2026-W41,TC-608,2850.0,2850.0,08/10/2026 07:44 hrs
2026-W40,TC-609,3390.0,3390.0,04/10/2026 20:19 hrs
2026-W41,TC-609,3390.0,3390.0,08/10/2026 07:44 hrs
2026-W40,TC-610,2790.0,2790.0,04/10/2026 20:19 hrs
2026-W41,TC-610,2790.0,2790.0,08/10/2026 07:44 hrs
2026-W40,TC-611,1990.0,2290.0,04/10/2026 20:19 hrs
2026-W41,TC-611,1990.0,2290.0,08/10/2026 07:44 hrs
2026-W40,TC-612,1050.0,1050.0,01/10/2026 07:18 hrs
2026-W40,TC-613,2581.0,3950.0,04/10/2026 20:19 hrs
2026-W41,TC-613,3950.0,3950.0,08/10/2026 07:44 hrs
2026-W40,TC-614,8690.0,8690.0,04/10/2026 20:19 hrs
2026-W41,TC-614,8690.0,8690.0,08/10/2026 07:44 hrs
2026-W40,TC-615,3930.0,3930.0,04/10/2026 20:19 hrs
2026-W41,TC-615,3930.0,3930.0,08/10/2026 07:44 hrs
2026-W40,TC-616,2250.0,2250.0,04/10/2026 20:19 hrs
2026-W41,TC-616,2250.0,2250.0,08/10/2026 07:44 hrs
2026-W40,TC-617,4590.0,4590.0,04/10/2026 20:19 hrs
2026-W41,TC-617,3690.0,4590.0,08/10/2026 07:44 hrs
2026-W40,TC-618,2150.0,2150.0,04/10/2026 20:19 hrs
2026-W41,TC-618,2150.0,2150.0,08/10/2026 07:44 hrs
2026-W40,TC-619,2890.0,2890.0,04/10/2026 20:19 hrs
2026-W41,TC-619,2890.0,2890.0,08/10/2026 07:44 hrs
2026-W40,TC-620,2890.0,2890.0,04/10/2026 20:19 hrs
2026-W41,TC-620,2890.0,2890.0,08/10/2026 07:44 hrs
2026-W40,TC-621,2890.0,2890.0,04/10/2026 20:19 hrs
2026-W41,TC-621,2890.0,2890.0,08/10/2026 07:44 hrs
2026-W40,TC-622,3250.0,3250.0,04/10/2026 20:19 hrs
2026-W41,TC-622,3250.0,3250.0,08/10/2026 07:44 hrs
2026-W40,TC-623,1950.0,2850.0,04/10/2026 20:19 hrs
2026-W41,TC-623,1950.0,2850.0,08/10/2026 07:44 hrs
2026-W40,TC-624,1674.0,2790.0,04/10/2026 20:19 hrs
2026-W41,TC-624,1950.0,2790.0,08/10/2026 07:44 hrs
2026-W40,TC-625,2650.0,2650.0,04/10/2026 20:19 hrs
2026-W41,TC-625,2650.0,2650.0,08/10/2026 07:44 hrs
2026-W40,TC-626,2850.0,2850.0,04/10/2026 20:19 hrs
2026-W41,TC-626,2850.0,2850.0,08/10/2026 07:44 hrs
2026-W40,TC-627,2940.0,2940.0,04/10/2026 20:19 hrs
2026-W41,TC-627,2940.0,2940.0,08/10/2026 07:44 hrs
2026-W40,TC-628,2950.0,2950.0,04/10/2026 20:19 hrs
2026-W41,TC-628,2950.0,2950.0,08/10/2026 07:44 hrs
2026-W40,TC-629,2090.0,2090.0,04/10/2026 20:19 hrs
2026-W41,TC-629,2090.0,2090.0,08/10/2026 07:44 hrs
2026-W40,TC-630,2750.0,2750.0,04/10/2026 20:19 hrs
2026-W41,TC-630,2750.0,2750.0,08/10/2026 07:44 hrs
2026-W40,TC-631,2028.0,3380.0,04/10/2026 20:19 hrs
2026-W41,TC-631,1850.0,3380.0,08/10/2026 07:44 hrs
2026-W40,TC-632,3290.0,3290.0,04/10/2026 20:19 hrs
2026-W41,TC-632,3290.0,3290.0,08/10/2026 07:44 hrs
2026-W40,TC-633,2390.0,3250.0,04/10/2026 20:19 hrs
2026-W41,TC-633,2390.0,3250.0,08/10/2026 07:44 hrs
2026-W40,TC-634,2250.0,3450.0,04/10/2026 20:19 hrs
2026-W41,TC-634,3450.0,3450.0,08/10/2026 07:44 hrs
2026-W40,TC-635,3430.0,3430.0,04/10/2026 20:19 hrs
2026-W41,TC-635,3430.0,3430.0,08/10/2026 07:44 hrs
2026-W40,TC-636,3350.0,3350.0,04/10/2026 20:19 hrs
2026-W41,TC-636,3390.0,3390.0,08/10/2026 07:44 hrs
2026-W40,TC-637,2260.0,2260.0,04/10/2026 20:19 hrs
2026-W41,TC-637,2260.0,2260.0,08/10/2026 07:44 hrs
2026-W40,TC-638,2260.0,2260.0,04/10/2026 20:19 hrs
2026-W41,TC-638,2260.0,2260.0,08/10/2026 07:44 hrs
2026-W40,TC-639,2150.0,2150.0,04/10/2026 20:19 hrs
2026-W41,TC-639,2150.0,2150.0,08/10/2026 07:44 hrs
2026-W40,TC-640,3430.0,3430.0,04/10/2026 20:19 hrs
2026-W41,TC-640,3430.0,3430.0,08/10/2026 07:44 hrs
2026-W40,TC-641,1000.0,1820.0,04/10/2026 20:19 hrs
2026-W41,TC-641,1000.0,1820.0,08/10/2026 07:44 hrs
2026-W40,TC-642,3350.0,3350.0,04/10/2026 20:19 hrs
2026-W41,TC-642,3390.0,3390.0,08/10/2026 07:44 hrs
2026-W40,TC-643,1000.0,1750.0,04/10/2026 20:19 hrs
2026-W41,TC-643,1000.0,1750.0,07/10/2026 21:23 hrs
2026-W40,TC-644,3250.0,3250.0,04/10/2026 20:19 hrs
2026-W41,TC-644,3250.0,3250.0,08/10/2026 07:44 hrs
2026-W40,TC-645,1700.0,1700.0,04/10/2026 20:19 hrs
2026-W41,TC-645,1700.0,1700.0,08/10/2026 07:44 hrs
2026-W40,TC-646,3550.0,3550.0,04/10/2026 20:19 hrs
2026-W41,TC-646,3550.0,3550.0,08/10/2026 07:44 hrs
2026-W40,TC-647,6713.0,8950.0,04/10/2026 20:19 hrs
2026-W41,TC-647,8950.0,8950.0,08/10/2026 07:44 hrs
2026-W40,TC-648,2873.0,3830.0,04/10/2026 20:19 hrs
2026-W41,TC-648,3830.0,3830.0,08/10/2026 07:44 hrs
2026-W40,TC-649,3840.0,3840.0,04/10/2026 20:19 hrs
2026-W41,TC-649,3840.0,3840.0,08/10/2026 07:44 hrs
2026-W40,TC-650,9550.0,9550.0,04/10/2026 20:19 hrs
2026-W41,TC-650,9550.0,9550.0,08/10/2026 07:44 hrs
2026-W40,TC-651,3990.0,3990.0,04/10/2026 20:19 hrs
2026-W41,TC-651,3990.0,3990.0,08/10/2026 07:44 hrs
2026-W40,TC-652,8025.0,10700.0,04/10/2026 20:19 hrs
2026-W41,TC-652,10700.0,10700.0,08/10/2026 07:44 hrs
2026-W40,TC-653,2798.0,3730.0,04/10/2026 20:19 hrs
2026-W41,TC-653,3730.0,3730.0,08/10/2026 07:44 hrs
2026-W40,TC-654,2312.0,2890.0,04/10/2026 20:19 hrs
2026-W41,TC-654,2312.0,2890.0,08/10/2026 07:44 hrs
2026-W40,TC-655,2312.0,2890.0,04/10/2026 20:19 hrs
2026-W41,TC-655,2312.0,2890.0,08/10/2026 07:44 hrs
2026-W40,TC-656,2232.0,2790.0,04/10/2026 20:19 hrs
2026-W41,TC-656,2232.0,2790.0,08/10/2026 07:44 hrs
2026-W40,TC-657,2232.0,2790.0,04/10/2026 20:19 hrs
2026-W41,TC-657,2232.0,2790.0,08/10/2026 07:44 hrs
2026-W40,TC-658,1032.0,1290.0,04/10/2026 20:19 hrs
2026-W41,TC-658,1032.0,1290.0,08/10/2026 07:44 hrs
2026-W40,TC-659,1000.0,1250.0,04/10/2026 20:19 hrs
2026-W41,TC-659,1000.0,1250.0,08/10/2026 07:44 hrs
2026-W40,TC-660,4952.0,6190.0,04/10/2026 20:19 hrs
2026-W41,TC-660,4952.0,6190.0,08/10/2026 07:44 hrs
2026-W40,TC-661,1752.0,2190.0,04/10/2026 20:19 hrs
2026-W41,TC-661,1752.0,2190.0,08/10/2026 07:44 hrs
2026-W40,TC-662,4792.0,5990.0,04/10/2026 20:19 hrs
2026-W41,TC-662,4792.0,5990.0,08/10/2026 07:44 hrs
2026-W40,TC-663,1720.0,2150.0,04/10/2026 20:19 hrs
2026-W41,TC-663,1720.0,2150.0,08/10/2026 07:44 hrs
2026-W40,TC-664,17190.0,17190.0,04/10/2026 20:19 hrs
2026-W41,TC-664,17190.0,17190.0,08/10/2026 07:44 hrs
2026-W40,TC-665,1810.0,1810.0,04/10/2026 20:19 hrs
2026-W41,TC-665,1810.0,1810.0,08/10/2026 07:44 hrs
2026-W40,TC-666,6450.0,6450.0,04/10/2026 20:19 hrs
2026-W41,TC-666,6450.0,6450.0,08/10/2026 07:44 hrs
2026-W40,TC-667,2390.0,2390.0,04/10/2026 20:19 hrs
2026-W41,TC-667,2390.0,2390.0,08/10/2026 07:44 hrs
2026-W40,TC-668,9744.0,14990.0,04/10/2026 20:19 hrs
2026-W41,TC-668,14990.0,14990.0,08/10/2026 07:44 hrs
2026-W40,TC-669,2798.0,3730.0,04/10/2026 20:19 hrs
2026-W41,TC-669,3730.0,3730.0,08/10/2026 07:44 hrs
2026-W40,TC-670,4290.0,4290.0,04/10/2026 20:19 hrs
2026-W41,TC-670,4290.0,4290.0,08/10/2026 07:44 hrs
2026-W40,TC-671,1020.0,1020.0,04/10/2026 20:19 hrs
2026-W41,TC-671,1020.0,1020.0,08/10/2026 07:44 hrs
2026-W40,TC-672,1440.0,1440.0,04/10/2026 20:19 hrs
2026-W41,TC-672,1440.0,1440.0,08/10/2026 07:44 hrs
2026-W40,TC-673,2290.0,3230.0,04/10/2026 20:19 hrs
2026-W41,TC-673,2290.0,3230.0,08/10/2026 07:44 hrs
2026-W40,TC-674,1490.0,1490.0,04/10/2026 20:19 hrs
2026-W41,TC-674,1490.0,1490.0,08/10/2026 07:44 hrs
2026-W40,TC-675,1340.0,1340.0,04/10/2026 20:19 hrs
2026-W41,TC-675,1340.0,1340.0,08/10/2026 07:44 hrs
2026-W40,TC-676,2490.0,2490.0,04/10/2026 20:19 hrs
2026-W41,TC-676,2490.0,2490.0,08/10/2026 07:44 hrs
2026-W40,TC-677,2250.0,2250.0,04/10/2026 20:19 hrs
2026-W41,TC-677,2250.0,2250.0,08/10/2026 07:44 hrs
2026-W40,TC-678,1000.0,1000.0,04/10/2026 20:19 hrs
2026-W41,TC-678,1000.0,1000.0,08/10/2026 07:44 hrs
2026-W40,TC-679,1290.0,1290.0,04/10/2026 20:19 hrs
2026-W41,TC-679,1290.0,1290.0,08/10/2026 07:44 hrs
2026-W40,TC-680,2890.0,2890.0,04/10/2026 20:19 hrs
2026-W41,TC-680,2890.0,2890.0,08/10/2026 07:44 hrs
2026-W40,TC-681,1190.0,1190.0,04/10/2026 20:19 hrs
2026-W41,TC-681,1190.0,1190.0,08/10/2026 07:44 hrs
2026-W40,TC-682,1390.0,1390.0,04/10/2026 20:19 hrs
2026-W41,TC-682,1390.0,1390.0,08/10/2026 07:44 hrs
