sku_interno,producto,marca,metros_totales,retailer,url,categoria,subcategoria,rollos,metros_rollo,unidades,grupo_id,nombre_estandar
TC-002,Doble Hoja 22m 40 un,Noble,880,santaisabel,https://www.santaisabel.cl/ph-doble-hoja-noble-dh-40-rollos-1960588/p,Papel Higienico,Doble Hoja,40.0,22,,8.0,Noble Super DH 22 mts.x40
TC-003,Doble Hoja 22m 40 un,Confort,880,santaisabel,https://www.santaisabel.cl/papel-higienico-confort-dh-22mt-40un-1997284/p,Papel Higienico,Doble Hoja,40.0,22,,5.0,Confort DH 22 mts.x40
TC-004,Doble Hoja 22m 40 un,Confort,880,jumbo,https://www.jumbo.cl/papel-higienico-confort-dh-22mt-40un-1997284/p,Papel Higienico,Doble Hoja,40.0,22,,5.0,Confort DH 22 mts.x40
TC-006,PAPEL HIG DH NOBLE 6X23 MT,Noble,138,alvi,https://www.alvi.cl/product/papel-hig-dh-noble-6x23-mt-2,Papel Higienico,Doble Hoja,6.0,23,,42.0,Noble DH 23 mts.x6
TC-007,Doble Hoja 50 m 4 un,Favorita,200,jumbo,https://www.jumbo.cl/papel-hig-favorita-soft-care-50dh-4un-2004277/p,Papel Higienico,Doble Hoja,4.0,50,,4.0,Favorita Soft Care DH 50 mts.x4
TC-008,Doble Hoja 50 m 4 un,Favorita,200,santaisabel,https://www.santaisabel.cl/papel-hig-favorita-soft-care-50dh-4un-2004277/p,Papel Higienico,Doble Hoja,4.0,50,,4.0,Favorita Soft Care DH 50 mts.x4
TC-009,Doble Hoja 50 mts 12 un,Favorita,600,tottus,https://www.tottus.cl/tottus-cl/articulo/148257118/papel-higienico-12-50-favorita-nag-und/148257119,Papel Higienico,Doble Hoja,12.0,50,,13.0,Favorita Soft Care DH 50 mts.x12
TC-010,Doble Hoja 8 x 40 mts,Confort,320,tottus,https://www.tottus.cl/tottus-cl/articulo/119823952/ph-dh-super-40m-x8-confort-und/119823953,Papel Higienico,Doble Hoja,8.0,40,,10.0,Confort Súper DH 40 mts.x8
TC-011,Soft Care 4 x 50 mts,Favorita,200,tottus,https://www.tottus.cl/tottus-cl/articulo/138899719/papel-higienico-soft-care-favorita-4-und/138899721,Papel Higienico,Doble Hoja,4.0,50,,4.0,Favorita Soft Care DH 50 mts.x4
TC-012,Doble Hoja 50 m 4 un,Confort,200,santaisabel,https://www.santaisabel.cl/papel-higienico-confort-doble-hoja-4-rollos-50-m-c-u/p,Papel Higienico,Doble Hoja,4.0,50,,201.0,Confort DH 50 mts.x4
TC-013,Mi Hogar 50 m 4 un,Swan,200,santaisabel,https://www.santaisabel.cl/papel-higienico-mi-hogar-50-m-4-un-1899135/p,Papel Higienico,Doble Hoja,4.0,50,,15.0,Swan Mi Hogar DH 50 mts.x4
TC-014,Rindemax 50 m 4 un,Scott,200,santaisabel,https://www.santaisabel.cl/papel-higienico-scott-rindemax-50-m-4-un-2044412/p,Papel Higienico,Doble Hoja,4.0,50,,209.0,Scott Rindemax DH 50 mts.x4
TC-015,Doble Hoja Ultra 50 m 4 un,Elite,200,santaisabel,https://www.santaisabel.cl/papel-higienico-elite-doble-hoja-4-rollos-50-m-c-u/p,Papel Higienico,Doble Hoja,4.0,50,,1.0,Elite Ultra DH 50 mts.x4
TC-016,Doble Hoja Rendiplus 18 m 4 un,Confort,72,santaisabel,https://www.santaisabel.cl/papel-higienico-2037001/p,Papel Higienico,Doble Hoja,4.0,18,,50.0,Confort Rendiplus DH 18 mts.x4
TC-017,Sensación 22 m 4 un,Favorita,88,santaisabel,https://www.santaisabel.cl/ph-fav-sensacion-winter-dh-4-uni-22m-c-u-1957550/p,Papel Higienico,Doble Hoja,4.0,22,,7.0,Favorita Sensación DH 22 mts.x4
TC-018,Rindemax Doble Hoja 22 m 4 un,Scott,88,santaisabel,https://www.santaisabel.cl/papel-higienico-rindemax-4-unid-22-m-c-u/p,Papel Higienico,Doble Hoja,4.0,22,,52.0,Scott Rindemax DH 21 mts.x4
TC-019,Ultra Suave Doble Hoja 25 m 4 un,Elite,100,santaisabel,https://www.santaisabel.cl/ph-elite-ulta-dh-4-roll-25-m-1960058/p,Papel Higienico,Doble Hoja,4.0,25,,3.0,Elite Ultra DH 25 mts.x4
TC-020,Doble Hoja 25 m 6 un,Confort,150,santaisabel,https://www.santaisabel.cl/papel-higienico-dh-6-un-25-m-c-u/p,Papel Higienico,Doble Hoja,6.0,25,,,Confort DH 25 mts.x6
TC-021,Doble Hoja 22 m 6 un,Noble,132,santaisabel,https://www.santaisabel.cl/papel-higienico-doble-hoja-22-m-6-un/p,Papel Higienico,Doble Hoja,6.0,22,,39.0,Noble DH 22 mts.x6
TC-022,Rendidor 20 m 6 un,Swan,120,santaisabel,https://www.santaisabel.cl/papel-higienico-swan-rendidor-20-mts-6un-2042618/p,Papel Higienico,Doble Hoja,6.0,20,,57.0,Swan Rendidor DH 20 mts.x6
TC-023,Doble Hoja 4 x 50 mts,Elite,200,tottus,https://www.tottus.cl/tottus-cl/articulo/144745465/papel-higienico-elite-50m-x-4/144745466,Papel Higienico,Doble Hoja,4.0,50,,1.0,Elite Ultra DH 50 mts.x4
TC-024,Protect Care Doble Hoja 8 x 65 mts,Scott,520,tottus,https://www.tottus.cl/tottus-cl/articulo/142842662/papel-higienico-protect-care-dh-65mx8un/142842664,Papel Higienico,Doble Hoja,8.0,65,,,Scott Protect Care DH 65 mts.x8
TC-025,Doble Hoja 4 x 30 mts,Confort,120,tottus,https://www.tottus.cl/tottus-cl/articulo/110610609/papel-hig-dh-4-rolllos-30-mt-confort/110610611,Papel Higienico,Doble Hoja,4.0,30,,6.0,Confort DH 30 mts.x4
TC-026,Doble Hoja 4 x 23 mts,Noble,92,tottus,https://www.tottus.cl/tottus-cl/articulo/141162898/papel-higienico-noble-23mx4/141162900,Papel Higienico,Doble Hoja,4.0,23,,9.0,Noble DH 23 mts.x4
TC-027,Doble Hoja Rindeplus 4x18 mts,Confort,72,tottus,https://www.tottus.cl/tottus-cl/articulo/144955224/papel-higienico-rindeplus-18x4/144955225,Papel Higienico,Doble Hoja,4.0,18,,,Confort Rindeplus DH 18 mts.x4
TC-028,Acolchado Doble Hoja 4x22 mts,Favorita,88,tottus,https://www.tottus.cl/tottus-cl/articulo/115855542/higienico-acolchado-22mt-favorita-4/115855543,Papel Higienico,Doble Hoja,4.0,22,,7.0,Favorita Sensación DH 22 mts.x4
TC-029,Ultra Doble Hoja 4 x 25 mts,Elite,100,tottus,https://www.tottus.cl/tottus-cl/articulo/120528832/ph-ultra-dh-25m-x4-und-elite/120528833,Papel Higienico,Doble Hoja,4.0,25,,3.0,Elite Ultra DH 25 mts.x4
TC-030,Doble Hoja Soft 4 x 25 mts,Tottus,100,tottus,https://www.tottus.cl/tottus-cl/articulo/112988502/ph-doble-hoja-soft-tottus-4-un-x-25-mt/112988503,Papel Higienico,Doble Hoja,4.0,25,,,Tottus Soft DH 25 mts.x4
TC-031,Rindemax Doble Hoja 4 x 21 mts,Scott,84,tottus,https://www.tottus.cl/tottus-cl/articulo/110617520/papel-higienico-rindemax-dh-21mx4un/110617521,Papel Higienico,Doble Hoja,4.0,21,,52.0,Scott Rindemax DH 21 mts.x4
TC-032,Doble Hoja 6 x 23 mts,Noble,138,tottus,https://www.tottus.cl/tottus-cl/articulo/124540262/noble-dh-x6-noble-23mt/124540264,Papel Higienico,Doble Hoja,6.0,23,,42.0,Noble DH 23 mts.x6
TC-033,Rendiplus Doble Hoja 6 x 20 mts,Confort,120,tottus,https://www.tottus.cl/tottus-cl/articulo/144334960/papel-higienico-confort-20-mts-x6/144334961,Papel Higienico,Doble Hoja,6.0,20,,28.0,Confort Rendiplus DH 20 mts.x6
TC-035,Doble Hoja 50 m 4 un,Swan,200,acuenta,https://www.acuenta.cl/p/papel-higienico-doble-hoja-50-metros-4-un-swan-4851927,Papel Higienico,Doble Hoja,4.0,50,,15.0,Swan Mi Hogar DH 50 mts.x4
TC-036,Familiar Doble Hoja 22 m 4 un,Lider,88,acuenta,https://www.acuenta.cl/p/papel-higienico-familiar-doble-hoja-22-metros-4-un-lider-4790111,Papel Higienico,Doble Hoja,4.0,22,,34.0,Lider Familiar DH 22 mts.x4
TC-037,Family Care Doble Hoja 22 m 4 un,Family Care,88,jumbo,https://www.jumbo.cl/papel-higienico-family-care-doble-hoja-22-m-4-un-2017471/p,Papel Higienico,Doble Hoja,4.0,22,,,Family Care DH 22 mts.x4
TC-038,Rindemax Doble Hoja 22 m 4 un,Scott,88,jumbo,https://www.jumbo.cl/papel-higienico-rindemax-4-unid-22-m-c-u/p,Papel Higienico,Doble Hoja,4.0,22,,52.0,Scott Rindemax DH 21 mts.x4
TC-039,Elite Doble Hoja Ultra 50 m 8 un,Elite,400,jumbo,https://www.jumbo.cl/papel-higienico-elite-doble-hoja-8-unid-50-m-c-u/p,Papel Higienico,Doble Hoja,8.0,50,,2.0,Elite Ultra DH 50 mts.x8
TC-040,Scott Premium Triple Hoja 19 m 24 un,Scott,456,jumbo,https://www.jumbo.cl/papel-hig-scott-premium-th-19m-24un-1934161/p,Papel Higienico,Triple Hoja,24.0,19,,53.0,Scott Premium TH 19 mts.x24
TC-041,Scott Premium Triple Hoja 40 m 8 un,Scott,320,jumbo,https://www.jumbo.cl/papel-higienico-scott-premium-th-4om-8un-2044413/p,Papel Higienico,Triple Hoja,8.0,40,,,Scott Premium TH 40 mts.x8
TC-042,Elite Ultra Suave Doble Hoja 50 m 18 un,Elite,900,jumbo,https://www.jumbo.cl/papel-higienico-elite-ultra-doble-hoja-18-rollos-50-m-c-u/p,Papel Higienico,Doble Hoja,18.0,50,,,Elite Ultra Suave DH 50 mts.x18
TC-043,Confort Rendiplus Doble Hoja 27 m 12 un,Confort,324,jumbo,https://www.jumbo.cl/confort-dh-rendiplus-12-un-1976167/p,Papel Higienico,Doble Hoja,12.0,27,,51.0,Confort Rendiplus DH 27 mts.x12
TC-044,Scott Rindemax Doble Hoja 22 m 24 un,Scott,528,jumbo,https://www.jumbo.cl/papel-hig-scott-rindemax-dh-22mt-24un-1884799/p,Papel Higienico,Doble Hoja,24.0,22,,55.0,Scott Rindemax DH 22 mts.x24
TC-045,Favorita Soft Care Doble Hoja 50 m 12 un,Favorita,600,jumbo,https://www.jumbo.cl/paper-higienico-2036587/p,Papel Higienico,Doble Hoja,12.0,50,,13.0,Favorita Soft Care DH 50 mts.x12
TC-046,Scott Rindemax Doble Hoja 21.3 m 16 un,Scott,340.8,jumbo,https://www.jumbo.cl/papel-higienico-2030989/p,Papel Higienico,Doble Hoja,16.0,21.3,,208.0,Scott Rindemax DH 21.3 mts.x16
TC-047,Elite Soft & Strong Triple Hoja 40 m 12 un,Elite,480,jumbo,https://www.jumbo.cl/ph-elite-soft-and-strong-th-40x12-1951027/p,Papel Higienico,Triple Hoja,12.0,40,,14.0,Elite Soft Strong TH 40 mts.x12
TC-048,Scott Protect Care Doble Hoja 22 m 16 un,Scott,352,jumbo,https://www.jumbo.cl/papel-hig-scott-protect-car-dh-22mt-16un-1929044/p,Papel Higienico,Doble Hoja,16.0,22,,54.0,Scott Protect Care DH 22 mts.x16
TC-049,Elite Doble Hoja Ultra 50 m 4 un,Elite,200,jumbo,https://www.jumbo.cl/papel-higienico-elite-doble-hoja-4-rollos-50-m-c-u/p,Papel Higienico,Doble Hoja,4.0,50,,1.0,Elite Ultra DH 50 mts.x4
TC-050,Elite Ultra Doble Hoja 40 m 18 un,Elite,720,jumbo,https://www.jumbo.cl/papel-higienico-ultra-doble-hoja-40-m-18-un-1894042/p,Papel Higienico,Doble Hoja,18.0,40,,11.0,Elite Ultra DH 40 mts.x18
TC-051,Confort Doble Hoja 25 m 24 un,Confort,600,jumbo,https://www.jumbo.cl/papel-higienico-confort-dh-25mt-24un-1859327/p,Papel Higienico,Doble Hoja,24.0,25,,18.0,Confort DH 25 mts.x24
TC-052,Family Care Doble Hoja 22 m 40 un,Family Care,880,jumbo,https://www.jumbo.cl/papel-higienico-f-and-c-dh-22mt-40un-2017470/p,Papel Higienico,Doble Hoja,40.0,22,,,Family Care DH 22 mts.x40
TC-053,Family Care Doble Hoja 25 m 24 un,Family Care,600,jumbo,https://www.jumbo.cl/papel-higienico-f-and-c-dh-25mt-24un-2022179/p,Papel Higienico,Doble Hoja,24.0,25,,,Family Care DH 25 mts.x24
TC-054,Elite Soft & Strong Triple Hoja 40 m 4 un,Elite,160,jumbo,https://www.jumbo.cl/ph-elite-soft-and-strong-th-40x4-1951028/p,Papel Higienico,Triple Hoja,4.0,40,,56.0,Elite Soft Strong TH 40 mts.x4
TC-055,Family Care Doble Hoja 50 m 18 un,Family Care,900,jumbo,https://www.jumbo.cl/papel-higienico-f-and-c-dh-50mt-18un-2022183/p,Papel Higienico,Doble Hoja,18.0,50,,,Family Care DH 50 mts.x18
TC-056,Family Care Una Hoja 50 m 8 un,Family Care,400,jumbo,https://www.jumbo.cl/papel-higienico-f-and-c-uh-50mt-8un-2022180/p,Papel Higienico,Hoja Simple,8.0,50,,,Family Care HS 50 mts.x8
TC-057,Swan Mi Hogar 50 m 4 un,Swan,200,jumbo,https://www.jumbo.cl/papel-higienico-swan-mi-hogar-50mt-4un-1899135/p,Papel Higienico,Doble Hoja,4.0,50,,212.0,Swan Mi Hogar DH 50 mts.x4
TC-058,Confort Una Hoja 50 m 8 un,Confort,400,jumbo,https://www.jumbo.cl/papel-higienico-confort-una-hoja-8-rollos-50-m-c-u/p,Papel Higienico,Hoja Simple,8.0,50,,25.0,Confort HS 50 mts.x8
TC-059,Family Care Triple Hoja 22 m 12 un,Family Care,264,jumbo,https://www.jumbo.cl/papel-higienico-f-and-c-th-22mt-12un-2022184/p,Papel Higienico,Triple Hoja,12.0,22,,,Family Care TH 22 mts.x12
TC-060,Favorita Soft Care Doble Hoja 38 m 18 un,Favorita,684,jumbo,https://www.jumbo.cl/p-hig-favorita-soft-care-dh-38mt-18un-1936542/p,Papel Higienico,Doble Hoja,18.0,38,,215.0,Favorita Soft Care DH 38 mts.x18
TC-061,Confort Súper Doble Hoja 40 m 8 un,Confort,320,jumbo,https://www.jumbo.cl/papel-higienico-doble-hoja-8-un-40-m-c-u/p,Papel Higienico,Doble Hoja,8.0,40,,10.0,Confort Súper DH 40 mts.x8
TC-062,Confort Doble Hoja 25 m 8 un,Confort,200,jumbo,https://www.jumbo.cl/papel-higienico-confort-dh-25mt-8un-1859326/p,Papel Higienico,Doble Hoja,8.0,25,,26.0,Confort DH 25 mts.x8
TC-063,Confort Rendiplus Doble Hoja 20 m 6 un,Confort,120,jumbo,https://www.jumbo.cl/papel-higienico-2036249/p,Papel Higienico,Doble Hoja,6.0,20,,28.0,Confort Rendiplus DH 20 mts.x6
TC-064,Elite Doble Hoja Ultra 25 m 24 un,Elite,600,jumbo,https://www.jumbo.cl/papel-hig-elite-ultra-dh-25mt-24un/p,Papel Higienico,Doble Hoja,24.0,25,,30.0,Elite Ultra DH 25 mts.x24
TC-065,Favorita Acolchado Doble Hoja 22 m 4 un,Favorita,88,jumbo,https://www.jumbo.cl/papel-higienico-acolchado-doble-hoja-22-m-4-un-1888124/p,Papel Higienico,Doble Hoja,4.0,22,,7.0,Favorita Sensación DH 22 mts.x4
TC-066,Confort Doble Hoja 30 m 4 un,Confort,120,jumbo,https://www.jumbo.cl/papel-higienico-confort-doble-hoja-4-rollos-30-m-c-u/p,Papel Higienico,Doble Hoja,4.0,30,,6.0,Confort DH 30 mts.x4
TC-067,Máxima Hoja Simple 120 m 8 un,Máxima,960,jumbo,https://www.jumbo.cl/papel-hig-max-8u-2026222/p,Papel Higienico,Hoja Simple,8.0,120,,,Máxima HS 120 mts.x8
TC-068,Swan Black 40 m 12 un,Swan,480,jumbo,https://www.jumbo.cl/papel-higienico-2065782/p,Papel Higienico,Doble Hoja,12.0,40,,,Swan Black DH 40 mts.x12
TC-069,Favorita Acolchado 22 m 32 un,Favorita,704,jumbo,https://www.jumbo.cl/papel-higienico-fa-2084864/p,Papel Higienico,Doble Hoja,32.0,22,,,Favorita Acolchado DH 22 mts.x32
TC-070,Elite Ultra Suave Doble Hoja 50 m 9 un,Elite,450,jumbo,https://www.jumbo.cl/ph-elite-eco-50mx9-1865644/p,Papel Higienico,Doble Hoja,9.0,50,,31.0,Elite Ultra Suave DH 50 mts.x9
TC-071,Family Care Doble Hoja 50 m 8 un,Family Care,400,jumbo,https://www.jumbo.cl/papel-higienico-f-and-c-dh-50mt-8un-2022182/p,Papel Higienico,Doble Hoja,8.0,50,,,Family Care DH 50 mts.x8
TC-072,Family Care Hoja Simple 100 m 8 un,Family Care,800,jumbo,https://www.jumbo.cl/papel-higienico-fc-uh-100-mt-8-un-2017474/p,Papel Higienico,Hoja Simple,8.0,100,,,Family Care HS 100 mts.x8
TC-073,Family Care Doble Hoja 25 m 12 un,Family Care,300,jumbo,https://www.jumbo.cl/papel-higienico-f-y-c-dh-25mt-12un/p,Papel Higienico,Doble Hoja,12.0,25,,,Family Care DH 25 mts.x12
TC-074,Nubelin Hoja Simple 120 m 8 un,Nubelin,960,unimarc,https://www.unimarc.cl/product/papel-hig-uh-nubelin-8x120-mt,Papel Higienico,Hoja Simple,8.0,120,,,Nubelin HS 120 mts.x8
TC-075,Confort Rendiplus Doble Hoja 18 m 4 un,Confort,72,unimarc,https://www.unimarc.cl/product/papel-hig-rendiplus-dh-confort-18mtx4,Papel Higienico,Doble Hoja,4.0,18,,50.0,Confort Rendiplus DH 18 mts.x4
TC-076,Confort Una Hoja Familiar 120 m 8 un,Confort,960,unimarc,https://www.unimarc.cl/product/ph-familiar-confort-8-x-120-mt,Papel Higienico,Hoja Simple,8.0,120,,20.0,Confort Familiar HS 120 mts.x8
TC-077,Nubelin Doble Hoja 22 m 40 un,Nubelin,880,unimarc,https://www.unimarc.cl/product/papel-hig-dh-nubelin-22mtx40-i,Papel Higienico,Doble Hoja,40.0,22,,43.0,Nubelin DH 22 mts.x40
TC-078,Nubelin Doble Hoja 24 m 4 un,Nubelin,96,unimarc,https://www.unimarc.cl/product/papel-hig-dh-nubelin-24mtx4,Papel Higienico,Doble Hoja,4.0,24,,44.0,Nubelin DH 24 mts.x4
TC-079,Elite Doble Hoja Ultra Suave 50 m 8 un,Elite,400,unimarc,https://www.unimarc.cl/product/papel-hig-elite-ultra-doble-hoja-8-u-50-m,Papel Higienico,Doble Hoja,8.0,50,,2.0,Elite Ultra DH 50 mts.x8
TC-080,Favorita Sensación Doble Hoja 22 m 40 un,Favorita,880,unimarc,https://www.unimarc.cl/product/papel-hig-sensacion-dh-favorita-40x22-mt,Papel Higienico,Doble Hoja,40.0,22,,12.0,Favorita Sensación DH 22 mts.x40
TC-081,Confort Rendiplus Doble Hoja 27 m 12 un,Confort,324,unimarc,https://www.unimarc.cl/product/papel-hig-rendiplus-dh-confort-12x27-mt,Papel Higienico,Doble Hoja,12.0,27,,51.0,Confort Rendiplus DH 27 mts.x12
TC-082,Confort Doble Hoja 22 m 40 un,Confort,880,unimarc,https://www.unimarc.cl/product/papel-hig-dh-confort-40x22-mt,Papel Higienico,Doble Hoja,40.0,22,,5.0,Confort DH 22 mts.x40
TC-083,Confort Doble Hoja 22 m 24 un,Confort,528,unimarc,https://www.unimarc.cl/product/papel-hig-dh-confort-24x22-mt,Papel Higienico,Doble Hoja,24.0,22,,18.0,Confort DH 25 mts.x24
TC-084,Elite Doble Hoja Ultra Suave 40 m 18 un,Elite,720,unimarc,https://www.unimarc.cl/product/papel-hig-ultra-dh-elite-40mtx18,Papel Higienico,Doble Hoja,18.0,40,,11.0,Elite Ultra DH 40 mts.x18
TC-085,Noble Doble Hoja Super Pack 22 m 40 un,Noble,880,unimarc,https://www.unimarc.cl/product/papel-hig-dh-noble-40x22-mt,Papel Higienico,Doble Hoja,40.0,22,,8.0,Noble Super DH 22 mts.x40
TC-086,Nubelin Hoja Simple 100 m 8 un,Nubelin,800,unimarc,https://www.unimarc.cl/product/papel-hig-uh-nubelin-100mtx8,Papel Higienico,Hoja Simple,8.0,100,,,Nubelin HS 100 mts.x8
TC-087,Confort Súper Doble Hoja 40 m 8 un,Confort,320,unimarc,https://www.unimarc.cl/product/papel-hig-super-dh-confort-8x40-mt,Papel Higienico,Doble Hoja,8.0,40,,10.0,Confort Súper DH 40 mts.x8
TC-088,Elite Doble Hoja Ultra Suave 50 m 4 un,Elite,200,unimarc,https://www.unimarc.cl/product/ph-ultra-dh-elite-4x50-mt,Papel Higienico,Doble Hoja,4.0,50,,1.0,Elite Ultra DH 50 mts.x4
TC-089,Nubelin Doble Hoja 50 m 12 un,Nubelin,600,unimarc,https://www.unimarc.cl/product/papel-hig-dh-nubelin-12x50-mt,Papel Higienico,Doble Hoja,12.0,50,,45.0,Nubelin DH 50 mts.x12
TC-090,Favorita Acolchado Doble Hoja 22 m 24 un,Favorita,528,unimarc,https://www.unimarc.cl/product/papel-hig-acolchad-dh-favorita-24x23-5mt,Papel Higienico,Doble Hoja,24.0,22,,32.0,Favorita Acolchado DH 22 mts.x24
TC-091,Elite Doble Hoja Ultra Suave 25 m 4 un,Elite,100,unimarc,https://www.unimarc.cl/product/papel-hig-elite-ultra-4x25-mt,Papel Higienico,Doble Hoja,4.0,25,,3.0,Elite Ultra DH 25 mts.x4
TC-092,Scott Rindemax Doble Hoja 50 m 4 un,Scott,200,unimarc,https://www.unimarc.cl/product/papel-hig-rindemax-dh-scott-50mtx4,Papel Higienico,Doble Hoja,4.0,50,,209.0,Scott Rindemax DH 50 mts.x4
TC-093,Elite Soft & Strong Triple Hoja 40 m 4 un,Elite,160,unimarc,https://www.unimarc.cl/product/papel-hig-soft-strong-th-elite-4x40-mt,Papel Higienico,Triple Hoja,4.0,40,,56.0,Elite Soft Strong TH 40 mts.x4
TC-094,Nubelin Doble Hoja 22 m 24 un,Nubelin,528,unimarc,https://www.unimarc.cl/product/papel-hig-dh-nubelin-22mtx24,Papel Higienico,Doble Hoja,24.0,22,,46.0,Nubelin DH 22 mts.x24
TC-095,Elite Soft & Strong Triple Hoja 40 m 12 un,Elite,480,unimarc,https://www.unimarc.cl/product/papel-hig-soft-strong-th-elite-12x40-mt,Papel Higienico,Triple Hoja,12.0,40,,14.0,Elite Soft Strong TH 40 mts.x12
TC-096,Noble Doble Hoja 23 m 16 un,Noble,368,unimarc,https://www.unimarc.cl/product/papel-hig-dh-noble-16x23-mt,Papel Higienico,Doble Hoja,16.0,23,,38.0,Noble DH 23 mts.x16
TC-097,Merkat Una Hoja 40 m 10 un,Merkat,400,unimarc,https://www.unimarc.cl/product/papel-hig-uh-merkat-40mtx10-2,Papel Higienico,Hoja Simple,10.0,40,,,Merkat HS 40 mts.x10
TC-098,Favorita Soft Care 50 m 4 un,Favorita,200,unimarc,https://www.unimarc.cl/product/papel-hig-sofcare-favorita-50mtx4,Papel Higienico,Doble Hoja,4.0,50,,4.0,Favorita Soft Care DH 50 mts.x4
TC-099,Nubelin Premium Doble Hoja 40 m 18 un,Nubelin,720,unimarc,https://www.unimarc.cl/product/papel-hig-premium-dh-nubelin-40mtx18,Papel Higienico,Doble Hoja,18.0,40,,47.0,Nubelin Premium DH 40 mts.x18
TC-100,Nubelin Doble Hoja 30 m 8 un,Nubelin,240,unimarc,https://www.unimarc.cl/product/papel-hig-dh-nubelin-30mtx8,Papel Higienico,Doble Hoja,8.0,30,,,Nubelin DH 30 mts.x8
TC-101,Confort Doble Hoja 25 m 24 un,Confort,600,tottus,https://www.tottus.cl/tottus-cl/articulo/110611809/ph-doble-hoja-confort-x24-und/110611811,Papel Higienico,Doble Hoja,24.0,25,,18.0,Confort DH 25 mts.x24
TC-102,Elite Doble Hoja 50 m 8 un,Elite,400,tottus,https://www.tottus.cl/tottus-cl/articulo/110613449/papel-hig-dh-8-rollos-50-mt-elite/110613450,Papel Higienico,Doble Hoja,8.0,50,,2.0,Elite Ultra DH 50 mts.x8
TC-103,Confort Una Hoja 100 m 8 un,Confort,800,tottus,https://www.tottus.cl/tottus-cl/articulo/110612103/papel-hig-uh-max-8-rollos-100-mt-confort/110612104,Papel Higienico,Hoja Simple,8.0,100,,27.0,Confort Max HS 100 mts.x8
TC-104,Tottus Doble Hoja Soft 25 m 40 un,Tottus,1000,tottus,https://www.tottus.cl/tottus-cl/articulo/123891417/ph-doble-hoja-25mt-soft-tottus-40-un/123891418,Papel Higienico,Doble Hoja,40.0,25,,,Tottus Soft DH 25 mts.x40
TC-105,Tottus Doble Hoja Soft 25 m 16 un,Tottus,400,tottus,https://www.tottus.cl/tottus-cl/articulo/112989045/ph-doble-hoja-soft-tottus-16-un-x-25-mt/112989046,Papel Higienico,Doble Hoja,16.0,25,,,Tottus Soft DH 25 mts.x16
TC-106,Confort Rendiplus Doble Hoja 27 m 18 un,Confort,486,tottus,https://www.tottus.cl/tottus-cl/articulo/124677744/ph-rendiplus-27x18-confort/124677745,Papel Higienico,Doble Hoja,18.0,27,,19.0,Confort Rendiplus DH 27 mts.x18
TC-107,Elite Ultra Doble Hoja 40 m 18 un,Elite,720,tottus,https://www.tottus.cl/tottus-cl/articulo/119823966/ph-ultra-dh-40x18-elite-und/119823967,Papel Higienico,Doble Hoja,18.0,40,,11.0,Elite Ultra DH 40 mts.x18
TC-108,Scott Rindemax Doble Hoja 22 m 16 un,Scott,352,tottus,https://www.tottus.cl/tottus-cl/articulo/142243611/papel-higienico-rindemax-16x22-mts-scott/142243615,Papel Higienico,Doble Hoja,16.0,22,,208.0,Scott Rindemax DH 21.3 mts.x16
TC-109,Confort Doble Hoja 25 m 8 un,Confort,200,tottus,https://www.tottus.cl/tottus-cl/articulo/110610849/ph-dh-25m-confort-8-und/110610850,Papel Higienico,Doble Hoja,8.0,25,,26.0,Confort DH 25 mts.x8
TC-110,Scott Rindemax Doble Hoja 22 m 6 un,Scott,132,tottus,https://www.tottus.cl/tottus-cl/articulo/120286360/papel-hig-scott-rindemax-22-mts-6-un/120286361,Papel Higienico,Doble Hoja,6.0,22,,221.0,Scott Rindemax DH 22 mts.x6
TC-111,Elite Soft & Strong Triple Hoja 40 m 12 un,Elite,480,tottus,https://www.tottus.cl/tottus-cl/articulo/118567768/ph-ph-softstrong-th-40x12-elite-und/118567769,Papel Higienico,Triple Hoja,12.0,40,,14.0,Elite Soft Strong TH 40 mts.x12
TC-112,Favorita Acolchado Doble Hoja 25 m 40 un,Favorita,1000,tottus,https://www.tottus.cl/tottus-cl/articulo/125312485/papel-higenico-acolchado-dh-favorita-x40/125312488,Papel Higienico,Doble Hoja,40.0,25,,12.0,Favorita Sensación DH 22 mts.x40
TC-113,Scott Rindemax Doble Hoja 22 m 24 un,Scott,528,tottus,https://www.tottus.cl/tottus-cl/articulo/110616464/papel-hig-scott-rindemax-21-mts-24-un/110616465,Papel Higienico,Doble Hoja,24.0,22,,55.0,Scott Rindemax DH 22 mts.x24
TC-114,Noble Doble Hoja 22 m 40 un,Noble,880,tottus,https://www.tottus.cl/tottus-cl/articulo/120482069/ph-noble-dh-x40-noble-und/120482070,Papel Higienico,Doble Hoja,40.0,22,,8.0,Noble Super DH 22 mts.x40
TC-115,Favorita Sensación Doble Hoja 22 m 4 un,Favorita,88,tottus,https://www.tottus.cl/tottus-cl/articulo/136303351/ph-sensacion-favorita-4-und-x-22-mts/136303352,Papel Higienico,Doble Hoja,4.0,22,,7.0,Favorita Sensación DH 22 mts.x4
TC-116,Swan Premium Doble Hoja 50 m 4 un,Swan,200,tottus,https://www.tottus.cl/tottus-cl/articulo/129395135/papel-higienico-swan-premium-4x50/129395136,Papel Higienico,Doble Hoja,4.0,50,,15.0,Swan Mi Hogar DH 50 mts.x4
TC-117,Noble Doble Hoja 23 m 16 un,Noble,368,tottus,https://www.tottus.cl/tottus-cl/articulo/112182856/papel-higienico-noble-23-m-x-16-und/112182857,Papel Higienico,Doble Hoja,16.0,23,,38.0,Noble DH 23 mts.x16
TC-118,Scott Protect Care Doble Hoja 22 m 16 un,Scott,352,tottus,https://www.tottus.cl/tottus-cl/articulo/115855534/ph-scott-prot-care-22-mts-16-un/115855536,Papel Higienico,Doble Hoja,16.0,22,,54.0,Scott Protect Care DH 22 mts.x16
TC-119,Confort Doble Hoja 22 m 40 un,Confort,880,tottus,https://www.tottus.cl/tottus-cl/articulo/132866018/papel-higienico-confort-22m-x-40un/132866019,Papel Higienico,Doble Hoja,40.0,22,,5.0,Confort DH 22 mts.x40
TC-120,Favorita Doble Hoja 22 m 40 un,Favorita,880,tottus,https://www.tottus.cl/tottus-cl/articulo/120217124/papel-higienico-22-m-x-40-und-favorita/120217125,Papel Higienico,Doble Hoja,40.0,22,,12.0,Favorita Sensación DH 22 mts.x40
TC-121,Elite Ultra Suave Doble Hoja 25 m 24 un,Elite,600,tottus,https://www.tottus.cl/tottus-cl/articulo/141162893/papel-higienico-elite-25mx24/141162895,Papel Higienico,Doble Hoja,24.0,25,,30.0,Elite Ultra DH 25 mts.x24
TC-122,Elite Doble Hoja Ultra Suave 50 m 9 un,Elite,450,tottus,https://www.tottus.cl/tottus-cl/articulo/110611201/ph-doble-hoja-eco-elite-x9-und/110611202,Papel Higienico,Doble Hoja,9.0,50,,31.0,Elite Ultra Suave DH 50 mts.x9
TC-123,Elite Ultra Doble Hoja 25 m 12 un,Elite,300,tottus,https://www.tottus.cl/tottus-cl/articulo/119824036/ph-ph-elite-ultra-dh-25x12-elite-und/119824037,Papel Higienico,Doble Hoja,12.0,25,,29.0,Elite Ultra DH 25 mts.x12
TC-124,Favorita Soft Care Aloe Vera Doble Hoja 38 m 18 un,Favorita,684,tottus,https://www.tottus.cl/tottus-cl/articulo/137258487/ph-softcare-aloe-vera-favorita-18-und/137258489,Papel Higienico,Doble Hoja,18.0,38,,215.0,Favorita Soft Care DH 38 mts.x18
TC-125,Scott Premium Triple Hoja 40 m 4 un,Scott,160,tottus,https://www.tottus.cl/tottus-cl/articulo/147657868/papel-higie-premium-4x40mts-scott-und/147657869,Papel Higienico,Triple Hoja,4.0,40,,,Scott Premium TH 40 mts.x4
TC-126,Favorita Acolchado Doble Hoja 25 m 24 un,Favorita,600,tottus,https://www.tottus.cl/tottus-cl/articulo/110618350/papel-higienico-acolchado-favorita-24/110618352,Papel Higienico,Doble Hoja,24.0,25,,32.0,Favorita Acolchado DH 22 mts.x24
TC-127,Scott Premium Triple Hoja 19 m 24 un,Scott,456,tottus,https://www.tottus.cl/tottus-cl/articulo/117696107/ph-scott-premium-19-mts-24-un/117696108,Papel Higienico,Triple Hoja,24.0,19,,53.0,Scott Premium TH 19 mts.x24
TC-128,Elite Soft & Strong Triple Hoja 40 m 4 un,Elite,160,tottus,https://www.tottus.cl/tottus-cl/articulo/141162873/papel-higienico-elite-40mx4/141162877,Papel Higienico,Triple Hoja,4.0,40,,56.0,Elite Soft Strong TH 40 mts.x4
TC-129,Confort Hoja Simple 50 m 8 un,Confort,400,tottus,https://www.tottus.cl/tottus-cl/articulo/144745503/papel-higienico-confort-50mx8/144745504,Papel Higienico,Hoja Simple,8.0,50,,25.0,Confort HS 50 mts.x8
TC-130,Confort Doble Hoja 20 m 4 un,Confort,80,acuenta,https://www.acuenta.cl/p/papel-higienico-doble-hoja-20-metros-4-un-confort-901918,Papel Higienico,Doble Hoja,4.0,20,,23.0,Confort DH 20 mts.x4
TC-131,Confort Doble Hoja 22 m 40 un,Confort,880,acuenta,https://www.acuenta.cl/p/papel-higienico-doble-hoja-22-metros-40-un-confort-1103955,Papel Higienico,Doble Hoja,40.0,22,,5.0,Confort DH 22 mts.x40
TC-132,Acuenta Doble Hoja 22 m 40 un,Acuenta,880,acuenta,https://www.acuenta.cl/p/papel-higienico-doble-hoja-22-metros-40-un-acuenta-4774403,Papel Higienico,Doble Hoja,40.0,22,,,Acuenta DH 22 mts.x40
TC-133,Noble Doble Hoja 22 m 40 un,Noble,880,acuenta,https://www.acuenta.cl/p/papel-higienico-doble-hoja-22-m-40-un-noble-4482278,Papel Higienico,Doble Hoja,40.0,22,,8.0,Noble Super DH 22 mts.x40
TC-134,Confort Max Una Hoja 100 m 8 un,Confort,800,acuenta,https://www.acuenta.cl/p/papel-higienico-max-una-hoja-100-m-8-un-confort-309377,Papel Higienico,Hoja Simple,8.0,100,,27.0,Confort Max HS 100 mts.x8
TC-135,Lider Familiar Doble Hoja 22 m 40 un,Lider,880,acuenta,https://www.acuenta.cl/p/papel-higienico-familiar-doble-hoja-22-m-40-un-lider-1091010,Papel Higienico,Doble Hoja,40.0,22,,35.0,Lider Familiar DH 22 mts.x40
TC-136,Favorita Sensación Doble Hoja 22 m 40 un,Favorita,880,acuenta,https://www.acuenta.cl/p/papel-higienico-sensacion-doble-hoja-22-m-40-un-favorita-1358801,Papel Higienico,Doble Hoja,40.0,22,,12.0,Favorita Sensación DH 22 mts.x40
TC-137,Confort Doble Hoja 30 m 8 un,Confort,240,acuenta,https://www.acuenta.cl/p/papel-higienico-doble-hoja-30-m-8-un-confort-4524518,Papel Higienico,Doble Hoja,8.0,30,,24.0,Confort DH 30 mts.x8
TC-138,Confort Rendiplus Doble Hoja 27 m 18 un,Confort,486,acuenta,https://www.acuenta.cl/p/papel-higienico-rendiplus-doble-hoja-27-m-18-un-confort-4528517,Papel Higienico,Doble Hoja,18.0,27,,19.0,Confort Rendiplus DH 27 mts.x18
TC-139,Lider Una Hoja 100 m 8 un,Lider,800,acuenta,https://www.acuenta.cl/p/papel-higienico-una-hoja-100-m-8-un-lider-916156,Papel Higienico,Hoja Simple,8.0,100,,36.0,Lider HS 100 mts.x8
TC-140,Confort Doble Hoja 50 m 12 un,Confort,600,acuenta,https://www.acuenta.cl/p/papel-higienico-doble-hoja-50-mts-cu-paquete-12-un-confort-395004,Papel Higienico,Doble Hoja,12.0,50,,17.0,Confort DH 50 mts.x12
TC-141,Confort Doble Hoja 45 m 4 un,Confort,180,acuenta,https://www.acuenta.cl/p/papel-higienico-confort-doble-hoja-45m-x4-4-un-confort-4938078,Papel Higienico,Doble Hoja,4.0,45,,201.0,Confort DH 50 mts.x4
TC-142,Noble Doble Hoja 32 m 6 un,Noble,192,acuenta,https://www.acuenta.cl/p/papel-higienico-doble-hoja-32-m-6-un-noble-883368,Papel Higienico,Doble Hoja,6.0,32,,41.0,Noble DH 32 mts.x6
TC-143,Lider Doble Hoja 50 m 12 un,Lider,600,acuenta,https://www.acuenta.cl/p/papel-higienico-doble-hoja-50-m-12-un-lider-1020215,Papel Higienico,Doble Hoja,12.0,50,,37.0,Lider DH 50 mts.x12
TC-144,Elite Doble Hoja Ultra 50 m 8 un,Elite,400,acuenta,https://www.acuenta.cl/p/papel-higienico-doble-hoja-ultra-50-mts-8-un-marca-elite-475492,Papel Higienico,Doble Hoja,8.0,50,,2.0,Elite Ultra DH 50 mts.x8
TC-166,Confort Doble Hoja 22 m 4 un,Confort,88,alvi,https://www.alvi.cl/product/papel-higienico-doble-hoja-4-un-de-22-m,Papel Higienico,Doble Hoja,4.0,22,,16.0,Confort DH 22 mts.x4
TC-167,Noble Doble Hoja 23 m 4 un,Noble,92,alvi,https://www.alvi.cl/product/ph-doble-hoja-noble-23mx4-mt,Papel Higienico,Doble Hoja,4.0,23,,9.0,Noble DH 23 mts.x4
TC-168,Favorita Acolchado Doble Hoja 22 m 4 un,Favorita,88,alvi,https://www.alvi.cl/product/papel-higienico-favorita-acolchado-doble-hoja-4-un-de-22-m,Papel Higienico,Doble Hoja,4.0,22,,7.0,Favorita Sensación DH 22 mts.x4
TC-169,Confort Doble Hoja 22 m 40 un,Confort,880,alvi,https://www.alvi.cl/product/papel-hig-dh-confort-22mtx40,Papel Higienico,Doble Hoja,40.0,22,,5.0,Confort DH 22 mts.x40
TC-170,Ovella Doble Hoja 50 m 4 un,Ovella,200,alvi,https://www.alvi.cl/product/papel-hig-dh-ovella-50mtx4-2,Papel Higienico,Doble Hoja,4.0,50,,49.0,Ovella DH 50 mts.x4
TC-171,Ovella Doble Hoja 22 m 4 un,Ovella,88,alvi,https://www.alvi.cl/product/papel-hig-dh-ovella-22mtx4-2,Papel Higienico,Doble Hoja,4.0,22,,48.0,Ovella DH 22 mts.x4
TC-172,Scott Rindemax Doble Hoja 22 m 6 un,Scott,132,alvi,https://www.alvi.cl/product/papel-higienico-rindemax-doble-hoja-6-un-de-30-m,Papel Higienico,Doble Hoja,6.0,22,,221.0,Scott Rindemax DH 22 mts.x6
TC-173,Nubelin Premium Doble Hoja 40 m 18 un,Nubelin,720,alvi,https://www.alvi.cl/product/papel-higienico-nubelin-premium-doble-hoja-18-un-de-40-m,Papel Higienico,Doble Hoja,18.0,40,,47.0,Nubelin Premium DH 40 mts.x18
TC-174,Nubelin Doble Hoja 22 m 24 un,Nubelin,528,alvi,https://www.alvi.cl/product/papel-hig-dh-nubelin-22mtx24,Papel Higienico,Doble Hoja,24.0,22,,46.0,Nubelin DH 22 mts.x24
TC-175,Favorita Sensación Doble Hoja 22 m 4 un,Favorita,88,alvi,https://www.alvi.cl/product/papel-hig-sensacion-dh-favorita-4x22mt,Papel Higienico,Doble Hoja,4.0,22,,7.0,Favorita Sensación DH 22 mts.x4
TC-176,Confort Una Hoja Familiar 120 m 8 un,Confort,960,alvi,https://www.alvi.cl/product/papel-hig-familiar-uh-confort-120mtx8-2,Papel Higienico,Hoja Simple,8.0,120,,20.0,Confort Familiar HS 120 mts.x8
TC-177,Confort Rendiplus Doble Hoja 27 m 12 un,Confort,324,alvi,https://www.alvi.cl/product/papel-hig-rendiplus-dh-confort-27mtx12-2,Papel Higienico,Doble Hoja,12.0,27,,51.0,Confort Rendiplus DH 27 mts.x12
TC-178,Confort Doble Hoja 40 m 8 un,Confort,320,alvi,https://www.alvi.cl/product/papel-hig-super-dh-confort-40mtx8,Papel Higienico,Doble Hoja,8.0,40,,10.0,Confort Súper DH 40 mts.x8
TC-179,Ovella Doble Hoja 30 m 4 un,Ovella,120,alvi,https://www.alvi.cl/product/papel-hig-dh-ovella-30mtx4-2,Papel Higienico,Doble Hoja,4.0,30,,217.0,Ovella DH 30 mts.x4
TC-180,Swan Rendidor Doble Hoja 20 m 4 un,Swan,80,alvi,https://www.alvi.cl/product/papel-hig-rendidor-dh-swan-20mtx4-2,Papel Higienico,Doble Hoja,4.0,20,,,Swan Rendidor DH 20 mts.x4
TC-181,Confort Doble Hoja 30 m 4 un,Confort,120,alvi,https://www.alvi.cl/product/papel-higienico-confort-doble-hoja-4-un-30-m,Papel Higienico,Doble Hoja,4.0,30,,6.0,Confort DH 30 mts.x4
TC-182,Swan Rendidor Doble Hoja 20 m 6 un,Swan,120,alvi,https://www.alvi.cl/product/papel-hig-rendidor-dh-swan-20mtx6-2,Papel Higienico,Doble Hoja,6.0,20,,57.0,Swan Rendidor DH 20 mts.x6
TC-183,Elite Ultra Doble Hoja 25 m 4 un,Elite,100,alvi,https://www.alvi.cl/product/papel-higienico-ultra-doble-hoja-4-un-de-25-m,Papel Higienico,Doble Hoja,4.0,25,,3.0,Elite Ultra DH 25 mts.x4
TC-184,Confort Max Una Hoja 100 m 4 un,Confort,400,alvi,https://www.alvi.cl/product/papel-higienico-max-100mt-x-4,Papel Higienico,Hoja Simple,4.0,100,,22.0,Confort Max HS 100 mts.x4
TC-185,Confort Doble Hoja 25 m 24 un,Confort,600,alvi,https://www.alvi.cl/product/papel-higienico-confort-doble-hoja-24-rollos-de-25-m,Papel Higienico,Doble Hoja,24.0,25,,18.0,Confort DH 25 mts.x24
TC-186,Elite Ultra Doble Hoja 50 m 4 un,Elite,200,alvi,https://www.alvi.cl/product/papel-higienico-elite-ultra-doble-hoja-4-un-50-m,Papel Higienico,Doble Hoja,4.0,50,,1.0,Elite Ultra DH 50 mts.x4
TC-187,Confort Una Hoja 50 m 12 un,Confort,600,alvi,https://www.alvi.cl/product/papel-higienico-una-hoja-12-un-de-50-m,Papel Higienico,Hoja Simple,12.0,50,,21.0,Confort HS 50 mts.x12
TC-188,Nubelin Doble Hoja 50 m 12 un,Nubelin,600,alvi,https://www.alvi.cl/product/papel-hig-dh-nubelin-12x50-mt,Papel Higienico,Doble Hoja,12.0,50,,45.0,Nubelin DH 50 mts.x12
TC-189,Favorita Sensación Doble Hoja 22 m 6 un,Favorita,132,alvi,https://www.alvi.cl/product/papel-hig-sensacion-dh-favorita-6x22mt,Papel Higienico,Doble Hoja,6.0,22,,33.0,Favorita Sensación DH 22 mts.x6
TC-190,Scott Rindemax Astro Doble Hoja 21 m 4 un,Scott,84,alvi,https://www.alvi.cl/product/papel-higienico-rindemax-4-rollos-de-22-m,Papel Higienico,Doble Hoja,4.0,21,,52.0,Scott Rindemax DH 21 mts.x4
TC-191,Scott Aromas Doble Hoja 22 m 6 un,Scott,132,alvi,https://www.alvi.cl/product/papel-higienico-scott-aromas-6-un-22-m,Papel Higienico,Doble Hoja,6.0,22,,203.0,Scott Aromas DH 22 mts.x6
TC-192,Elite Ultra Doble Hoja 50 m 8 un,Elite,400,alvi,https://www.alvi.cl/product/papel-higienico-elite-ultra-doble-hoja-8-un-50-m,Papel Higienico,Doble Hoja,8.0,50,,2.0,Elite Ultra DH 50 mts.x8
TC-193,Nubelin Doble Hoja 24 m 4 un,Nubelin,96,alvi,https://www.alvi.cl/product/papel-hig-dh-nubelin-24mtx4,Papel Higienico,Doble Hoja,4.0,24,,44.0,Nubelin DH 24 mts.x4
TC-194,Noble Doble Hoja 22 m 40 un,Noble,880,alvi,https://www.alvi.cl/product/papel-hig-dh-noble-22mtx40-2,Papel Higienico,Doble Hoja,40.0,22,,8.0,Noble Super DH 22 mts.x40
TC-195,Favorita Sensación Doble Hoja 22 m 40 un,Favorita,880,alvi,https://www.alvi.cl/product/papel-hig-sensacion-dh-favorita-22mtx40-2,Papel Higienico,Doble Hoja,40.0,22,,12.0,Favorita Sensación DH 22 mts.x40
TC-196,Nubelin Doble Hoja 22 m 40 un,Nubelin,880,alvi,https://www.alvi.cl/product/papel-higienico-nubelin-doble-hoja-40-un-de-22-m,Papel Higienico,Doble Hoja,40.0,22,,43.0,Nubelin DH 22 mts.x40
TC-197,Nova Clásica Doble Hoja 12 m 3 un,Nova,36,unimarc,https://www.unimarc.cl/product/toalla-papel-clasica-dh-nova-3x12-mt,Toalla de Papel,Doble Hoja,3.0,12,,80.0,Nova Clásica DH 12 mts.x3
TC-198,Nubelin Doble Hoja 14 m 2 un,Nubelin,28,unimarc,https://www.unimarc.cl/product/toalla-papel-dh-nubelin-14mtx2,Toalla de Papel,Doble Hoja,2.0,14,,,Nubelin DH 14 mts.x2
TC-199,Nova Ultra Absorb Mega Rollo 26 m 2 un,Nova,52,unimarc,https://www.unimarc.cl/product/toalla-papel-megarollo-ultra-nova-2x26mt,Toalla de Papel,Doble Hoja,2.0,26,,81.0,Nova Ultra DH 26 mts.x2
TC-200,Abolengo XL 100 m 1 un,Abolengo,100,unimarc,https://www.unimarc.cl/product/toalla-de-papel-abolengo-xl-100-m,Toalla de Papel,Doble Hoja,1.0,100,,79.0,Abolengo Xl DH 100 mts.x1
TC-201,Merkat Gigante Doble Hoja 100 m 1 un,Merkat,100,unimarc,https://www.unimarc.cl/product/toalla-papel-gigante-dh-merkat-100mtx1,Toalla de Papel,Doble Hoja,1.0,100,,102.0,Merkat Gigante DH 100 mts.x1
TC-202,Nova Ultra Gigante Doble Hoja 70 m 1 un,Nova,70,unimarc,https://www.unimarc.cl/product/toalla-papel-ultra-gigante-dh-nova-70-mt,Toalla de Papel,Doble Hoja,1.0,70,,78.0,Nova Ultra Gigante DH 70 mts.x1
TC-203,Nova Doble Hoja Clásica 70 m 1 un,Nova,70,unimarc,https://www.unimarc.cl/product/toalla-papel-clasica-gigante-nova-1x70mt,Toalla de Papel,Doble Hoja,1.0,70,,214.0,Nova Gigante Clásica DH 70 mts.x1
TC-204,Nova Ultra Absorb Mega Rollo 26 m 1 un,Nova,26,unimarc,https://www.unimarc.cl/product/toalla-papel-megarollo-ultra-nova-1x26mt,Toalla de Papel,Doble Hoja,1.0,26,,88.0,Nova Ultra Absorb Mega DH 26 mts.x1
TC-205,Nova Gigante Doble Hoja 100 m 1 un,Nova,100,unimarc,https://www.unimarc.cl/product/toalla-papel-gigante-dh-nova-100-mt,Toalla de Papel,Doble Hoja,1.0,100,,216.0,Nova Gigante DH 100 mts.x1
TC-206,Nova Clásica Doble Hoja 12 m 12 un,Nova,144,unimarc,https://www.unimarc.cl/product/toalla-papel-clasica-dh-nova-12x12-mt,Toalla de Papel,Doble Hoja,12.0,12,,89.0,Nova Clásica DH 12 mts.x12
TC-207,Nubelin Doble Hoja 12 m 3 un,Nubelin,36,unimarc,https://www.unimarc.cl/product/toalla-papel-doble-hoja-nubelin-3x12mt,Toalla de Papel,Doble Hoja,3.0,12,,106.0,Nubelin DH 12 mts.x3
TC-208,Nubelin Hoja Simple 150 m 1 un,Nubelin,150,unimarc,https://www.unimarc.cl/product/toalla-papel-hs-nubelin-150mtx1-2,Toalla de Papel,Hoja Simple,1.0,150,,107.0,Nubelin HS 150 mts.x1
TC-209,Favorita Estilo 24 m 2 un,Favorita,48,unimarc,https://www.unimarc.cl/product/toalla-papel-estilo-favorita-24mtx2,Toalla de Papel,Doble Hoja,2.0,24,,87.0,Favorita Estilo DH 24 mts.x2
TC-210,Nova Clásica XL Doble Hoja 40 m 1 un,Nova,40,unimarc,https://www.unimarc.cl/product/toalla-papel-clasica-xl-dh-nova-40mtx1,Toalla de Papel,Doble Hoja,1.0,40,,90.0,Nova Clásica XL DH 40 mts.x1
TC-211,Elite Deco Maxi Rollo Triple Hoja 20 m 2 un,Elite,40,unimarc,https://www.unimarc.cl/product/toalla-papel-maxirollo-th-elite-2x20mt,Toalla de Papel,Triple Hoja,2.0,20,,91.0,Elite Deco Maxi DH 20 mts.x2
TC-212,Nova Evolution Absorb Rollo 14 m 3 un,Nova,42,unimarc,https://www.unimarc.cl/product/toalla-papel-evolution-nova-3x14-mt,Toalla de Papel,Doble Hoja,3.0,14,,104.0,Nova Evolution Absorb DH 14 mts.x3
TC-213,Favorita Hogar Mega Doble Hoja 100 m 1 un,Favorita,100,unimarc,https://www.unimarc.cl/product/toalla-papel-hogar-mega-favorita-100-mt,Toalla de Papel,Doble Hoja,1.0,100,,82.0,Favorita Hogar Mega DH 100 mts.x1
TC-214,Nova Evolution Absorb Mega Rollo 26 m 2 un,Nova,52,unimarc,https://www.unimarc.cl/product/toalla-papel-mr-evolution-nova-2x26-mt,Toalla de Papel,Doble Hoja,2.0,26,,105.0,Nova Evolution Absorb Mega DH 26 mts.x2
TC-215,Abolengo 10 m 3 un,Abolengo,30,unimarc,https://www.unimarc.cl/product/toalla-de-papel-abolengo-3-un-de-10-m,Toalla de Papel,Doble Hoja,3.0,10,,86.0,Abolengo Mini DH 10 mts.x3
TC-216,Nubelin Doble Hoja 26 m 2 un,Nubelin,52,unimarc,https://www.unimarc.cl/product/toalla-papel-dh-nubelin-26mtx2,Toalla de Papel,Doble Hoja,2.0,26,,108.0,Nubelin DH 26 mts.x2
TC-217,Nubelin Doble Hoja 100 m 1 un,Nubelin,100,unimarc,https://www.unimarc.cl/product/toalla-papel-dh-nubelin-100mtx1,Toalla de Papel,Doble Hoja,1.0,100,,109.0,Nubelin DH 100 mts.x1
TC-218,Scott Multiusos 20 m 2 un,Scott,40,unimarc,https://www.unimarc.cl/product/toalla-papel-multiusos-scott-2x20-mt,Toalla de Papel,Doble Hoja,2.0,20,,110.0,Scott Multiusos DH 20 mts.x2
TC-219,Nova Ultra Doble Hoja 26 m 2 un,Nova,52,jumbo,https://www.jumbo.cl/toalla-papel-nova-ultra-dh-26mt-2un-1939056/p,Toalla de Papel,Doble Hoja,2.0,26,,81.0,Nova Ultra DH 26 mts.x2
TC-220,Nova Evolution Absorb 14 m 3 un,Nova,42,jumbo,https://www.jumbo.cl/toalla-de-papel-nova-evolution-x3-1947750/p,Toalla de Papel,Doble Hoja,3.0,14,,104.0,Nova Evolution Absorb DH 14 mts.x3
TC-221,Elite Deco Maxi Rollo Triple Hoja 20 m 2 un,Elite,40,jumbo,https://www.jumbo.cl/toalla-elite-deco-maxi-rollo-20mt-2un-1895065/p,Toalla de Papel,Triple Hoja,2.0,20,,84.0,Elite Deco Maxi TH 20 mts.x2
TC-222,Nova Gigante Doble Hoja 100 m 1 un,Nova,100,jumbo,https://www.jumbo.cl/toalla-papel-nova-gigante-dh-100mt-1923549/p,Toalla de Papel,Doble Hoja,1.0,100,,216.0,Nova Gigante DH 100 mts.x1
TC-223,Home Care Doble Hoja 45 m 1 un,Home Care,45,jumbo,https://www.jumbo.cl/toalla-home-care-doble-hoja-45-metros-2042443/p,Toalla de Papel,Doble Hoja,1.0,45,,96.0,Home Care DH 45 mts.x1
TC-224,Home Care Doble Hoja 100 m 1 un,Home Care,100,jumbo,https://www.jumbo.cl/toalla-doble-hoja-home-care-100-metros-2042885/p,Toalla de Papel,Doble Hoja,1.0,100,,97.0,Home Care DH 100 mts.x1
TC-225,Nova Clásica Doble Hoja 12 m 3 un,Nova,36,jumbo,https://www.jumbo.cl/toalla-de-papel-nova-clasica-12-m-3-un-2008455/p,Toalla de Papel,Doble Hoja,3.0,12,,80.0,Nova Clásica DH 12 mts.x3
TC-226,Nova Clásica Doble Hoja 12 m 12 un,Nova,144,jumbo,https://www.jumbo.cl/toalla-de-papel-nova-clasica-12-m-12-un-2008456/p,Toalla de Papel,Doble Hoja,12.0,12,,89.0,Nova Clásica DH 12 mts.x12
TC-227,Abolengo XL 100 m 1 un,Abolengo,100,jumbo,https://www.jumbo.cl/toalla-abolengo-xl-100-mt/p,Toalla de Papel,Doble Hoja,1.0,100,,79.0,Abolengo Xl DH 100 mts.x1
TC-228,Máxima Doble Hoja 100 m 1 un,Máxima,100,jumbo,https://www.jumbo.cl/toalla-maxima-doble-hoja-100-metros-2011595/p,Toalla de Papel,Doble Hoja,1.0,100,,100.0,Máxima DH 100 mts.x1
TC-229,Nova Ultra Gigante Doble Hoja 70 m 1 un,Nova,70,jumbo,https://www.jumbo.cl/toalla-de-papel-nova-ultra-70-m-1970652/p,Toalla de Papel,Doble Hoja,1.0,70,,78.0,Nova Ultra Gigante DH 70 mts.x1
TC-230,Nova Evolution Mega Rollo Doble Hoja 26 m 2 un,Nova,52,jumbo,https://www.jumbo.cl/toalla-de-papel-nova-evolution-mr-x2-1947749/p,Toalla de Papel,Doble Hoja,2.0,26,,105.0,Nova Evolution Absorb Mega DH 26 mts.x2
TC-231,Favorita Estilo 24 m 2 un,Favorita,48,jumbo,https://www.jumbo.cl/toalla-favorita-estilo-24mt-2un-2025110/p,Toalla de Papel,Doble Hoja,2.0,24,,87.0,Favorita Estilo DH 24 mts.x2
TC-232,Nova Clásica Doble Hoja 40 m 1 un,Nova,40,jumbo,https://www.jumbo.cl/toalla-papel-nova-clasica-4omt-1un-2017217/p,Toalla de Papel,Doble Hoja,1.0,40,,90.0,Nova Clásica XL DH 40 mts.x1
TC-233,Home Care Doble Hoja 12 m 3 un,Home Care,36,jumbo,https://www.jumbo.cl/toalla-home-care-doble-hoja-3-un-x-12-mt-2042444/p,Toalla de Papel,Doble Hoja,3.0,12,,98.0,Home Care DH 12 mts.x3
TC-234,Nova Gigante Clásica Doble Hoja 70 m 1 un,Nova,70,jumbo,https://www.jumbo.cl/toalla-papel-nova-gigante-clasica-70mt-2021823/p,Toalla de Papel,Doble Hoja,1.0,70,,214.0,Nova Gigante Clásica DH 70 mts.x1
TC-235,Favorita Hogar Mega Doble Hoja 100 m 1 un,Favorita,100,jumbo,https://www.jumbo.cl/toalla-de-papel-favorita-hogar-mega-1-unid-100-metros/p,Toalla de Papel,Doble Hoja,1.0,100,,82.0,Favorita Hogar Mega DH 100 mts.x1
TC-236,Home Care Doble Hoja 26 m 2 un,Home Care,52,jumbo,https://www.jumbo.cl/toalla-home-care-doble-hoja-2-un-x-26-mt-2042446/p,Toalla de Papel,Doble Hoja,2.0,26,,99.0,Home Care DH 26 mts.x2
TC-237,Nova Ultra Doble Hoja 14 m 2 un,Nova,28,jumbo,https://www.jumbo.cl/toalla-papel-nova-ultra-14mt-2un-1997285/p,Toalla de Papel,Doble Hoja,2.0,14,,85.0,Nova Ultra DH 14 mts.x2
TC-238,Favorita Extra Hogar Hoja Simple 60 m 2 un,Favorita,120,jumbo,https://www.jumbo.cl/toalla-favorita-extra-hogar-60m-2un-1884769/p,Toalla de Papel,Hoja Simple,2.0,60,,95.0,Favorita Extra Hogar HS 60 mts.x2
TC-239,Máxima Doble Hoja 10 m 2 un,Máxima,20,jumbo,https://www.jumbo.cl/toalla-max-3x10-2067051/p,Toalla de Papel,Doble Hoja,2.0,10,,101.0,Máxima DH 10 mts.x2
TC-240,Home Care Doble Hoja 45 m 1 un,Home Care,45,santaisabel,https://www.santaisabel.cl/toalla-home-care-doble-hoja-45-metros-2042443/p,Toalla de Papel,Doble Hoja,1.0,45,,96.0,Home Care DH 45 mts.x1
TC-241,Abolengo XL Doble Hoja 100 m 1 un,Abolengo,100,santaisabel,https://www.santaisabel.cl/toalla-abolengo-xl-100-mt/p,Toalla de Papel,Doble Hoja,1.0,100,,79.0,Abolengo Xl DH 100 mts.x1
TC-242,Home Care Doble Hoja 12 m 3 un,Home Care,36,santaisabel,https://www.santaisabel.cl/toalla-home-care-doble-hoja-3-un-x-12-mt-2042444/p,Toalla de Papel,Doble Hoja,3.0,12,,98.0,Home Care DH 12 mts.x3
TC-243,Home Care Doble Hoja 100 m 1 un,Home Care,100,santaisabel,https://www.santaisabel.cl/toalla-doble-hoja-home-care-100-metros-2042885/p,Toalla de Papel,Doble Hoja,1.0,100,,97.0,Home Care DH 100 mts.x1
TC-244,Nova Clásica Doble Hoja 12 m 3 un,Nova,36,santaisabel,https://www.santaisabel.cl/toalla-de-papel-nova-clasica-12-m-3-un-2008455/p,Toalla de Papel,Doble Hoja,3.0,12,,80.0,Nova Clásica DH 12 mts.x3
TC-245,Home Care Doble Hoja 26 m 2 un,Home Care,52,santaisabel,https://www.santaisabel.cl/toalla-home-care-doble-hoja-2-un-x-26-mt-2042446/p,Toalla de Papel,Doble Hoja,2.0,26,,99.0,Home Care DH 26 mts.x2
TC-246,Abolengo Doble Hoja 10 m 3 un,Abolengo,30,santaisabel,https://www.santaisabel.cl/toalla-de-papel-abolengo-3-unid-10-mt-c-u/p,Toalla de Papel,Doble Hoja,3.0,10,,86.0,Abolengo Mini DH 10 mts.x3
TC-247,Nova Ultra Doble Hoja 26 m 2 un,Nova,52,santaisabel,https://www.santaisabel.cl/toalla-papel-nova-ultra-dh-26mt-2un-1939056/p,Toalla de Papel,Doble Hoja,2.0,26,,81.0,Nova Ultra DH 26 mts.x2
TC-248,Nova Ultra Gigante Doble Hoja 70 m 1 un,Nova,70,santaisabel,https://www.santaisabel.cl/toalla-de-papel-nova-ultra-70-m-1970652/p,Toalla de Papel,Doble Hoja,1.0,70,,78.0,Nova Ultra Gigante DH 70 mts.x1
TC-249,Nova Gigante Doble Hoja 100 m 1 un,Nova,100,santaisabel,https://www.santaisabel.cl/toalla-de-papel-gigante-doble-hoja-100-m-1923549/p,Toalla de Papel,Doble Hoja,1.0,100,,216.0,Nova Gigante DH 100 mts.x1
TC-250,Nova Gigante Clásica Doble Hoja 70 m 1 un,Nova,70,santaisabel,https://www.santaisabel.cl/toalla-papel-nova-gigante-clasica-70mt-2021823/p,Toalla de Papel,Doble Hoja,1.0,70,,214.0,Nova Gigante Clásica DH 70 mts.x1
TC-251,Elite Deco Maxi Rollo Triple Hoja 20 m 2 un,Elite,40,santaisabel,https://www.santaisabel.cl/toalla-deco-maxi-rollo-20-m-2-un/p,Toalla de Papel,Triple Hoja,2.0,20,,84.0,Elite Deco Maxi TH 20 mts.x2
TC-252,Nova Ultra Doble Hoja 14 m 2 un,Nova,28,santaisabel,https://www.santaisabel.cl/toalla-papel-nova-ultra-14mt-2un-1997285/p,Toalla de Papel,Doble Hoja,2.0,14,,85.0,Nova Ultra DH 14 mts.x2
TC-253,Nova Clásica Doble Hoja 12 m 12 un,Nova,144,santaisabel,https://www.santaisabel.cl/toalla-de-papel-nova-clasica-12-m-12-un-2008456/p,Toalla de Papel,Doble Hoja,12.0,12,,89.0,Nova Clásica DH 12 mts.x12
TC-254,Máxima Doble Hoja 100 m 1 un,Máxima,100,santaisabel,https://www.santaisabel.cl/toalla-maxima-doble-hoja-100-m-2011595/p,Toalla de Papel,Doble Hoja,1.0,100,,100.0,Máxima DH 100 mts.x1
TC-255,Favorita Estilo 24 m 2 un,Favorita,48,santaisabel,https://www.santaisabel.cl/toalla-favorita-estilo-24mt-2un-2025110/p,Toalla de Papel,Doble Hoja,2.0,24,,87.0,Favorita Estilo DH 24 mts.x2
TC-256,Máxima Doble Hoja 10 m 2 un,Máxima,20,santaisabel,https://www.santaisabel.cl/toalla-max-3x10-2067051/p,Toalla de Papel,Doble Hoja,2.0,10,,101.0,Máxima DH 10 mts.x2
TC-257,Swan Clásica Doble Hoja 40 m 1 un,Swan,40,santaisabel,https://www.santaisabel.cl/toalla-papel-swan-2072038/p,Toalla de Papel,Doble Hoja,1.0,40,,93.0,Swan Clásica DH 40 mts.x1
TC-258,Favorita Hogar Mega Doble Hoja 100 m 1 un,Favorita,100,santaisabel,https://www.santaisabel.cl/toalla-de-papel-favorita-hogar-mega-1-unid-100-metros/p,Toalla de Papel,Doble Hoja,1.0,100,,82.0,Favorita Hogar Mega DH 100 mts.x1
TC-259,Scott Multiuso Doble Hoja 19 m 2 un,Scott,38,santaisabel,https://www.santaisabel.cl/toalla-multiuso-2-un-19-m-c-u-1786954/p,Toalla de Papel,Doble Hoja,2.0,19,,110.0,Scott Multiusos DH 20 mts.x2
TC-260,Favorita Extra Hogar Hoja Simple 60 m 2 un,Favorita,120,santaisabel,https://www.santaisabel.cl/toalla-de-papel-extra-hogar-2-un-60-m-1884769/p,Toalla de Papel,Hoja Simple,2.0,60,,95.0,Favorita Extra Hogar HS 60 mts.x2
TC-261,Scott Multiuso 70 m 1 un,Scott,70,santaisabel,https://www.santaisabel.cl/toalla-papel-scott-multiuso-70-m-1-un-2044411/p,Toalla de Papel,Doble Hoja,1.0,70,,,Scott Multiuso DH 70 mts.x1
TC-262,Nova Clásica Mega Gigante Doble Hoja 100 m 1 un,Nova,100,santaisabel,https://www.santaisabel.cl/toalla-papel-2093535/p,Toalla de Papel,Doble Hoja,1.0,100,,83.0,Nova Clásica Mega Gigante DH 100 mts.x1
TC-263,Tottus Doble Hoja 30 m 2 un,Tottus,60,tottus,https://www.tottus.cl/tottus-cl/articulo/116362827/toalla-de-papel-dh-tottus-2-x30-mt/116362828,Toalla de Papel,Doble Hoja,2.0,30,,,Tottus DH 30 mts.x2
TC-264,Abolengo XL Doble Hoja 100 m 1 un,Abolengo,100,tottus,https://www.tottus.cl/tottus-cl/articulo/117637295/tp-abolengo-xl-abolengo-und/117637296,Toalla de Papel,Doble Hoja,1.0,100,,79.0,Abolengo Xl DH 100 mts.x1
TC-265,Nova Ultra Doble Hoja 70 m 1 un,Nova,70,tottus,https://www.tottus.cl/tottus-cl/articulo/124677756/toalla-papel-utra-70m-nova/124677757,Toalla de Papel,Doble Hoja,1.0,70,,78.0,Nova Ultra Gigante DH 70 mts.x1
TC-266,Tottus Doble Hoja 100 m 1 un,Tottus,100,tottus,https://www.tottus.cl/tottus-cl/articulo/110610716/papel-toalla-dh-100mt-tottus-1-und/110610719,Toalla de Papel,Doble Hoja,1.0,100,,,Tottus DH 100 mts.x1
TC-267,Nova Ultra Mega Rollo Doble Hoja 26 m 2 un,Nova,52,tottus,https://www.tottus.cl/tottus-cl/articulo/110621018/toalla-de-papel-nova-ultra-mr-x2/110621019,Toalla de Papel,Doble Hoja,2.0,26,,81.0,Nova Ultra DH 26 mts.x2
TC-268,Swan Clásica Doble Hoja 45 m 1 un,Swan,45,tottus,https://www.tottus.cl/tottus-cl/articulo/129395187/papel-toalla-1x40-clasica-dh-swan/129395188,Toalla de Papel,Doble Hoja,1.0,45,,111.0,Swan Clásica DH 45 mts.x1
TC-269,Elite Deco Maxi Rollo Triple Hoja 20 m 2 un,Elite,40,tottus,https://www.tottus.cl/tottus-cl/articulo/112693248/toalla-papel-elite-und/112693249,Toalla de Papel,Triple Hoja,2.0,20,,84.0,Elite Deco Maxi TH 20 mts.x2
TC-270,Abolengo Doble Hoja 10 m 3 un,Abolengo,30,tottus,https://www.tottus.cl/tottus-cl/articulo/117637291/tp-abolengo-10m-x3-abolengo-und/117637292,Toalla de Papel,Doble Hoja,3.0,10,,86.0,Abolengo Mini DH 10 mts.x3
TC-271,Favorita Estilo Doble Hoja 26 m 2 un,Favorita,52,tottus,https://www.tottus.cl/tottus-cl/articulo/119445658/toalla-de-papel-estilo-favorita-2x24-mt/119445659,Toalla de Papel,Doble Hoja,2.0,26,,87.0,Favorita Estilo DH 24 mts.x2
TC-272,Nova Evolution Doble Hoja 26 m 2 un,Nova,52,tottus,https://www.tottus.cl/tottus-cl/articulo/110611699/toalla-de-papel-nova-evolution-26-mt-x2/110611702,Toalla de Papel,Doble Hoja,2.0,26,,,Nova Evolution DH 26 mts.x2
TC-273,Nova Mega Gigante Doble Hoja 100 m 1 un,Nova,100,tottus,https://www.tottus.cl/tottus-cl/articulo/110613483/toa-papel-gigante-dh-1-rollo-100-mt-nova/110613485,Toalla de Papel,Doble Hoja,1.0,100,,216.0,Nova Gigante DH 100 mts.x1
TC-274,Favorita Mega Doble Hoja 100 m 1 un,Favorita,100,tottus,https://www.tottus.cl/tottus-cl/articulo/113135171/toalla-de-papel-mega-favorita-100-mt/113135173,Toalla de Papel,Doble Hoja,1.0,100,,82.0,Favorita Hogar Mega DH 100 mts.x1
TC-275,Xplend Doble Hoja 100 m 1 un,Xplend,100,tottus,https://www.tottus.cl/tottus-cl/articulo/151075182/toalla-de-papel-dh-100-m-xplend-1-un/151075183,Toalla de Papel,Doble Hoja,1.0,100,,,Xplend DH 100 mts.x1
TC-276,Nova Mega Rollo Doble Hoja 26 m 1 un,Nova,26,tottus,https://www.tottus.cl/tottus-cl/articulo/140114054/toalla-de-papel-mega-rollo-nova-26m/140114055,Toalla de Papel,Doble Hoja,1.0,26,,88.0,Nova Ultra Absorb Mega DH 26 mts.x1
TC-277,Nova Clásica Doble Hoja 12 m 3 un,Nova,36,tottus,https://www.tottus.cl/tottus-cl/articulo/136080602/toalla-de-papel-nova-clasica-12m-x3/136080603,Toalla de Papel,Doble Hoja,3.0,12,,80.0,Nova Clásica DH 12 mts.x3
TC-278,Nova Clásica XL Doble Hoja 40 m 1 un,Nova,40,tottus,https://www.tottus.cl/tottus-cl/articulo/136080689/toalla-de-papel-nova-clasica-40m-x1/136080690,Toalla de Papel,Doble Hoja,1.0,40,,90.0,Nova Clásica XL DH 40 mts.x1
TC-279,Nova Clásica Doble Hoja 12 m 12 un,Nova,144,tottus,https://www.tottus.cl/tottus-cl/articulo/136080675/toalla-de-papel-nova-clasica-12m-x12/136080676,Toalla de Papel,Doble Hoja,12.0,12,,89.0,Nova Clásica DH 12 mts.x12
TC-280,Nova Evolution Doble Hoja 14 m 3 un,Nova,42,tottus,https://www.tottus.cl/tottus-cl/articulo/110613119/toalla-de-papel-nova-evolution-14mt-x3/110613120,Toalla de Papel,Doble Hoja,3.0,14,,,Nova Evolution DH 14 mts.x3
TC-281,Nova Mega Gigante Clásica Doble Hoja 100 m 1 un,Nova,100,tottus,https://www.tottus.cl/tottus-cl/articulo/155967383/toalla-papel-nova-100-mt/155967384,Toalla de Papel,Doble Hoja,1.0,100,,83.0,Nova Clásica Mega Gigante DH 100 mts.x1
TC-282,Nova Gigante Clásica Doble Hoja 70 m 1 un,Nova,70,tottus,https://www.tottus.cl/tottus-cl/articulo/141162935/toalla-de-papel-clasica-nova-70-mt/141162936,Toalla de Papel,Doble Hoja,1.0,70,,214.0,Nova Gigante Clásica DH 70 mts.x1
TC-283,Nova Ultra Doble Hoja 14 m 2 un,Nova,28,tottus,https://www.tottus.cl/tottus-cl/articulo/132845749/toalla-papel-nova-ultra-14m-x-2un/132845750,Toalla de Papel,Doble Hoja,2.0,14,,85.0,Nova Ultra DH 14 mts.x2
TC-284,Xplend Doble Hoja 12 m 3 un,Xplend,36,tottus,https://www.tottus.cl/tottus-cl/articulo/151075272/toalla-de-papel-dh-12-m-xplend-3-un/151075273,Toalla de Papel,Doble Hoja,3.0,12,,,Xplend DH 12 mts.x3
TC-285,Xplend Doble Hoja 26 m 2 un,Xplend,52,tottus,https://www.tottus.cl/tottus-cl/articulo/151075126/toalla-de-papel-dh-26-m-xplend-2-un/151075128,Toalla de Papel,Doble Hoja,2.0,26,,,Xplend DH 26 mts.x2
TC-286,Nova Ultra Doble Hoja 14 m 2 un,Nova,28,alvi,https://www.alvi.cl/product/toalla-papel-ultra-dh-nova-14mtx2,Toalla de Papel,Doble Hoja,2.0,14,,85.0,Nova Ultra DH 14 mts.x2
TC-287,Ovella Gigante Hoja Simple 100 m 1 un,Ovella,100,alvi,https://www.alvi.cl/product/toalla-papel-gigante-hs-ovella-100mtx1-2,Toalla de Papel,Hoja Simple,1.0,100,,219.0,Ovella Gigante HS 100 mts.x1
TC-288,Swan Clásica Doble Hoja 40 m 1 un,Swan,40,alvi,https://www.alvi.cl/product/toalla-papel-clasica-dh-swan-40mtx1-2,Toalla de Papel,Doble Hoja,1.0,40,,93.0,Swan Clásica DH 40 mts.x1
TC-289,Nova Ultra Mega Rollo Doble Hoja 26 m 2 un,Nova,52,alvi,https://www.alvi.cl/product/toalla-papel-megarollo-ultra-nova-2x26mt,Toalla de Papel,Doble Hoja,2.0,26,,81.0,Nova Ultra DH 26 mts.x2
TC-290,Ovella XL Doble Hoja 80 m 1 un,Ovella,80,alvi,https://www.alvi.cl/product/toalla-papel-xl-dh-ovella-80mtx1-2,Toalla de Papel,Doble Hoja,1.0,80,,92.0,Ovella Xl DH 80 mts.x1
TC-291,Nova Ultra Mega Rollo Doble Hoja 26 m 1 un,Nova,26,alvi,https://www.alvi.cl/product/toalla-papel-megarollo-ultra-nova-1x26mt,Toalla de Papel,Doble Hoja,1.0,26,,88.0,Nova Ultra Absorb Mega DH 26 mts.x1
TC-292,Swan Ultra Doble Hoja 70 m 1 un,Swan,70,alvi,https://www.alvi.cl/product/toalla-papel-ultra-dh-swan-70mtx1-2,Toalla de Papel,Doble Hoja,1.0,70,,210.0,Swan Ultra DH 70 mts.x1
TC-293,Elite Maxi Rollo Triple Hoja 20 m 2 un,Elite,40,alvi,https://www.alvi.cl/product/toalla-papel-maxirollo-th-elite-20mtx2,Toalla de Papel,Triple Hoja,2.0,20,,84.0,Elite Deco Maxi TH 20 mts.x2
TC-294,Nova Ultra Gigante Doble Hoja 70 m 1 un,Nova,70,alvi,https://www.alvi.cl/product/toalla-papel-ultra-gigante-dh-nova-70-mt,Toalla de Papel,Doble Hoja,1.0,70,,78.0,Nova Ultra Gigante DH 70 mts.x1
TC-295,Abolengo XL Doble Hoja 100 m 1 un,Abolengo,100,alvi,https://www.alvi.cl/product/toalla-de-papel-xl,Toalla de Papel,Doble Hoja,1.0,100,,79.0,Abolengo Xl DH 100 mts.x1
TC-296,Nubelin Hoja Simple 150 m 1 un,Nubelin,150,alvi,https://www.alvi.cl/product/toalla-de-papel-nubelin-hoja-simple-1-un-de-150-m,Toalla de Papel,Hoja Simple,1.0,150,,107.0,Nubelin HS 150 mts.x1
TC-297,Favorita Hogar Mega Doble Hoja 100 m 1 un,Favorita,100,alvi,https://www.alvi.cl/product/toalla-de-papel-favorita-hogar-mega-doble-hoja-1-un-de-100-m,Toalla de Papel,Doble Hoja,1.0,100,,82.0,Favorita Hogar Mega DH 100 mts.x1
TC-298,Nubelin Doble Hoja 12 m 3 un,Nubelin,36,alvi,https://www.alvi.cl/product/toalla-papel-doble-hoja-nubelin-3x12mt,Toalla de Papel,Doble Hoja,3.0,12,,106.0,Nubelin DH 12 mts.x3
TC-299,Abolengo Doble Hoja 10 m 3 un,Abolengo,30,alvi,https://www.alvi.cl/product/toalla-de-papel-3-un-de-10-m,Toalla de Papel,Doble Hoja,3.0,10,,86.0,Abolengo Mini DH 10 mts.x3
TC-300,Swan Mi Hogar Clásica Doble Hoja 12 m 3 un,Swan,36,alvi,https://www.alvi.cl/product/toalla-papel-dh-mi-hogar-3x12-mt,Toalla de Papel,Doble Hoja,3.0,12,,211.0,Swan Mi Hogar Clásica DH 12 mts.x3
TC-301,Nubelin Doble Hoja 100 m 1 un,Nubelin,100,alvi,https://www.alvi.cl/product/toalla-de-papel-nubelin-doble-hoja-1-u-de-100-m,Toalla de Papel,Doble Hoja,1.0,100,,109.0,Nubelin DH 100 mts.x1
TC-302,Nubelin Doble Hoja 26 m 2 un,Nubelin,52,alvi,https://www.alvi.cl/product/toalla-papel-dh-nubelin-26mtx2-2,Toalla de Papel,Doble Hoja,2.0,26,,108.0,Nubelin DH 26 mts.x2
TC-303,Nova Clásica Doble Hoja 12 m 3 un,Nova,36,alvi,https://www.alvi.cl/product/toalla-papel-clasica-dh-nova-12mtx3,Toalla de Papel,Doble Hoja,3.0,12,,80.0,Nova Clásica DH 12 mts.x3
TC-304,Nova Clásica Doble Hoja 12 m 1 un,Nova,12,alvi,https://www.alvi.cl/product/toalla-papel-clasica-dh-nova-1x12-mt,Toalla de Papel,Doble Hoja,1.0,12,,103.0,Nova Clásica DH 12 mts.x1
TC-305,Merkat Gigante Doble Hoja 100 m 1 un,Merkat,100,alvi,https://www.alvi.cl/product/toalla-papel-gigante-dh-merkat-100mtx1,Toalla de Papel,Doble Hoja,1.0,100,,102.0,Merkat Gigante DH 100 mts.x1
TC-306,Nova Gigante Doble Hoja 100 m 1 un,Nova,100,alvi,https://www.alvi.cl/product/toalla-papel-gigante-dh-nova-1x100-mt,Toalla de Papel,Doble Hoja,1.0,100,,216.0,Nova Gigante DH 100 mts.x1
TC-307,Scott Multiusos Doble Hoja 20 m 2 un,Scott,40,alvi,https://www.alvi.cl/product/toalla-papel-multiusos-scott-2-un-20-m,Toalla de Papel,Doble Hoja,2.0,20,,110.0,Scott Multiusos DH 20 mts.x2
TC-308,Nova Clásica XL Doble Hoja 40 m 1 un,Nova,40,alvi,https://www.alvi.cl/product/toalla-papel-clasica-xl-dh-nova-40mtx1-2,Toalla de Papel,Doble Hoja,1.0,40,,90.0,Nova Clásica XL DH 40 mts.x1
TC-309,Acuenta XL Doble Hoja 100 m 1 un,Acuenta,100,acuenta,https://www.acuenta.cl/p/toalla-de-papel-xl-doble-hoja-100-m-1-un-acuenta-1159106,Toalla de Papel,Doble Hoja,1.0,100,,,Acuenta Xl DH 100 mts.x1
TC-310,Abolengo XL Doble Hoja 100 m 1 un,Abolengo,100,acuenta,https://www.acuenta.cl/p/toalla-de-papel-xl-100-m-1-un-abolengo-853185,Toalla de Papel,Doble Hoja,1.0,100,,79.0,Abolengo Xl DH 100 mts.x1
TC-311,Ovella Doble Hoja 80 m 1 un,Ovella,80,acuenta,https://www.acuenta.cl/p/toalla-de-papel-doble-hoja-80-metros-1-un-ovella-4779121,Toalla de Papel,Doble Hoja,1.0,80,,92.0,Ovella Xl DH 80 mts.x1
TC-312,Nova Doble Hoja 14 m 2 un,Nova,28,acuenta,https://www.acuenta.cl/p/toalla-de-papel-nova-14m-2-un-nova-891014,Toalla de Papel,Doble Hoja,2.0,14,,85.0,Nova Ultra DH 14 mts.x2
TC-313,Lider Super Mega Doble Hoja 26 m 2 un,Lider,52,acuenta,https://www.acuenta.cl/p/toalla-de-papel-super-mega-doble-hoja-26-m-2-un-lider-889607,Toalla de Papel,Doble Hoja,2.0,26,,,Lider Super Mega DH 26 mts.x2
TC-314,Abolengo Clásica Doble Hoja 10 m 3 un,Abolengo,30,acuenta,https://www.acuenta.cl/p/toalla-de-papel-clasica-doble-hoja-10-metros-3-un-abolengo-437437,Toalla de Papel,Doble Hoja,3.0,10,,86.0,Abolengo Mini DH 10 mts.x3
TC-315,Acuenta Clásica Doble Hoja 10 m 3 un,Acuenta,30,acuenta,https://www.acuenta.cl/p/toalla-de-papel-doble-hoja-10-m-clasica-bolsa-3-un-acuenta-877805,Toalla de Papel,Doble Hoja,3.0,10,,,Acuenta Clásica DH 10 mts.x3
TC-316,Favorita Multiuso Doble Hoja 22 m 2 un,Favorita,44,acuenta,https://www.acuenta.cl/p/toalla-de-papel-multiuso-22-metros-2-un-favorita-4686435,Toalla de Papel,Doble Hoja,2.0,22,,94.0,Favorita Multiuso DH 22 mts.x2
TC-317,Nova Gigante Doble Hoja 70 m 1 un,Nova,70,acuenta,https://www.acuenta.cl/p/toalla-de-papel-gigante-doble-hoja-70-m-1-un-nova-4528514,Toalla de Papel,Doble Hoja,1.0,70,,78.0,Nova Ultra Gigante DH 70 mts.x1
TC-318,Lider Tradicional Doble Hoja 12 m 3 un,Lider,36,acuenta,https://www.acuenta.cl/p/toalla-de-papel-tradicional-doble-hoja-12-m-3-un-lider-1142328,Toalla de Papel,Doble Hoja,3.0,12,,,Lider Tradicional DH 12 mts.x3
TC-319,Lider Premium Triple Hoja 20 m 2 un,Lider,40,acuenta,https://www.acuenta.cl/p/toalla-de-papel-premium-triple-hoja-20-metros-2-un-lider-889609,Toalla de Papel,Triple Hoja,2.0,20,,,Lider Premium TH 20 mts.x2
TC-320,Nova Ultra Mega Rollo Doble Hoja 26 m 2 un,Nova,52,acuenta,https://www.acuenta.cl/p/toalla-de-papel-ultra-megarollo-doble-hoja-26-m-2-un-nova-309257,Toalla de Papel,Doble Hoja,2.0,26,,81.0,Nova Ultra DH 26 mts.x2
TC-321,Elite Ultra Absorbente Triple Hoja 20 m 2 un,Elite,40,acuenta,https://www.acuenta.cl/p/toalla-de-papel-ultra-absorbente-triple-hoja-20-m-2-un-elite-309243,Toalla de Papel,Triple Hoja,2.0,20,,84.0,Elite Deco Maxi TH 20 mts.x2
TC-322,Nova Clásica Gigante XL Doble Hoja 40 m 1 un,Nova,40,acuenta,https://www.acuenta.cl/p/toalla-de-papel-clasica-gigante-xl-doble-hoja-40-metros-1-un-nova-1195911,Toalla de Papel,Doble Hoja,1.0,40,,90.0,Nova Clásica XL DH 40 mts.x1
TC-323,Acuenta XL Doble Hoja 70 m 1 un,Acuenta,70,acuenta,https://www.acuenta.cl/p/toalla-de-papel-xl-70-metros-1-un-acuenta-4791741,Toalla de Papel,Doble Hoja,1.0,70,,,Acuenta Xl DH 70 mts.x1
TC-324,Swan Doble Hoja 40 m 1 un,Swan,40,acuenta,https://www.acuenta.cl/p/toalla-de-papel-1-un-swan-4936273,Toalla de Papel,Doble Hoja,1.0,40,,93.0,Swan Clásica DH 40 mts.x1
TC-325,Abolengo XL Doble Hoja 80 m 1 un,Abolengo,80,acuenta,https://www.acuenta.cl/p/toalla-de-papel-xl-80-m-1-un-abolengo-4937740,Toalla de Papel,Doble Hoja,1.0,80,,,Abolengo Xl DH 80 mts.x1
TC-326,Nova Clásica Mega Gigante Doble Hoja 100 m 1 un,Nova,100,acuenta,https://www.acuenta.cl/p/toalla-de-papel-clasica-mega-gigante-100m-1-un-nova-4938081,Toalla de Papel,Doble Hoja,1.0,100,,83.0,Nova Clásica Mega Gigante DH 100 mts.x1
TC-327,Nova Clásica Cocktail 150 un,Nova,,unimarc,https://www.unimarc.cl/product/serv-nova-clasica-cocktail-150-u-22-x-23-cm,Servilletas,Cocktail,,,150.0,67.0,Nova Clásica Cocktail x150
TC-328,Nubelin Cocktail 300 un,Nubelin,,unimarc,https://www.unimarc.cl/product/servilleta-coctel-nubelin-300-un,Servilletas,Cocktail,,,300.0,74.0,Nubelin Cocktail x300
TC-329,Elite Cocktail 200 un,Elite,,unimarc,https://www.unimarc.cl/product/servilleta-elite-coctel-4-x-50-un,Servilletas,Cocktail,,,200.0,60.0,Elite Cocktail x200
TC-330,Elite Mesa 50 un,Elite,,unimarc,https://www.unimarc.cl/product/serv-elite-mesa-blanca-50-u-33-x-33-cm,Servilletas,Mesa,,,50.0,61.0,Elite Blanca Mesa x50
TC-331,Abolengo Cocktail Hoja Simple 40 un,Abolengo,,unimarc,https://www.unimarc.cl/product/servilleta-coctel-abolengo-una-hoja-40-un,Servilletas,Cocktail,,,40.0,59.0,Abolengo Cocktail x40
TC-332,Nubelin Cocktail Hoja Simple 150 un,Nubelin,,unimarc,https://www.unimarc.cl/product/servilleta-coctel-hs-nubelin-150-un,Servilletas,Cocktail,,,150.0,75.0,Nubelin Cocktail x150
TC-333,Nubelin Cocktail 200 un,Nubelin,,unimarc,https://www.unimarc.cl/product/servilleta-coctel-nubelin-200-un,Servilletas,Cocktail,,,200.0,,Nubelin Cocktail x200
TC-334,Nova Clásica Mesa 200 un,Nova,,unimarc,https://www.unimarc.cl/product/servilleta-clasica-mesa-nova-200-un,Servilletas,Mesa,,,200.0,68.0,Nova Clásica Mesa x200
TC-335,Elite Deco Design Mesa 20 un,Elite,,unimarc,https://www.unimarc.cl/product/servilleta-gold-mesa-design-elite-20-un,Servilletas,Mesa,,,20.0,69.0,Elite Fiestas Patrias Mesa x20
TC-336,Elite Mesa 200 un,Elite,,unimarc,https://www.unimarc.cl/product/servilleta-mesa-elite-200-un,Servilletas,Mesa,,,200.0,65.0,Elite Mesa x200
TC-337,Elite Cocktail 50 un,Elite,,unimarc,https://www.unimarc.cl/product/serv-elite-cocktail-blanca-50-u-24x24cm,Servilletas,Cocktail,,,50.0,62.0,Elite Cocktail x50
TC-338,Nova Clásica Cocktail 50 un,Nova,,unimarc,https://www.unimarc.cl/product/servilleta-nova-clasica-coctel-50-un,Servilletas,Cocktail,,,50.0,64.0,Nova Clásica Cocktail x50
TC-339,Elite Cocktail 400 un,Elite,,unimarc,https://www.unimarc.cl/product/serv-elite-cocktail-blanca-400-u-24x24cm,Servilletas,Cocktail,,,400.0,66.0,Elite Cocktail x400
TC-340,Nova Clásica Cocktail 300 un,Nova,,unimarc,https://www.unimarc.cl/product/serv-nova-clasica-cocktail-300-u-22-x-23-cm,Servilletas,Cocktail,,,300.0,58.0,Nova Clásica Cocktail x300
TC-341,Favorita Estilo Cocktail 200 un,Favorita,,unimarc,https://www.unimarc.cl/product/serv-favorita-acolchada-cocktail-200u-24x24cm,Servilletas,Cocktail,,,200.0,63.0,Favorita Estilo Cocktail x200
TC-342,Favorita Práctica Cocktail 200 un,Favorita,,unimarc,https://www.unimarc.cl/product/servilleta-favorita-practica-200-un,Servilletas,Cocktail,,,200.0,220.0,Favorita Práctica Cocktail x200
TC-343,Nubelin Mesa 200 un,Nubelin,,unimarc,https://www.unimarc.cl/product/servilleta-mesa-nubelin-200-un,Servilletas,Mesa,,,200.0,76.0,Nubelin Mesa x200
TC-344,Nubelin Cocktail Hoja Simple 50 un,Nubelin,,unimarc,https://www.unimarc.cl/product/servilleta-coctel-blanca-nubelin-50-un,Servilletas,Cocktail,,,50.0,,Nubelin Cocktail x50
TC-345,Elite Mesa 200 un,Elite,,jumbo,https://www.jumbo.cl/pan-ciabatta-rustico-jumbo-granel/p,Servilletas,Mesa,,,200.0,65.0,Elite Mesa x200
TC-346,Elite Cocktail 400 un,Elite,,jumbo,https://www.jumbo.cl/servilleta-elite-2069595/p,Servilletas,Cocktail,,,400.0,66.0,Elite Cocktail x400
TC-347,Elite Fiestas Patrias Mesa 20 un,Elite,,jumbo,https://www.jumbo.cl/servilleta-elite-fiestas-patrias-20un-1932490/p,Servilletas,Mesa,,,20.0,69.0,Elite Fiestas Patrias Mesa x20
TC-348,Nova Clásica Cocktail 300 un,Nova,,jumbo,https://www.jumbo.cl/servilleta-nova-2069596/p,Servilletas,Cocktail,,,300.0,58.0,Nova Clásica Cocktail x300
TC-349,Nova Clásica Cocktail 150 un,Nova,,jumbo,https://www.jumbo.cl/servilletas-de-papel-nova-para-coctel-150-unid/p,Servilletas,Cocktail,,,150.0,67.0,Nova Clásica Cocktail x150
TC-350,Elite Cocktail 200 un,Elite,,jumbo,https://www.jumbo.cl/servilleta-elite-c-2086277/p,Servilletas,Cocktail,,,200.0,60.0,Elite Cocktail x200
TC-351,Favorita Práctica Cocktail 300 un,Favorita,,jumbo,https://www.jumbo.cl/serv-favorita-practica-cocktail-300un-2001355/p,Servilletas,Cocktail,,,300.0,220.0,Favorita Práctica Cocktail x200
TC-352,Elite Cocktail Hoja Simple 50 un,Elite,,jumbo,https://www.jumbo.cl/servilletas-de-papel-elite-una-hoja-50-unid/p,Servilletas,Cocktail,,,50.0,62.0,Elite Cocktail x50
TC-353,Home Care Cocktail 300 un,Home Care,,jumbo,https://www.jumbo.cl/servilletas-home-care-23-x-22-cm-300-un-2042883/p,Servilletas,Cocktail,,,300.0,70.0,Home Care Cocktail x300
TC-354,Home Care Mesa 200 un,Home Care,,jumbo,https://www.jumbo.cl/servilleta-home-care-mesa-200-un-2042445/p,Servilletas,Mesa,,,200.0,,Home Care Mesa x200
TC-355,Elite Mesa 50 un,Elite,,jumbo,https://www.jumbo.cl/servilleta-elite-2088659/p,Servilletas,Mesa,,,50.0,61.0,Elite Blanca Mesa x50
TC-356,Nova Clásica Mesa 200 un,Nova,,jumbo,https://www.jumbo.cl/serv-nova-clasica-mesa-200un-1885824/p,Servilletas,Mesa,,,200.0,68.0,Nova Clásica Mesa x200
TC-357,Favorita Estilo Cocktail 200 un,Favorita,,jumbo,https://www.jumbo.cl/servilletas-de-papel-favorita-200-unid-24-x-24-cm-c-u-pack-familiar/p,Servilletas,Cocktail,,,200.0,63.0,Favorita Estilo Cocktail x200
TC-358,Home Care Cocktail 50 un,Home Care,,jumbo,https://www.jumbo.cl/servilletas-home-care-23-x-22-cm-50-un-2042884/p,Servilletas,Cocktail,,,50.0,71.0,Home Care Cocktail x50
TC-359,Nova Clásica Cocktail 50 un,Nova,,jumbo,https://www.jumbo.cl/servilletas-de-papel-nova-para-coctel-blancas-50-unid/p,Servilletas,Cocktail,,,50.0,64.0,Nova Clásica Cocktail x50
TC-360,Favorita Práctica Cocktail 200 un,Favorita,,jumbo,https://www.jumbo.cl/servilletas-de-papel-favorita-200-unid/p,Servilletas,Cocktail,,,200.0,220.0,Favorita Práctica Cocktail x200
TC-361,Elite Deco Design Formas Mesa 20 un,Elite,,jumbo,https://www.jumbo.cl/servilleta-elite-deco-design-2-mesa-20-unid/p,Servilletas,Mesa,,,20.0,69.0,Elite Fiestas Patrias Mesa x20
TC-362,Elite Deco Design Globos Mesa 20 un,Elite,,jumbo,https://www.jumbo.cl/servilleta-elite-deco-design-1-globos-mesa-20-unid/p,Servilletas,Mesa,,,20.0,69.0,Elite Fiestas Patrias Mesa x20
TC-363,Máxima Cocktail 250 un,Máxima,,jumbo,https://www.jumbo.cl/serv-max-250u-2067052/p,Servilletas,Cocktail,,,250.0,72.0,Máxima Cocktail x250
TC-364,Máxima Cocktail 80 un,Máxima,,jumbo,https://www.jumbo.cl/serv-max-80u-2066377/p,Servilletas,Cocktail,,,80.0,73.0,Máxima Cocktail x80
TC-365,Nova Clásica Cocktail Hoja Simple 150 un,Nova,,tottus,https://www.tottus.cl/tottus-cl/articulo/110609731/servilleta-cocktail-clasica150-un-nova/110609732,Servilletas,Cocktail,,,150.0,67.0,Nova Clásica Cocktail x150
TC-366,Elite Mesa 200 un,Elite,,tottus,https://www.tottus.cl/tottus-cl/articulo/110613241/servilleta-elite-mesa-x200/110613242,Servilletas,Mesa,,,200.0,65.0,Elite Mesa x200
TC-367,Favorita Práctica Cocktail 200 un,Favorita,,tottus,https://www.tottus.cl/tottus-cl/articulo/110616224/serv-favorita-practica-x-200-uni/110616225,Servilletas,Cocktail,,,200.0,204.0,Favorita Clásica Cocktail x50
TC-368,Nova Clásica Mesa 200 un,Nova,,tottus,https://www.tottus.cl/tottus-cl/articulo/117902038/servilleta-nova-mesa-x200/117902040,Servilletas,Mesa,,,200.0,68.0,Nova Clásica Mesa x200
TC-369,Abolengo Cocktail 40 un,Abolengo,,tottus,https://www.tottus.cl/tottus-cl/articulo/117637237/se-abolengo-coctel-x40-abolengo-und/117637238,Servilletas,Cocktail,,,40.0,59.0,Abolengo Cocktail x40
TC-370,Elite Cocktail Hoja Simple 50 un,Elite,,tottus,https://www.tottus.cl/tottus-cl/articulo/112737585/servilleta-cocktail-uh-50-unid-elite/112737586,Servilletas,Cocktail,,,50.0,62.0,Elite Cocktail x50
TC-371,Favorita Clásica Cocktail 50 un,Favorita,,tottus,https://www.tottus.cl/tottus-cl/articulo/115659016/serv-favorita-clasica-cock-x-50-uni/115659018,Servilletas,Cocktail,,,50.0,204.0,Favorita Clásica Cocktail x50
TC-372,Favorita Estilo Cocktail 200 un,Favorita,,tottus,https://www.tottus.cl/tottus-cl/articulo/124738531/serv-estilo-favorita-cocktail-200un/124738532,Servilletas,Cocktail,,,200.0,63.0,Favorita Estilo Cocktail x200
TC-373,Xplend Mesa 200 un,Xplend,,tottus,https://www.tottus.cl/tottus-cl/articulo/150386593/servilleta-mesa-200un-xplend/150386594,Servilletas,Mesa,,,200.0,,Xplend Mesa x200
TC-374,Xplend Cocktail 200 un,Xplend,,tottus,https://www.tottus.cl/tottus-cl/articulo/150386596/servilleta-coctel-200-un-xplend/150386598,Servilletas,Cocktail,,,200.0,,Xplend Cocktail x200
TC-375,Xplend Cocktail 300 un,Xplend,,tottus,https://www.tottus.cl/tottus-cl/articulo/150386677/servilleta-coctel-300un-xplend/150386678,Servilletas,Cocktail,,,300.0,,Xplend Cocktail x300
TC-376,Xplend Cocktail 50 un,Xplend,,tottus,https://www.tottus.cl/tottus-cl/articulo/150386589/servilleta-coctel-50-un-xplend/150386590,Servilletas,Cocktail,,,50.0,,Xplend Cocktail x50
TC-377,Elite Mesa 50 un,Elite,,tottus,https://www.tottus.cl/tottus-cl/articulo/155967435/servilletas-elite-50-un/155967436,Servilletas,Mesa,,,50.0,61.0,Elite Blanca Mesa x50
TC-378,Nova Clásica Cocktail 300 un,Nova,,tottus,https://www.tottus.cl/tottus-cl/articulo/151933038/servilleta-coctel-nova-300-un/151933039,Servilletas,Cocktail,,,300.0,58.0,Nova Clásica Cocktail x300
TC-379,Elite Cocktail 400 un,Elite,,tottus,https://www.tottus.cl/tottus-cl/articulo/151933058/servilleta-coctel-elite-400-un/151933059,Servilletas,Cocktail,,,400.0,66.0,Elite Cocktail x400
TC-380,Nova Clásica Cocktail 150 un,Nova,,santaisabel,https://www.santaisabel.cl/servilletas-de-papel-nova-para-coctel-150-unid/p,Servilletas,Cocktail,,,150.0,67.0,Nova Clásica Cocktail x150
TC-381,Home Care Cocktail 300 un,Home Care,,santaisabel,https://www.santaisabel.cl/servilletas-home-care-23-x-22-cm-300-un-2042883/p,Servilletas,Cocktail,,,300.0,70.0,Home Care Cocktail x300
TC-382,Máxima Cocktail 250 un,Máxima,,santaisabel,https://www.santaisabel.cl/serv-max-250u-2067052/p,Servilletas,Cocktail,,,250.0,72.0,Máxima Cocktail x250
TC-383,Abolengo Cocktail 40 un,Abolengo,,santaisabel,https://www.santaisabel.cl/servilleta-abolengo-mini/p,Servilletas,Cocktail,,,40.0,59.0,Abolengo Cocktail x40
TC-384,Home Care Cocktail 50 un,Home Care,,santaisabel,https://www.santaisabel.cl/servilletas-home-care-23-x-22-cm-50-un/p,Servilletas,Cocktail,,,50.0,71.0,Home Care Cocktail x50
TC-385,Elite Mesa 200 un,Elite,,santaisabel,https://www.santaisabel.cl/servilleta-mesa-200-un-1885823/p,Servilletas,Mesa,,,200.0,65.0,Elite Mesa x200
TC-386,Elite Mesa Blanca 50 un,Elite,,santaisabel,https://www.santaisabel.cl/servilletas-de-papel-elite-mesa-blanca-de-33-cm-x-33-cm-50-unidades/p,Servilletas,Mesa,,,50.0,61.0,Elite Blanca Mesa x50
TC-387,Máxima Cocktail 80 un,Máxima,,santaisabel,https://www.santaisabel.cl/serv-max-80u-2066377/p,Servilletas,Cocktail,,,80.0,73.0,Máxima Cocktail x80
TC-388,Favorita Práctica Cocktail 200 un,Favorita,,santaisabel,https://www.santaisabel.cl/servilletas-de-papel-favorita-200-unid/p,Servilletas,Cocktail,,,200.0,220.0,Favorita Práctica Cocktail x200
TC-389,Nova Clásica Cocktail 50 un,Nova,,santaisabel,https://www.santaisabel.cl/servilletas-de-papel-nova-para-coctel-blancas-50-unid/p,Servilletas,Cocktail,,,50.0,64.0,Nova Clásica Cocktail x50
TC-390,Elite Cocktail Hoja Simple 50 un,Elite,,santaisabel,https://www.santaisabel.cl/servilletas-de-papel-elite-una-hoja-50-unid/p,Servilletas,Cocktail,,,50.0,62.0,Elite Cocktail x50
TC-391,Elite Cocktail 200 un,Elite,,santaisabel,https://www.santaisabel.cl/servilleta-elite-c-2086277/p,Servilletas,Cocktail,,,200.0,60.0,Elite Cocktail x200
TC-392,Favorita Estilo Cocktail 200 un,Favorita,,santaisabel,https://www.santaisabel.cl/servilletas-de-papel-favorita-200-unid-24-x-24-cm-c-u-pack-familiar/p,Servilletas,Cocktail,,,200.0,63.0,Favorita Estilo Cocktail x200
TC-393,Favorita Cocktail 50 un,Favorita,,santaisabel,https://www.santaisabel.cl/servilletas-de-papel-blancas-favorita-50-unid-2/p,Servilletas,Cocktail,,,50.0,204.0,Favorita Clásica Cocktail x50
TC-394,Elite Fiestas Patrias Mesa 20 un,Elite,,santaisabel,https://www.santaisabel.cl/servilleta-elite-fiestas-patrias-20un-1932490/p,Servilletas,Mesa,,,20.0,69.0,Elite Fiestas Patrias Mesa x20
TC-395,Elite Mesa 50 un,Elite,,santaisabel,https://www.santaisabel.cl/servilleta-elite-2088659/p,Servilletas,Mesa,,,50.0,61.0,Elite Blanca Mesa x50
TC-396,Nubelin Cocktail 400 un,Nubelin,,alvi,https://www.alvi.cl/product/servilleta-coctel-nubelin-400-un,Servilletas,Cocktail,,,400.0,,Nubelin Cocktail x400
TC-397,Nova Clásica Cocktail Hoja Simple 300 un,Nova,,alvi,https://www.alvi.cl/product/servilleta-nova-coctel-300-un,Servilletas,Cocktail,,,300.0,58.0,Nova Clásica Cocktail x300
TC-398,Ovella Cocktail Clásica 300 un,Ovella,,alvi,https://www.alvi.cl/product/servilleta-coctel-clasica-ovella-300-un-2,Servilletas,Cocktail,,,300.0,77.0,Ovella Clásica Cocktail x300
TC-399,Swan Clásica Cocktail 300 un,Swan,,alvi,https://www.alvi.cl/product/servilleta-clasica-swan-300-un-2,Servilletas,Cocktail,,,300.0,213.0,Swan Clásica Cocktail x300
TC-400,Nova Clásica Cocktail Hoja Simple 150 un,Nova,,alvi,https://www.alvi.cl/product/servilletas-clasica-cocktail-2,Servilletas,Cocktail,,,150.0,67.0,Nova Clásica Cocktail x150
TC-401,Nubelin Cocktail 300 un,Nubelin,,alvi,https://www.alvi.cl/product/servilleta-coctel-nubelin-300-un,Servilletas,Cocktail,,,300.0,74.0,Nubelin Cocktail x300
TC-402,Favorita Práctica Cocktail 200 un,Favorita,,alvi,https://www.alvi.cl/product/servilleta-practica-cock-favorita-200un,Servilletas,Cocktail,,,200.0,220.0,Favorita Práctica Cocktail x200
TC-403,Abolengo Cocktail Hoja Simple 40 un,Abolengo,,alvi,https://www.alvi.cl/product/servilleta-coctel-una-hoja,Servilletas,Cocktail,,,40.0,59.0,Abolengo Cocktail x40
TC-404,Favorita Clásica Cocktail 50 un,Favorita,,alvi,https://www.alvi.cl/product/servilletas-clasica-cocktail,Servilletas,Cocktail,,,50.0,204.0,Favorita Clásica Cocktail x50
TC-405,Nubelin Cocktail Hoja Simple 150 un,Nubelin,,alvi,https://www.alvi.cl/product/servilleta-coctel-hs-nubelin-150-un,Servilletas,Cocktail,,,150.0,75.0,Nubelin Cocktail x150
TC-406,Nubelin Mesa 200 un,Nubelin,,alvi,https://www.alvi.cl/product/servilleta-mesa-nubelin-200-un,Servilletas,Mesa,,,200.0,76.0,Nubelin Mesa x200
TC-407,Nova Clásica Mesa Hoja Simple 200 un,Nova,,alvi,https://www.alvi.cl/product/servilleta-clasica-mesa,Servilletas,Mesa,,,200.0,68.0,Nova Clásica Mesa x200
TC-408,Elite Cocktail 200 un,Elite,,alvi,https://www.alvi.cl/product/servilletas-cocktail,Servilletas,Cocktail,,,200.0,60.0,Elite Cocktail x200
TC-409,Elite Mesa 50 un,Elite,,alvi,https://www.alvi.cl/product/servilletas-mesa,Servilletas,Mesa,,,50.0,61.0,Elite Blanca Mesa x50
TC-410,Elite Cocktail 400 un,Elite,,acuenta,https://www.acuenta.cl/p/servilletas-coctel-24x24-cm-400-un-elite-113664,Servilletas,Cocktail,,,400.0,66.0,Elite Cocktail x400
TC-411,Nova Clásica Cocktail 180 un,Nova,,acuenta,https://www.acuenta.cl/p/servilleta-clasica-coctel-x-180-180-un-nova-4938084,Servilletas,Cocktail,,,180.0,,Nova Clásica Cocktail x180
TC-412,Nova Cocktail 300 un,Nova,,acuenta,https://www.acuenta.cl/p/servilletas-coctel-23x22-cm-300-un-nova-294839,Servilletas,Cocktail,,,300.0,58.0,Nova Clásica Cocktail x300
TC-413,Acuenta Cocktail 150 un,Acuenta,,acuenta,https://www.acuenta.cl/p/servilletas-coctel-23x22-cm-150-un-acuenta-4922003,Servilletas,Cocktail,,,150.0,,Acuenta Cocktail x150
TC-414,Elite Cocktail 220 un,Elite,,acuenta,https://www.acuenta.cl/p/servilletas-coctel-24x24-cm-220-un-elite-517312,Servilletas,Cocktail,,,220.0,66.0,Elite Cocktail x400
TC-415,Acuenta Cocktail 300 un,Acuenta,,acuenta,https://www.acuenta.cl/p/servilletas-coctel-23x22-cm-300-un-acuenta-4922006,Servilletas,Cocktail,,,300.0,,Acuenta Cocktail x300
TC-416,Abolengo Cocktail 40 un,Abolengo,,acuenta,https://www.acuenta.cl/p/servilleta-coctel-40-u-abolengo-560484,Servilletas,Cocktail,,,40.0,59.0,Abolengo Cocktail x40
TC-417,Lider Mesa 200 un,Lider,,acuenta,https://www.acuenta.cl/p/servilletas-mesa-33x33-cm-200-un-lider-759108,Servilletas,Mesa,,,200.0,,Lider Mesa x200
TC-418,Nova Clásica Mesa 200 un,Nova,,acuenta,https://www.acuenta.cl/p/servilletas-mesa-33x33-cm-200-un-nova-1146124,Servilletas,Mesa,,,200.0,68.0,Nova Clásica Mesa x200
TC-419,Lider Cocktail 50 un,Lider,,acuenta,https://www.acuenta.cl/p/servilletas-coctel-23x24-cm-50-un-lider-9555,Servilletas,Cocktail,,,50.0,,Lider Cocktail x50
TC-420,PAPEL HIGIENICO 22MT 4UN CONFORT MANGAx12,Confort,88,centralmayorista,https://www.centralmayorista.cl/p/papel-higienico-22mt-4un-confort-mangax12-637453,Papel Higienico,Doble Hoja,4.0,22,12.0,16.0,Confort DH 22 mts.x4
TC-421,PAPEL HIGIENICO 30MT 4UN CONFORT MANGAx12,Confort,120,centralmayorista,https://www.centralmayorista.cl/p/papel-higienico-30mt-4un-confort-mangax12-546190,Papel Higienico,Doble Hoja,4.0,30,12.0,6.0,Confort DH 30 mts.x4
TC-422,PAPEL HIGIENICO 22MT 6UN NOBLE MANGAx10,Noble,132,centralmayorista,https://www.centralmayorista.cl/p/papel-higienico-22mt-6un-noble-mangax10-753133,Papel Higienico,Doble Hoja,6.0,22,10.0,39.0,Noble DH 22 mts.x6
TC-423,PAPEL HIGIENICO 4UN 50MT ELITE MANGAx8,Elite,200,centralmayorista,https://www.centralmayorista.cl/p/papel-higienico-4un-50mt-elite-mangax8-614264,Papel Higienico,Doble Hoja,4.0,50,8.0,1.0,Elite Ultra DH 50 mts.x4
TC-424,PAPEL HIGIENIC DOBLE HOJA 21MT 4UN SCOTT MANGAx12,Scott,84,centralmayorista,https://www.centralmayorista.cl/p/papel-higienic-doble-hoja-21mt-4un-scott-mangax12-5046068,Papel Higienico,Doble Hoja,4.0,21,12.0,52.0,Scott Rindemax DH 21 mts.x4
TC-425,PAPEL HIGIENICO 23MT 4UN NOBLE MANGAx10,Noble,92,centralmayorista,https://www.centralmayorista.cl/p/papel-higienico-23mt-4un-noble-mangax10-760732,Papel Higienico,Doble Hoja,4.0,23,10.0,9.0,Noble DH 23 mts.x4
TC-426,Papel Higienico 50mt 12un Confort Manga x4,Confort,600,centralmayorista,https://www.centralmayorista.cl/p/papel-higienico-50mt-12un-confort-mangax4-442649,Papel Higienico,Doble Hoja,12.0,50,4.0,17.0,Confort DH 50 mts.x12
TC-427,Papel Higienico 4un 25mt Elite Manga x12,Elite,100,centralmayorista,https://www.centralmayorista.cl/p/papel-higienico-4un-25mt-elite-mangax12-5094560,Papel Higienico,Doble Hoja,4.0,25,12.0,3.0,Elite Ultra DH 25 mts.x4
TC-428,Papel Higienico DH 4un 18mt Florax Manga x12,Florax,72,centralmayorista,https://www.centralmayorista.cl/p/papel-higienico-doble-hoja-4un-18mt-mangax12-625279,Papel Higienico,Doble Hoja,4.0,18,12.0,,Florax DH 18 mts.x4
TC-429,Papel Higienico DH 22mt 4un Ovella Manga x12,Ovella,88,centralmayorista,https://www.centralmayorista.cl/p/papel-higienico-dh-22mt-4un-ovella-mangax12-5120868,Papel Higienico,Doble Hoja,4.0,22,12.0,48.0,Ovella DH 22 mts.x4
TC-430,Papel Higienico DH 50mt 4un Ovella Manga x8,Ovella,200,centralmayorista,https://www.centralmayorista.cl/p/papel-higienico-dh-50mt-4un-ovella-mangax8-5120987,Papel Higienico,Doble Hoja,4.0,50,8.0,49.0,Ovella DH 50 mts.x4
TC-431,Papel Higienico 50mt 4un Noble Manga x8,Noble,200,centralmayorista,https://www.centralmayorista.cl/p/papel-higienico-50mt-4un-noble-mangax8-5139294,Papel Higienico,Doble Hoja,4.0,50,8.0,40.0,Noble DH 50 mts.x4
TC-432,Papel Higienico Ultra 2H 50mt 8un Elite Manga x4,Elite,400,centralmayorista,https://www.centralmayorista.cl/p/papel-higenico-ultra-2h-50mt-8un-elite-mangax4-5139423,Papel Higienico,Doble Hoja,8.0,50,4.0,2.0,Elite Ultra DH 50 mts.x8
TC-433,Papel Higienico Acolchado 22mt 9un Favorita Manga x4,Favorita,198,centralmayorista,https://www.centralmayorista.cl/p/papel-higenico-acolcha-22mt-9un-favorita-mangax4-5140188,Papel Higienico,Doble Hoja,9.0,22,4.0,,Favorita Acolchado DH 22 mts.x9
TC-434,Papel Higienico Florax 50mt DH Manga x8,Florax,200,centralmayorista,https://www.centralmayorista.cl/p/ph-florax-50mt-dh-mangax8-5082957,Papel Higienico,Doble Hoja,4.0,50,8.0,,Florax DH 50 mts.x4
TC-435,Papel Higienico DH 21mt 6un Scott Manga x8,Scott,126,centralmayorista,https://www.centralmayorista.cl/p/papel-higienic-doble-hoja-21mt-6un-scott-mangax8-5046069,Papel Higienico,Doble Hoja,6.0,21,8.0,203.0,Scott Aromas DH 22 mts.x6
TC-436,Papel Higienico 2H 20mt 16un Elite Pro,Elite,320,centralmayorista,https://www.centralmayorista.cl/p/papel-higienico-2h-20mt-16un-elite-pro-5148588,Papel Higienico,Doble Hoja,16.0,20,,,Elite Pro DH 20 mts.x16
TC-437,Papel Higienico 300m 6un Rendipel Pro,Rendipel,1800,centralmayorista,https://www.centralmayorista.cl/p/papel-higienico-300m-6un-rendipel-pro-117130,Papel Higienico,Hoja Simple,6.0,300,,207.0,Rendipel Pro HS 300 mts.x6
TC-438,Papel Higienico 500mt 4un Elite Professional,Elite,2000,centralmayorista,https://www.centralmayorista.cl/p/papel-higienico-500mt-4un-elite-professi-5046070,Papel Higienico,Hoja Simple,4.0,500,,202.0,Elite Professional HS 500 mts.x4
TC-439,TOALLA PAPEL CLASICA 70MT NOVA MANGAx8,Nova,70,centralmayorista,https://www.centralmayorista.cl/p/toalla-papel-clasica-70mt-nova-mangax8-5139293,Toalla de Papel,Hoja Simple,1.0,70,8.0,214.0,Nova Gigante Clásica DH 70 mts.x1
TC-440,TOALLA PAPEL DOBLE HOJA 70M NOVA MANGAx8,Nova,70,centralmayorista,https://www.centralmayorista.cl/p/toalla-papel-doble-hoja-70m-nova-mangax8-5042830,Toalla de Papel,Doble Hoja,1.0,70,8.0,78.0,Nova Ultra Gigante DH 70 mts.x1
TC-441,TOALLA PAPEL MINI 12.5MT 3UN ABOLENGO MANGAx8,Abolengo,37.5,centralmayorista,https://www.centralmayorista.cl/p/toalla-papel-mini-125mt-3un-abolengo-mangax8-508263,Toalla de Papel,Hoja Simple,3.0,12.5,8.0,86.0,Abolengo Mini DH 10 mts.x3
TC-442,TOALLA PAPEL XL 100MT ABOLENGO MANGAx6,Abolengo,100,centralmayorista,https://www.centralmayorista.cl/p/toalla-papel-xl-100mt-abolengo-mangax6-689095,Toalla de Papel,Hoja Simple,1.0,100,6.0,79.0,Abolengo Xl DH 100 mts.x1
TC-443,TOALLA PAPEL DECO 20MT 2UN ELITE MANGAx10,Elite,40,centralmayorista,https://www.centralmayorista.cl/p/toalla-papel-deco-20mt-2un-elite-mangax10-807670,Toalla de Papel,Doble Hoja,2.0,20,10.0,91.0,Elite Deco Maxi DH 20 mts.x2
TC-444,TOALLA PAPEL ULTRA 26MT 2UN NOVA MANGAx8,Nova,52,centralmayorista,https://www.centralmayorista.cl/p/toalla-papel-ultra-26mt-2un-nova-mangax8-127544,Toalla de Papel,Doble Hoja,2.0,26,8.0,81.0,Nova Ultra DH 26 mts.x2
TC-445,TOALLA PAPEL XL 100MTS SMART PRICE MANGAx6,Smart Price,100,centralmayorista,https://www.centralmayorista.cl/p/toalla-papel-xl-100mts-smart-price-mangax6-5085402,Toalla de Papel,Hoja Simple,1.0,100,6.0,,Smart Price Xl HS 100 mts.x1
TC-446,TOALLA PAPEL 160MT 2UN FLORAX PACKx1,Florax,320,centralmayorista,https://www.centralmayorista.cl/p/toalla-papel-160mt-2un-packx1-700904,Toalla de Papel,Hoja Simple,2.0,160,,,Florax HS 160 mts.x2
TC-447,TOALLA PAPEL 190MT 2UN RENDIPEL PRO,Rendipel,380,centralmayorista,https://www.centralmayorista.cl/p/toalla-papel-190mt-2un-rendipel-pro-106903,Toalla de Papel,Hoja Simple,2.0,190,,206.0,Rendipel Pro HS 190 mts.x2
TC-448,TOALLA PAPEL ULTRA 26MT 1UN NOVA MANGAx16,Nova,26,centralmayorista,https://www.centralmayorista.cl/p/toalla-papel-ultra-26mt-1un-nova-mangax16-127543,Toalla de Papel,Doble Hoja,1.0,26,16.0,88.0,Nova Ultra Absorb Mega DH 26 mts.x1
TC-449,TOALLA DE PAPEL DH 1X80MT OVELLA MANGAx6,Ovella,80,centralmayorista,https://www.centralmayorista.cl/p/toalla-de-papel-dh-1x80mt-ovella-mangax6-5118922,Toalla de Papel,Doble Hoja,1.0,80,6.0,92.0,Ovella Xl DH 80 mts.x1
TC-450,TOALLA PAPEL CLASICA 12MT 1UN NOVA MANGAx24,Nova,12,centralmayorista,https://www.centralmayorista.cl/p/toalla-papel-clasica-12mt-1un-nova-mangax24-5075391,Toalla de Papel,Hoja Simple,1.0,12,24.0,103.0,Nova Clásica DH 12 mts.x1
TC-451,TOALLA PAPEL CLASICA 12MT 3UN NOVA MANGAx8,Nova,36,centralmayorista,https://www.centralmayorista.cl/p/toalla-papel-clasica-12mt-3un-nova-mangax8-5075392,Toalla de Papel,Hoja Simple,3.0,12,8.0,80.0,Nova Clásica DH 12 mts.x3
TC-452,TOALLA PAPEL 1H 250MT 2UN ELITE PRO,Elite,500,centralmayorista,https://www.centralmayorista.cl/p/toalla-papel-1h-250mt-2un-elite-pro-5139282,Toalla de Papel,Hoja Simple,2.0,250,,205.0,Elite Pro HS 250 mts.x2
TC-453,Toalla de Papel Pro x1 170mt Rendipel,Rendipel,170,centralmayorista,https://www.centralmayorista.cl/p/toalla-de-papel-pro-x1-170mt-rendipel-5101573,Toalla de Papel,Hoja Simple,1.0,170,,,Rendipel Pro HS 170 mts.x1
TC-454,Nova Cocktail 300 un,Nova,,centralmayorista,https://www.centralmayorista.cl/p/servilleta-cocktail-300un-nova-665043,Servilletas,Cocktail,,,300.0,58.0,Nova Clásica Cocktail x300
TC-455,Smart Price Cocktail 40 un,Smart Price,,centralmayorista,https://www.centralmayorista.cl/p/servilleta-coctel-40-un-smart-price-5085401,Servilletas,Cocktail,,,40.0,,Smart Price Cocktail x40
TC-456,Elite Cocktail 50 un,Elite,,centralmayorista,https://www.centralmayorista.cl/p/servilleta-coctel-50un-elite-503599,Servilletas,Cocktail,,,50.0,62.0,Elite Cocktail x50
TC-457,Nova Cocktail 300 un (2),Nova,,centralmayorista,https://www.centralmayorista.cl/p/servilleta-cocktail-300un-nova-5139034,Servilletas,Cocktail,,,300.0,58.0,Nova Clásica Cocktail x300
TC-458,Elite Professional Mesa 500 un,Elite,,centralmayorista,https://www.centralmayorista.cl/p/servill-mesa-una-hoja-500un-elite-prof-148735,Servilletas,Mesa,,,500.0,,Elite Professional Mesa x500
TC-459,Elite Professional Express Dispensador 250 un,Elite,,centralmayorista,https://www.centralmayorista.cl/p/servilleta-express-250un-elite-pro-5046072,Servilletas,Dispensador,,,250.0,,Elite Professional Express Dispensador x250
TC-460,Abolengo Cocktail 40 un,Abolengo,,centralmayorista,https://www.centralmayorista.cl/p/servilleta-cocktail-40un-abolengo-674995,Servilletas,Cocktail,,,40.0,59.0,Abolengo Cocktail x40
TC-461,Nova Cocktail 50 un,Nova,,centralmayorista,https://www.centralmayorista.cl/p/servilleta-cocktail-50un-nova-5046073,Servilletas,Cocktail,,,50.0,64.0,Nova Clásica Cocktail x50
TC-462,Smart Price Cocktail 300 un,Smart Price,,centralmayorista,https://www.centralmayorista.cl/p/servilleta-cocktail-300un-smart-price-5142206,Servilletas,Cocktail,,,300.0,,Smart Price Cocktail x300
TC-463,Elite Professional Cocktail 160 un,Elite,,centralmayorista,https://www.centralmayorista.cl/p/servilleta-coctel-160un-elite-professi-5144701,Servilletas,Cocktail,,,160.0,,Elite Professional Cocktail x160
TC-464,Elite Papel Higienico Doble Hoja Ultra 4 Rollos 50 Metros,Elite,200,liquimax,https://www.liquimax.cl/products/papel-higienico-elite-doble-hoja-ultra-4-un-50-mt,Papel Higienico,Doble Hoja,4.0,50,,1.0,Elite Ultra DH 50 mts.x4
TC-465,Confort Papel Higienico Una Hoja 12 Unidades 50 Metros,Confort,600,liquimax,https://www.liquimax.cl/products/papel-higienico-confort-una-hoja-12-un-50-mt,Papel Higienico,Hoja Simple,12.0,50,,21.0,Confort HS 50 mts.x12
TC-466,Confort Papel Higienico Una Hoja 4 Unidades 100 Metros,Confort,400,liquimax,https://www.liquimax.cl/products/papel-higienico-confort-una-hoja-max-4-un-100-mt,Papel Higienico,Hoja Simple,4.0,100,,22.0,Confort Max HS 100 mts.x4
TC-467,Confort Papel Higienico Doble Hoja 4 Rollos 30 Metros,Confort,120,liquimax,https://www.liquimax.cl/products/papel-higienico-confort-doble-hoja-4-un-30-mt,Papel Higienico,Doble Hoja,4.0,30,,6.0,Confort DH 30 mts.x4
TC-468,Elite Papel Higienico Doble Hoja Ultra 4 Unidades 25 Metros,Elite,100,liquimax,https://www.liquimax.cl/products/papel-higienico-elite-doble-hoja-ultra-4-un-25-mt,Papel Higienico,Doble Hoja,4.0,25,,3.0,Elite Ultra DH 25 mts.x4
TC-469,Favorita Papel Higienico Sensacion Doble Hoja 6 Rollos 22 Metros,Favorita,132,liquimax,https://www.liquimax.cl/products/favorita-papel-higienico-sensacion-22mt-dh-x-6-rollos,Papel Higienico,Doble Hoja,6.0,22,,33.0,Favorita Sensación DH 22 mts.x6
TC-470,Favorita Papel Higienico Sensacion Doble Hoja 4 Rollos 22 Metros,Favorita,88,liquimax,https://www.liquimax.cl/products/favorita-papel-higienico-sensacion-22mt-dh-x-4-rollos,Papel Higienico,Doble Hoja,4.0,22,,7.0,Favorita Sensación DH 22 mts.x4
TC-471,Favorita Papel Higienico Softcare 4 Rollos 50 Metros,Favorita,200,liquimax,https://www.liquimax.cl/products/favorita-papel-higienico-softcare-50mts-4u,Papel Higienico,Doble Hoja,4.0,50,,4.0,Favorita Soft Care DH 50 mts.x4
TC-472,Confort Papel Higienico Doble Hoja 4 Rollos 22 Metros,Confort,88,liquimax,https://www.liquimax.cl/products/confort-papel-higienico-doble-hoja-4-und-x-22mt,Papel Higienico,Doble Hoja,4.0,22,,16.0,Confort DH 22 mts.x4
TC-473,Bless Papel Higienico Doble Hoja 4 Rollos 22 Metros,Bless,88,liquimax,https://www.liquimax.cl/products/bless-papel-higienico-dh-4-rollos-x-22-mts,Papel Higienico,Doble Hoja,4.0,22,,,Bless DH 22 mts.x4
TC-474,Favorita Papel Softcare 12 X 50 Metros,Favorita,600,liquimax,https://www.liquimax.cl/products/favorita-papel-softcare-12-x-50-metros,Papel Higienico,Doble Hoja,12.0,50,,13.0,Favorita Soft Care DH 50 mts.x12
TC-475,Bless Papel Higienico Industrial 250 Metros,Bless,250,liquimax,https://www.liquimax.cl/products/bless-papel-higienico-industrial-250-mts,Papel Higienico,Hoja Simple,1.0,250,,,Bless Industrial HS 250 mts.x1
TC-476,Noble Papel Higienico Doble Hoja 4 Rollos 23 Metros,Noble,92,liquimax,https://www.liquimax.cl/products/noble-papel-higienico-doble-hoja-23m-x-4,Papel Higienico,Doble Hoja,4.0,23,,9.0,Noble DH 23 mts.x4
TC-477,Toalla Favorita Hogar Mega 100 Metros,Favorita,100,liquimax,https://www.liquimax.cl/products/toalla-favorita-hogar-mega-100-metros,Toalla de Papel,Hoja Simple,1.0,100,,82.0,Favorita Hogar Mega DH 100 mts.x1
TC-478,Bless Toalla de Papel Doble Hoja XL 100 Metros,Bless,100,liquimax,https://www.liquimax.cl/products/bless-toallas-papel-doble-hoja-xl-x-100mts,Toalla de Papel,Doble Hoja,1.0,100,,,Bless Xl DH 100 mts.x1
TC-479,Nova Toalla de Papel Clasica 12 Metros Pack 3 Unidades,Nova,36,liquimax,https://www.liquimax.cl/products/nova-toalla-de-papel-clasica-12mts-x3,Toalla de Papel,Hoja Simple,3.0,12,,80.0,Nova Clásica DH 12 mts.x3
TC-480,Favorita Toalla de Papel Doble Hoja 22 Metros Pack 2 Unidades,Favorita,44,liquimax,https://www.liquimax.cl/products/favorita-toalla-papel-doble-hoja-22-mts-x2,Toalla de Papel,Doble Hoja,2.0,22,,94.0,Favorita Multiuso DH 22 mts.x2
TC-481,Nova Toalla de Papel Ultra 70 Metros,Nova,70,liquimax,https://www.liquimax.cl/products/toalla-de-papel-nova-ultra-70m,Toalla de Papel,Doble Hoja,1.0,70,,78.0,Nova Ultra Gigante DH 70 mts.x1
TC-482,Bless Toalla de Papel Pack 3 Unidades 12 Metros,Bless,36,liquimax,https://www.liquimax.cl/products/bless-toalla-de-papel-3-x-12-mts,Toalla de Papel,Hoja Simple,3.0,12,,,Bless HS 12 mts.x3
TC-483,Elite Deco Toalla de Papel Maxi Rollo 2 Unidades 20 Metros,Elite,40,liquimax,https://www.liquimax.cl/products/toalla-de-papel-elite-deco-maxi-rollo-2-un-20-mt,Toalla de Papel,Doble Hoja,2.0,20,,91.0,Elite Deco Maxi DH 20 mts.x2
TC-484,Bless Toalla de Papel Doble Hoja 80 Metros,Bless,80,liquimax,https://www.liquimax.cl/products/bless-toalla-de-papel-doble-hoja-80-mts,Toalla de Papel,Doble Hoja,1.0,80,,,Bless DH 80 mts.x1
TC-485,Favorita Toalla de Papel Extra Hogar 2 Unidades 60 Metros,Favorita,120,liquimax,https://www.liquimax.cl/products/favorita-toalla-papel-extra-hogar-60-mts-x-2,Toalla de Papel,Hoja Simple,2.0,60,,95.0,Favorita Extra Hogar HS 60 mts.x2
TC-486,Favorita Toalla de Papel Acolchada 2 Unidades 24 Metros,Favorita,48,liquimax,https://www.liquimax.cl/products/favorita-toalla-papel-acolchada-24-mts-x2,Toalla de Papel,Doble Hoja,2.0,24,,87.0,Favorita Estilo DH 24 mts.x2
TC-487,Abolengo Toalla de Papel 1 Unidad 100 Metros,Abolengo,100,liquimax,https://www.liquimax.cl/products/toalla-de-papel-abolengo-1-un-100-mt,Toalla de Papel,Hoja Simple,1.0,100,,79.0,Abolengo Xl DH 100 mts.x1
TC-488,Bless Cocktail 300 un,Bless,,liquimax,https://www.liquimax.cl/products/bless-servilletas-300-unidades,Servilletas,Cocktail,,,300.0,,Bless Cocktail x300
TC-489,Bless Cocktail 100 un,Bless,,liquimax,https://www.liquimax.cl/products/bless-servilletas-100-unidades,Servilletas,Cocktail,,,100.0,,Bless Cocktail x100
TC-490,Abolengo Cocktail 40 un,Abolengo,,liquimax,https://www.liquimax.cl/products/servilletas-abolengo-cocktail-40,Servilletas,Cocktail,,,40.0,59.0,Abolengo Cocktail x40
TC-491,Favorita Cocktail 200 un,Favorita,,liquimax,https://www.liquimax.cl/products/favorita-servilleta-coctel-200-un,Servilletas,Cocktail,,,200.0,220.0,Favorita Práctica Cocktail x200
TC-492,Elite Cocktail 200 un,Elite,,liquimax,https://www.liquimax.cl/products/servilletas-elite-cocktail-200-un,Servilletas,Cocktail,,,200.0,60.0,Elite Cocktail x200
TC-493,Nova Clasica Cocktail 300 un,Nova,,liquimax,https://www.liquimax.cl/products/servilletas-nova-clasica-cocktail-300-un,Servilletas,Cocktail,,,300.0,58.0,Nova Clásica Cocktail x300
TC-494,Nova Clasica Cocktail 50 un,Nova,,liquimax,https://www.liquimax.cl/products/servilletas-nova-clasica-cocktail-50-un,Servilletas,Cocktail,,,50.0,64.0,Nova Clásica Cocktail x50
TC-495,HIGIENICO NOBLE DH 50MTS X4 X8,Noble,200,imanweb,https://www.imanweb.cl/producto/higienico-noble-dh-50mts-x4-x8/,Papel Higienico,Doble Hoja,4.0,50,8.0,40.0,Noble DH 50 mts.x4
TC-496,PAPEL HIGIENICO DOBLE HOJA 23 M 4R,Noble,92,dimak,https://www.dimakonline.cl/papel-higi-nico-doble-hoja-23-m-4r/p,Papel Higienico,Doble Hoja,4.0,23,10.0,9.0,Noble DH 23 mts.x4
TC-497,HIGIENICO SWAN DH 20MTS X6 (48 ROLLOS),Swan,120,imanweb,https://www.imanweb.cl/producto/hig-swan-dh-20mt-x6/,Papel Higienico,Doble Hoja,6.0,20,8.0,57.0,Swan Rendidor DH 20 mts.x6
TC-498,HIG. ELITE DOBLE HOJA 50MT X4 (32 ROLLOS),Elite,200,imanweb,https://www.imanweb.cl/producto/hig-elite-doble-hoja-50mt-x4/,Papel Higienico,Doble Hoja,4.0,50,8.0,1.0,Elite Ultra DH 50 mts.x4
TC-499,P. TOALLA ABOLENGO XL 100 MT X6,Abolengo,100,imanweb,https://www.imanweb.cl/producto/p-toalla-abolengo-xl-100-mt-x6/,Toalla de Papel,Hoja Simple,1.0,100,6.0,79.0,Abolengo Xl DH 100 mts.x1
TC-500,TOALLA OVELLA XL DOBLE HOJA X6,Ovella,80,imanweb,https://www.imanweb.cl/producto/t-ovella-xl-doble-hoja-x6/,Toalla de Papel,Doble Hoja,1.0,80,6.0,92.0,Ovella Xl DH 80 mts.x1
TC-501,PH CONFORT RENDIPLUS 20MTS X6 PANAL,Confort,120,imanweb,https://www.imanweb.cl/producto/ph-confort-rendiplus-20mtsx6-panal/,Papel Higienico,Doble Hoja,6.0,20,8.0,28.0,Confort Rendiplus DH 20 mts.x6
TC-502,TOALLA OVELLA DH 24MTS (8 PQT DE 2),Ovella,48,imanweb,https://www.imanweb.cl/producto/toalla-ovella-dh-24mtsx2/,Toalla de Papel,Doble Hoja,2.0,24,8.0,,Ovella DH 24 mts.x2
TC-503,P.HIG OVELLA DH 22MTS X6 (48 ROLLOS),Ovella,132,imanweb,https://www.imanweb.cl/producto/p-hig-ovella-dh-22mtsx6/,Papel Higienico,Doble Hoja,6.0,22,8.0,,Ovella DH 22 mts.x6
TC-504,P.HIG OVELLA DH 50MTS X4 (32 ROLLOS),Ovella,200,imanweb,https://www.imanweb.cl/producto/p-hig-ovella-dh-50mtsx4/,Papel Higienico,Doble Hoja,4.0,50,8.0,49.0,Ovella DH 50 mts.x4
TC-505,HIG. CONFORT PANAL DH 40MT X8 (32 ROLLOS),Confort,320,imanweb,https://www.imanweb.cl/producto/hig-confort-panal-dh-40mt-x8/,Papel Higienico,Doble Hoja,8.0,40,4.0,10.0,Confort Súper DH 40 mts.x8
TC-506,PANAL CONFORT 50 MTS X4 (32 ROLLOS),Confort,200,imanweb,https://www.imanweb.cl/producto/panal-confort-50-mts-x4-32-rollos/,Papel Higienico,Doble Hoja,4.0,50,8.0,201.0,Confort DH 50 mts.x4
TC-507,HIGIENICO SWAN PREMIUM DH 50MT X4 (32 ROLLOS),Swan,200,imanweb,https://www.imanweb.cl/producto/hig-swan-dh-50mt-x4/,Papel Higienico,Doble Hoja,4.0,50,8.0,212.0,Swan Mi Hogar DH 50 mts.x4
TC-508,HIG. TORK DH 50MT X4,Tork,200,imanweb,https://www.imanweb.cl/producto/hig-tork-dh-50mt-x4/,Papel Higienico,Doble Hoja,4.0,50,8.0,,Tork DH 50 mts.x4
TC-509,HIG. ELITE INDUST CLASIC 500MT X4,Elite,2000,imanweb,https://www.imanweb.cl/producto/hig-elite-indust-clasic-500mt-x4/,Papel Higienico,Hoja Simple,4.0,500,,202.0,Elite Professional HS 500 mts.x4
TC-510,P. TOALLA RENDIPEL MAX HS 250MT X2,Rendipel,500,imanweb,https://www.imanweb.cl/producto/p-toalla-rendipel-max-hs-250mt-x2/,Toalla de Papel,Hoja Simple,2.0,250,,,Rendipel Max HS 250 mts.x2
TC-511,P. TOALLA ELITE DECO MAXI ROLLO 20MT X2,Elite,40,imanweb,https://www.imanweb.cl/producto/p-toalla-elite-deco-maxi-rollo-x20/,Toalla de Papel,Doble Hoja,2.0,20,10.0,91.0,Elite Deco Maxi DH 20 mts.x2
TC-512,P. TOALLA SWAN DH 12MT X3,Swan,36,imanweb,https://www.imanweb.cl/producto/p-toalla-swan-dh-12mt-x3/,Toalla de Papel,Doble Hoja,3.0,12,8.0,211.0,Swan Mi Hogar Clásica DH 12 mts.x3
TC-513,SERV. GIULIETTA ROJA COCKTAIL 300 un (caja x12),Giulietta,12,imanweb,https://www.imanweb.cl/producto/serv-giulietta-roja-300-x12/,Servilletas,Cocktail,,,300.0,,Giulietta Roja Cocktail x300
TC-514,HIG. PILUCHO HOJA SIMPLE 50MT X48 ROLLOS,Pilucho,50,imanweb,https://www.imanweb.cl/producto/hig-pilucho-h-simple-50mt-x48/,Papel Higienico,Hoja Simple,1.0,50,48.0,,Pilucho HS 50 mts.x1
TC-515,P.HIG OVELLA DH 22MTS X4 (Manga 12),Ovella,88,imanweb,https://www.imanweb.cl/producto/p-hig-ovella-dh-22mtsx4/,Papel Higienico,Doble Hoja,4.0,22,12.0,48.0,Ovella DH 22 mts.x4
TC-516,PH SWAN RENDIDOR DH 50M X4 (Manga 8),Swan,200,imanweb,https://www.imanweb.cl/producto/ph-swan-rendidor-dh-50m-x48/,Papel Higienico,Doble Hoja,4.0,50,8.0,15.0,Swan Mi Hogar DH 50 mts.x4
TC-517,HIG. CONFORT PANAL DH 30MT X4 (48 ROLLOS),Confort,120,imanweb,https://www.imanweb.cl/producto/hig-confort-panal-dh-30mt-x4/,Papel Higienico,Doble Hoja,4.0,30,12.0,6.0,Confort DH 30 mts.x4
TC-518,HIG. RENDIPEL PRO 300MT X6,Rendipel,1800,imanweb,https://www.imanweb.cl/producto/hig-rendipel-pro-300mt-x6/,Papel Higienico,Hoja Simple,6.0,300,,207.0,Rendipel Pro HS 300 mts.x6
TC-519,SERV. SWAN COCKTAIL 300 un (caja x12),Swan,12,imanweb,https://www.imanweb.cl/producto/serv-swan-300-x12/,Servilletas,Cocktail,,,300.0,213.0,Swan Clásica Cocktail x300
TC-520,HIG. RENDIPEL MAX HS 500MT X4,Rendipel,2000,imanweb,https://www.imanweb.cl/producto/hig-rendipel-max-hs-500mt-x4/,Papel Higienico,Hoja Simple,4.0,500,,,Rendipel Max HS 500 mts.x4
TC-521,SERV. OVELLA COCTEL 300 un (caja x12),Ovella,12,imanweb,https://www.imanweb.cl/producto/serv-ovella-coctel-300unx12/,Servilletas,Cocktail,,,300.0,77.0,Ovella Clásica Cocktail x300
TC-522,P. TOALLA TORK JUMBO HS 250MT X2,Tork,500,imanweb,https://www.imanweb.cl/producto/p-toalla-tork-jumbo-hs-250mt-x2/,Toalla de Papel,Hoja Simple,2.0,250,,,Tork Jumbo HS 250 mts.x2
TC-523,HIG. INDUSTRIAL 300MT X6,Generico,1800,imanweb,https://www.imanweb.cl/producto/hig-industrial-300mt-x6/,Papel Higienico,Hoja Simple,6.0,300,,,Generico Industrial HS 300 mts.x6
TC-524,P. TOALLA ELITE EXCELLENCE DH 24MT X2,Elite,48,imanweb,https://www.imanweb.cl/producto/p-toalla-elite-excellence-dh-24mt-x2/,Toalla de Papel,Doble Hoja,2.0,24,8.0,,Elite Excellence DH 24 mts.x2
TC-525,P. TOALLA ECO INDUSTRIAL 150 MTS X4,Generico,600,imanweb,https://www.imanweb.cl/producto/p-toalla-eco-industrial-x4/,Toalla de Papel,Hoja Simple,4.0,150,,,Generico Eco Industrial HS 150 mts.x4
TC-526,PT SWAN CLASICA NARANJA DH 70M X6,Swan,70,imanweb,https://www.imanweb.cl/producto/pt-swan-clasica-naranja-dh-70m-x6/,Toalla de Papel,Doble Hoja,1.0,70,6.0,210.0,Swan Ultra DH 70 mts.x1
TC-527,P.HIG OVELLA DH 30MTS X4 (40 ROLLOS),Ovella,120,imanweb,https://www.imanweb.cl/producto/p-hig-ovella-dh-30mtsx4-40-rollos/,Papel Higienico,Doble Hoja,4.0,30,10.0,217.0,Ovella DH 30 mts.x4
TC-528,HIG. CONFORT FAJILLA HS 50MT X48 ROLLOS,Confort,600,imanweb,https://www.imanweb.cl/producto/hig-confort-fajilla-hs-50mt-x48-2/,Papel Higienico,Hoja Simple,12.0,50,4.0,21.0,Confort HS 50 mts.x12
TC-529,TOALLA MAXI TODAY HS 100 MTS X6,Today,100,imanweb,https://www.imanweb.cl/producto/toalla-maxi-today-x6/,Toalla de Papel,Hoja Simple,1.0,100,6.0,,Today Maxi HS 100 mts.x1
TC-530,TOALLA 190 MTS X2 TODAY,Today,380,imanweb,https://www.imanweb.cl/producto/toalla-190mts-x2-today/,Toalla de Papel,Hoja Simple,2.0,190,,,Today HS 190 mts.x2
TC-531,PT SWAN CLASICA DH 40 MTS X12,Swan,40,imanweb,https://www.imanweb.cl/producto/pt-swan-clasica-dh-40-mts-x12/,Toalla de Papel,Doble Hoja,1.0,40,12.0,93.0,Swan Clásica DH 40 mts.x1
TC-532,TOALLA OVELLA DH 11MTS X3 (Manga 8),Ovella,33,imanweb,https://www.imanweb.cl/producto/toalla-ovella-dh-11mtsx3/,Toalla de Papel,Doble Hoja,3.0,11,8.0,,Ovella DH 11 mts.x3
TC-533,PT SWAN PROFESIONAL SMART DH 24M X2 (Manga 8),Swan,48,imanweb,https://www.imanweb.cl/producto/pt-swan-profesional-smart-dh-24m-x2-8/,Papel Higienico,Doble Hoja,2.0,24,8.0,,Swan Profesional Smart DH 24 mts.x2
TC-534,P. TOALLA GIULIETTA HS 90MT X6,Giulietta,90,imanweb,https://www.imanweb.cl/producto/p-toalla-giulietta-90mt-x6/,Toalla de Papel,Hoja Simple,1.0,90,6.0,,Giulietta HS 90 mts.x1
TC-535,TORK TOALLA COCINA DH 50MT X2 X6,Tork,100,imanweb,https://www.imanweb.cl/producto/tork-toalla-cocina-50mt-x2-x6-dh/,Toalla de Papel,Doble Hoja,2.0,50,6.0,,Tork Cocina DH 50 mts.x2
TC-536,P. TOALLA GIULIETTA DH 76 MTS X6,Giulietta,76,imanweb,https://www.imanweb.cl/producto/p-toalla-giulietta-dh-76-mts-x6/,Toalla de Papel,Doble Hoja,1.0,76,6.0,,Giulietta DH 76 mts.x1
TC-537,TOALLA OVELLA DH 100 MTS X6,Ovella,100,imanweb,https://www.imanweb.cl/producto/toalla-ovella-dh-100mtsx6/,Toalla de Papel,Doble Hoja,1.0,100,6.0,218.0,Ovella DH 100 mts.x1
TC-538,TOALLA OVELLA DH 70 MTS X8,Ovella,70,imanweb,https://www.imanweb.cl/producto/toalla-ovella-dh-70mtsx8/,Toalla de Papel,Doble Hoja,1.0,70,8.0,,Ovella DH 70 mts.x1
TC-539,P. TOALLA 135 MT X2 UH,Generico,270,imanweb,https://www.imanweb.cl/producto/p-toalla-135mt-x2-uh/,Toalla de Papel,Hoja Simple,2.0,135,,,Generico HS 135 mts.x2
TC-540,P. TOALLA NOVA CLASICA X3 (8 PQT),Nova,36,imanweb,https://www.imanweb.cl/producto/p-toalla-nova-clasica-x3/,Toalla de Papel,Hoja Simple,3.0,12,8.0,80.0,Nova Clásica DH 12 mts.x3
TC-541,P. TOALLA TORK COCINA DH 24MT X2 (8 PAQ),Tork,48,imanweb,https://www.imanweb.cl/producto/p-toalla-tork-24mt-x2-rollos-8-paq/,Toalla de Papel,Doble Hoja,2.0,24,8.0,,Tork Cocina DH 24 mts.x2
TC-542,TOALLA OVELLA HOJA SIMPLE 100 MTS X6,Ovella,100,imanweb,https://www.imanweb.cl/producto/toalla-ovella-hoja-simple-100mtsx6/,Toalla de Papel,Hoja Simple,1.0,100,6.0,219.0,Ovella Gigante HS 100 mts.x1
TC-543,P. TOALLA MINI ABOLENGO X3 (8 PQT),Abolengo,37.5,imanweb,https://www.imanweb.cl/producto/p-toalla-mini-abolengo-x-3/,Toalla de Papel,Hoja Simple,3.0,12.5,8.0,86.0,Abolengo Mini DH 10 mts.x3
TC-544,P. TOALLA NOVA ULTRA GIGANTE DH 70MT X8,Nova,70,imanweb,https://www.imanweb.cl/producto/p-toalla-nova-ultra-gigante-70mt8/,Toalla de Papel,Doble Hoja,1.0,70,8.0,78.0,Nova Ultra Gigante DH 70 mts.x1
TC-545,P. TOALLA RENDIPEL PRO HS 190 MT X2,Rendipel,380,imanweb,https://www.imanweb.cl/producto/p-toalla-rendipel-pro-190-mt-x2/,Toalla de Papel,Hoja Simple,2.0,190,,206.0,Rendipel Pro HS 190 mts.x2
TC-546,P. TOALLA SWAN DH 70 MTS X8,Swan,70,imanweb,https://www.imanweb.cl/producto/p-toalla-swan-dh-70-mts-x8/,Toalla de Papel,Doble Hoja,1.0,70,8.0,210.0,Swan Ultra DH 70 mts.x1
TC-547,P. TOALLA NOVA EXTRA DISENO DH X3 (8 PQT),Nova,36,imanweb,https://www.imanweb.cl/producto/p-toalla-nova-extra-diseno-x3/,Toalla de Papel,Doble Hoja,3.0,12,8.0,,Nova Extra Diseno DH 12 mts.x3
TC-548,P. TOALLA SWAN BLANCA DH 45MT X12,Swan,45,imanweb,https://www.imanweb.cl/producto/p-toalla-swan-blanca-absorb-dh-45mt-x1/,Toalla de Papel,Doble Hoja,1.0,45,12.0,111.0,Swan Clásica DH 45 mts.x1
TC-549,TOALLA AFFECTO HS 50MT X4,Affecto,200,imanweb,https://www.imanweb.cl/producto/toalla-affecto-x4-unid/,Toalla de Papel,Hoja Simple,4.0,50,,,Affecto HS 50 mts.x4
TC-551,TOALLA AFFECTO HS 250 MT X2,Affecto,500,imanweb,https://www.imanweb.cl/producto/toalla-affecto-250x2/,Toalla de Papel,Hoja Simple,2.0,250,,,Affecto HS 250 mts.x2
TC-553,TOALLA AFFECTO CLASICA HS 190 MT X2,Affecto,380,imanweb,https://www.imanweb.cl/producto/toalla-affecto-190x2/,Toalla de Papel,Hoja Simple,2.0,190,,200.0,Affecto Clasica HS 190 mts.x2
TC-554,TOALLA AFFECTO HS 190 MT X2,Affecto,380,imanweb,https://www.imanweb.cl/producto/toalla-affecto-hs-190mt-x2/,Toalla de Papel,Hoja Simple,2.0,190,,200.0,Affecto Clasica HS 190 mts.x2
TC-555,TO. ELITE P CLASSIC UH 250 MT X2,Elite,500,imanweb,https://www.imanweb.cl/producto/to-elite-p-classic-uh-250mtx2/,Toalla de Papel,Hoja Simple,2.0,250,,205.0,Elite Pro HS 250 mts.x2
TC-556,P. TOALLA GIULIETTA EXPRESS HS 60 MT X6,Giulietta,60,imanweb,https://www.imanweb.cl/producto/p-toalla-giulietta-express-60-mt-x6/,Toalla de Papel,Hoja Simple,1.0,60,6.0,,Giulietta Express HS 60 mts.x1
TC-557,SERV. ABOLENGO COCTEL 40 un (caja x80),Abolengo,80,imanweb,https://www.imanweb.cl/producto/serv-abolengo-coctel-40und-x80/,Servilletas,Cocktail,,,40.0,59.0,Abolengo Cocktail x40
TC-558,SERV. TODAY COCKTAIL 300 un (caja x10),Today,10,imanweb,https://www.imanweb.cl/producto/serv-today-300-x10/,Servilletas,Cocktail,,,300.0,,Today Cocktail x300
TC-559,SERV. DON AURELIO COCKTAIL 300 un (caja x10),Don Aurelio,10,imanweb,https://www.imanweb.cl/producto/servilleta-don-aurelio-300hjsx10/,Servilletas,Cocktail,,,300.0,,Don Aurelio Cocktail x300
TC-560,SERV. GIULIETTA COCTEL 40 un (caja x60),Giulietta,60,imanweb,https://www.imanweb.cl/producto/serv-giulietta-coctel-40-und-x60/,Servilletas,Cocktail,,,40.0,,Giulietta Cocktail x40
TC-561,SERV. TORK MESA 200 un (caja x12),Tork,12,imanweb,https://www.imanweb.cl/producto/serv-tork-mesa-200-x12/,Servilletas,Mesa,,,200.0,,Tork Mesa x200
TC-562,SERV. TORK COCTEL 200 un (caja x24),Tork,24,imanweb,https://www.imanweb.cl/producto/serv-tork-coctel-200-und-x24/,Servilletas,Cocktail,,,200.0,,Tork Cocktail x200
TC-563,SERV. GIULIETTA MESA 240 un (caja x10),Giulietta,10,imanweb,https://www.imanweb.cl/producto/serv-giulietta-mesa-240-und-x10/,Servilletas,Mesa,,,240.0,,Giulietta Mesa x240
TC-564,SERV. LOW COCKTAIL 270 un (caja x10),Low,10,imanweb,https://www.imanweb.cl/producto/serv-low-270un-23x22cm-x10un/,Servilletas,Cocktail,,,270.0,,Low Cocktail x270
TC-566,SERV. TORK XPRESSNAP FIT 240 un (caja x18),Tork,18,imanweb,https://www.imanweb.cl/producto/serv-tork-xpressnap-fit-240-und-x18/,Servilletas,Dispensador,,,240.0,,Tork Xpressnap Fit Dispensador x240
TC-567,P. TOALLA INTERFOLIADA ELITE 200 hjs (caja x18),Elite,18,imanweb,https://www.imanweb.cl/producto/toalla-interf-elite-200hjsx18/,Servilletas,Dispensador,,,200.0,,Elite Interfoliada Dispensador x200
TC-568,Prueba agregar,Elite,,jumbo,https://www.jumbo.cl/palta-hass-jumbo-granel/p,Palta,Cuatruple hoja,1.0,9,,,Paltini 

# Columnas: sku_interno,producto,marca,metros_totales,retailer,url,categoria,
# subcategoria,rollos,metros_rollo,unidades
#
# categoria/subcategoria deben coincidir EXACTO (mismo texto) con las de
# ovella.csv para que el dashboard agrupe bien — ej. "Papel Higienico"/
# "Doble Hoja" o "Toalla de Papel"/"Hoja Simple".
#
# PAPEL HIGIENICO y TOALLA: llenar metros_totales, rollos (cuántos rollos trae
# el pack) y metros_rollo (metros de cada rollo; metros_totales = rollos x
# metros_rollo). Se comparan en $/metro. El "segmento competitivo" es
# subcategoria + tamaño de pack + metros por rollo. El metraje no necesita ser
# exacto contra Ovella, se agrupa dentro de +-15%.
#
# SERVILLETAS: dejar metros_totales/rollos/metros_rollo vacíos y llenar
# unidades (cantidad de servilletas del pack). subcategoria = "Cocktail",
# "Mesa" o "Dispensador" (institucional, interfoliada — arma su propio
# segmento aparte). Se comparan en $/unidad; el segmento es el rango de
# unidades (Cocktail y Mesa se mezclan; Dispensador va separado).
# Si es una CAJA mayorista (ej. "300 un x12"): unidades = las del pack (300)
# y metros_totales = cuántos packs trae la caja (12). La app calcula el
# $/unidad sobre el precio de un pack (precio_caja / 12 / 300) y segmenta por
# el conteo del pack, no por el de la caja.
#
# FORMATO MAYORISTA POR MANGA/CAJA (ej. Central Mayorista publica el precio de
# 12 packs juntos): llenar rollos/metros_rollo/metros_totales con los datos de
# UN pack suelto y poner en 'unidades' cuántos packs trae la manga (ej. 12 para
# "MANGAx12"). La app calcula Precio pack = precio / 12 y con eso el $/metro
# así compite parejo contra un pack suelto de otro súper.
#
# grupo_id / nombre_estandar (opcionales): identifican el MISMO producto
# entre retailers para comparar precio en Excel (columna "Producto estándar"
# del CSV descargable). Se cargaron una vez cruzando este archivo contra
# SKU_Retailers_Cruzados_final.xlsx (cruce manual por URL). Para un SKU
# nuevo: dejarlos vacíos (cae al nombre genérico marca+formato) o, si sabés
# que es el mismo producto que otro SKU ya cruzado, copiarle su grupo_id y
# nombre_estandar tal cual.

